census_id,name,address,city,county,cad_account,units,year_built,sponsor,private_partner_owner,species,statute,tier,traveling,in_target_set,appraised_value,exemption_status,first_exempt_year,kill_regime,kill_date,captured_9_1_2025,recent_capital_event,litigation,confidence,gaps_n,kill_basis
TX-NEW-BEXAR-1,Residences at Medical,"2502 Babcock Rd, San Antonio, TX 78240",San Antonio,Bexar,487392,276,1982,Cameron County Housing Finance Corporation,GVA,HFC,Ch.394,1,yes,True,23500000.0,,2026,HB21 §13(i),2027-01-01,True,,"Bexar Appraisal District v. [sponsor HFC] -- Chief Appraiser Rogelio Sandoval suit seeking to return ~27 Bexar apartment complexes (~$26M+ in exempted value) to the tax rolls (News4SanAntonio, 'Legal battle over ""traveling housing agencies"" and property taxes', accessed 2026-07-11); sponsor is named in press coverage of this suit. Specific complex-level plaintiff exhibit list not published in free sources -- this property is flagged as a likely/possible member of that 27-complex set, not confirmed by name.",single-source,1,"HB21 §13(i): HFC-owned multifamily property outside the sponsor's home jurisdiction on 9/1/2025 loses its ad valorem exemption effective 1/1/2027, absent a qualifying host-jurisdiction resolution. §13(e) triggers an earlier loss of exemption on any sale, refinancing, or majority-ownership transfer of the property/SPE after enactment -- see kill_analysis.recent_capital_event for any such event on record in the seed."
TX-61-1675,Willow Bend,"8330 Potranco Rd, San Antonio, TX 78251",San Antonio,Bexar,"1129457, 1039279",250,2005,Cameron County Housing Finance Corporation,Post Investment Group,HFC,Ch.394,1,yes,True,9200000.0,,2024,HB21 §13(i),2027-01-01,True,2023-03-29,"Bexar Appraisal District v. [sponsor HFC] -- Chief Appraiser Rogelio Sandoval suit seeking to return ~27 Bexar apartment complexes (~$26M+ in exempted value) to the tax rolls (News4SanAntonio, 'Legal battle over ""traveling housing agencies"" and property taxes', accessed 2026-07-11); sponsor is named in press coverage of this suit. Specific complex-level plaintiff exhibit list not published in free sources -- this property is flagged as a likely/possible member of that 27-complex set, not confirmed by name.",single-source,1,"HB21 §13(i): HFC-owned multifamily property outside the sponsor's home jurisdiction on 9/1/2025 loses its ad valorem exemption effective 1/1/2027, absent a qualifying host-jurisdiction resolution. §13(e) triggers an earlier loss of exemption on any sale, refinancing, or majority-ownership transfer of the property/SPE after enactment -- see kill_analysis.recent_capital_event for any such event on record in the seed."
TX-61-1707,Dalian 151,"10018 Ingram Rd, San Antonio, TX 78245",San Antonio,Bexar,1248651,360,2018,Cameron County Housing Finance Corporation,Dalian Development,HFC,Ch.394,1,yes,True,54500000.0,,2025,HB21 §13(i),2027-01-01,True,,"Bexar Appraisal District v. [sponsor HFC] -- Chief Appraiser Rogelio Sandoval suit seeking to return ~27 Bexar apartment complexes (~$26M+ in exempted value) to the tax rolls (News4SanAntonio, 'Legal battle over ""traveling housing agencies"" and property taxes', accessed 2026-07-11); sponsor is named in press coverage of this suit. Specific complex-level plaintiff exhibit list not published in free sources -- this property is flagged as a likely/possible member of that 27-complex set, not confirmed by name.",single-source,1,"HB21 §13(i): HFC-owned multifamily property outside the sponsor's home jurisdiction on 9/1/2025 loses its ad valorem exemption effective 1/1/2027, absent a qualifying host-jurisdiction resolution. §13(e) triggers an earlier loss of exemption on any sale, refinancing, or majority-ownership transfer of the property/SPE after enactment -- see kill_analysis.recent_capital_event for any such event on record in the seed."
TX-61-614,Solara,"11710 Parliament St, San Antonio, TX 78213",San Antonio,Bexar,609239,285,1984,Cameron County Housing Finance Corporation,LoanCore Capital,HFC,Ch.394,1,yes,True,26000000.0,,2025,HB21 §13(i),2027-01-01,True,2024-12-24,"Bexar Appraisal District v. [sponsor HFC] -- Chief Appraiser Rogelio Sandoval suit seeking to return ~27 Bexar apartment complexes (~$26M+ in exempted value) to the tax rolls (News4SanAntonio, 'Legal battle over ""traveling housing agencies"" and property taxes', accessed 2026-07-11); sponsor is named in press coverage of this suit. Specific complex-level plaintiff exhibit list not published in free sources -- this property is flagged as a likely/possible member of that 27-complex set, not confirmed by name.",cross-validated,0,"HB21 §13(i): HFC-owned multifamily property outside the sponsor's home jurisdiction on 9/1/2025 loses its ad valorem exemption effective 1/1/2027, absent a qualifying host-jurisdiction resolution. §13(e) triggers an earlier loss of exemption on any sale, refinancing, or majority-ownership transfer of the property/SPE after enactment -- see kill_analysis.recent_capital_event for any such event on record in the seed."
TX-NEW-BEXAR-2,Highland Ridge,"1700 Jackson Keller Rd, San Antonio, TX 78213",San Antonio,Bexar,489629,736,1985,Cameron County Housing Finance Corporation,Kairoi Residential,HFC,Ch.394,1,yes,True,42500000.0,,2026,HB21 §13(i),2027-01-01,True,,"Bexar Appraisal District v. [sponsor HFC] -- Chief Appraiser Rogelio Sandoval suit seeking to return ~27 Bexar apartment complexes (~$26M+ in exempted value) to the tax rolls (News4SanAntonio, 'Legal battle over ""traveling housing agencies"" and property taxes', accessed 2026-07-11); sponsor is named in press coverage of this suit. Specific complex-level plaintiff exhibit list not published in free sources -- this property is flagged as a likely/possible member of that 27-complex set, not confirmed by name.",single-source,1,"HB21 §13(i): HFC-owned multifamily property outside the sponsor's home jurisdiction on 9/1/2025 loses its ad valorem exemption effective 1/1/2027, absent a qualifying host-jurisdiction resolution. §13(e) triggers an earlier loss of exemption on any sale, refinancing, or majority-ownership transfer of the property/SPE after enactment -- see kill_analysis.recent_capital_event for any such event on record in the seed."
TX-NEW-BEXAR-3,Dalian Monterrey Village,"10102 Ingram Rd, San Antonio, TX 78245",San Antonio,Bexar,1207284,360,2014,Cameron County Housing Finance Corporation,Dalian Development,HFC,Ch.394,1,yes,True,51500000.0,,2025,HB21 §13(i),2027-01-01,True,,"Bexar Appraisal District v. [sponsor HFC] -- Chief Appraiser Rogelio Sandoval suit seeking to return ~27 Bexar apartment complexes (~$26M+ in exempted value) to the tax rolls (News4SanAntonio, 'Legal battle over ""traveling housing agencies"" and property taxes', accessed 2026-07-11); sponsor is named in press coverage of this suit. Specific complex-level plaintiff exhibit list not published in free sources -- this property is flagged as a likely/possible member of that 27-complex set, not confirmed by name.",single-source,1,"HB21 §13(i): HFC-owned multifamily property outside the sponsor's home jurisdiction on 9/1/2025 loses its ad valorem exemption effective 1/1/2027, absent a qualifying host-jurisdiction resolution. §13(e) triggers an earlier loss of exemption on any sale, refinancing, or majority-ownership transfer of the property/SPE after enactment -- see kill_analysis.recent_capital_event for any such event on record in the seed."
TX-61-1237,Maxwell Townhomes,"11146 Vance Jackson Rd, San Antonio, TX 78230",San Antonio,Bexar,641263,314,1982,Edcouch Community Housing Finance Corporation,,HFC,Ch.394,1,yes,True,40500000.0,,,HB21 §13(i),2027-01-01,True,,"Bexar Appraisal District v. [sponsor HFC] -- Chief Appraiser Rogelio Sandoval suit seeking to return ~27 Bexar apartment complexes (~$26M+ in exempted value) to the tax rolls (News4SanAntonio, 'Legal battle over ""traveling housing agencies"" and property taxes', accessed 2026-07-11); sponsor is named in press coverage of this suit. Specific complex-level plaintiff exhibit list not published in free sources -- this property is flagged as a likely/possible member of that 27-complex set, not confirmed by name.",single-source,2,"HB21 §13(i): HFC-owned multifamily property outside the sponsor's home jurisdiction on 9/1/2025 loses its ad valorem exemption effective 1/1/2027, absent a qualifying host-jurisdiction resolution. §13(e) triggers an earlier loss of exemption on any sale, refinancing, or majority-ownership transfer of the property/SPE after enactment -- see kill_analysis.recent_capital_event for any such event on record in the seed."
TX-61-1653,Tara,"Broadway St, San Antonio, TX 78209",San Antonio,Bexar,1446279,234,1965,Edcouch Community Housing Finance Corporation,,HFC,Ch.394,1,yes,True,9012040.0,,,HB21 §13(i),2027-01-01,True,,"Bexar Appraisal District v. [sponsor HFC] -- Chief Appraiser Rogelio Sandoval suit seeking to return ~27 Bexar apartment complexes (~$26M+ in exempted value) to the tax rolls (News4SanAntonio, 'Legal battle over ""traveling housing agencies"" and property taxes', accessed 2026-07-11); sponsor is named in press coverage of this suit. Specific complex-level plaintiff exhibit list not published in free sources -- this property is flagged as a likely/possible member of that 27-complex set, not confirmed by name.",single-source,2,"HB21 §13(i): HFC-owned multifamily property outside the sponsor's home jurisdiction on 9/1/2025 loses its ad valorem exemption effective 1/1/2027, absent a qualifying host-jurisdiction resolution. §13(e) triggers an earlier loss of exemption on any sale, refinancing, or majority-ownership transfer of the property/SPE after enactment -- see kill_analysis.recent_capital_event for any such event on record in the seed."
TX-61-1757,Acadia on the Lake,"4031 Thousand Oaks Dr, San Antonio, TX 78217",San Antonio,Bexar,642630,304,1982,Edcouch Community Housing Finance Corporation,,HFC,Ch.394,1,yes,True,,,,HB21 §13(i),2027-01-01,True,,"Bexar Appraisal District v. [sponsor HFC] -- Chief Appraiser Rogelio Sandoval suit seeking to return ~27 Bexar apartment complexes (~$26M+ in exempted value) to the tax rolls (News4SanAntonio, 'Legal battle over ""traveling housing agencies"" and property taxes', accessed 2026-07-11); sponsor is named in press coverage of this suit. Specific complex-level plaintiff exhibit list not published in free sources -- this property is flagged as a likely/possible member of that 27-complex set, not confirmed by name.",single-source,2,"HB21 §13(i): HFC-owned multifamily property outside the sponsor's home jurisdiction on 9/1/2025 loses its ad valorem exemption effective 1/1/2027, absent a qualifying host-jurisdiction resolution. §13(e) triggers an earlier loss of exemption on any sale, refinancing, or majority-ownership transfer of the property/SPE after enactment -- see kill_analysis.recent_capital_event for any such event on record in the seed."
TX-61-250,Elevate at Huebner Grove,"11500 Huebner Rd, San Antonio, TX 78230",San Antonio,Bexar,565843,210,1981,La Villa Housing Finance Corporation,,HFC,Ch.394,1,yes,True,17000000.0,,2026,HB21 §13(i),2027-01-01,True,,"Bexar Appraisal District v. [sponsor HFC] -- Chief Appraiser Rogelio Sandoval suit seeking to return ~27 Bexar apartment complexes (~$26M+ in exempted value) to the tax rolls (News4SanAntonio, 'Legal battle over ""traveling housing agencies"" and property taxes', accessed 2026-07-11); sponsor is named in press coverage of this suit. Specific complex-level plaintiff exhibit list not published in free sources -- this property is flagged as a likely/possible member of that 27-complex set, not confirmed by name.",single-source,1,"HB21 §13(i): HFC-owned multifamily property outside the sponsor's home jurisdiction on 9/1/2025 loses its ad valorem exemption effective 1/1/2027, absent a qualifying host-jurisdiction resolution. §13(e) triggers an earlier loss of exemption on any sale, refinancing, or majority-ownership transfer of the property/SPE after enactment -- see kill_analysis.recent_capital_event for any such event on record in the seed."
TX-NEW-BEXAR-4,5 Fifty,"550 Heimer Rd, San Antonio, TX 78232",San Antonio,Bexar,646352,204,1984,La Villa Housing Finance Corporation,,HFC,Ch.394,1,yes,True,18500000.0,,2026,HB21 §13(i),2027-01-01,True,,"Bexar Appraisal District v. [sponsor HFC] -- Chief Appraiser Rogelio Sandoval suit seeking to return ~27 Bexar apartment complexes (~$26M+ in exempted value) to the tax rolls (News4SanAntonio, 'Legal battle over ""traveling housing agencies"" and property taxes', accessed 2026-07-11); sponsor is named in press coverage of this suit. Specific complex-level plaintiff exhibit list not published in free sources -- this property is flagged as a likely/possible member of that 27-complex set, not confirmed by name.",single-source,1,"HB21 §13(i): HFC-owned multifamily property outside the sponsor's home jurisdiction on 9/1/2025 loses its ad valorem exemption effective 1/1/2027, absent a qualifying host-jurisdiction resolution. §13(e) triggers an earlier loss of exemption on any sale, refinancing, or majority-ownership transfer of the property/SPE after enactment -- see kill_analysis.recent_capital_event for any such event on record in the seed."
TX-61-2718,Sterling at Oak Hills,"7714 Louis Pasteur Dr, San Antonio, TX 78229",San Antonio,Bexar,1254484,330,2017,Maverick County Housing Finance Corporation,AHV Communities,HFC,Ch.394,1,yes,True,57000000.0,,2025,HB21 §13(i),2027-01-01,True,,"Bexar Appraisal District v. [sponsor HFC] -- Chief Appraiser Rogelio Sandoval suit seeking to return ~27 Bexar apartment complexes (~$26M+ in exempted value) to the tax rolls (News4SanAntonio, 'Legal battle over ""traveling housing agencies"" and property taxes', accessed 2026-07-11); sponsor is named in press coverage of this suit. Specific complex-level plaintiff exhibit list not published in free sources -- this property is flagged as a likely/possible member of that 27-complex set, not confirmed by name.",single-source,1,"HB21 §13(i): HFC-owned multifamily property outside the sponsor's home jurisdiction on 9/1/2025 loses its ad valorem exemption effective 1/1/2027, absent a qualifying host-jurisdiction resolution. §13(e) triggers an earlier loss of exemption on any sale, refinancing, or majority-ownership transfer of the property/SPE after enactment -- see kill_analysis.recent_capital_event for any such event on record in the seed."
TX-61-1394163,Alamo Residences at Spurs Lane,"1 Spurs Lane, San Antonio, TX 78240",San Antonio,Bexar,1395697,120,2022,Maverick County Housing Finance Corporation,Alamo Equity,HFC,Ch.394,1,yes,True,15889210.0,,2025,HB21 §13(i),2027-01-01,True,,"Bexar Appraisal District v. [sponsor HFC] -- Chief Appraiser Rogelio Sandoval suit seeking to return ~27 Bexar apartment complexes (~$26M+ in exempted value) to the tax rolls (News4SanAntonio, 'Legal battle over ""traveling housing agencies"" and property taxes', accessed 2026-07-11); sponsor is named in press coverage of this suit. Specific complex-level plaintiff exhibit list not published in free sources -- this property is flagged as a likely/possible member of that 27-complex set, not confirmed by name.",single-source,1,"HB21 §13(i): HFC-owned multifamily property outside the sponsor's home jurisdiction on 9/1/2025 loses its ad valorem exemption effective 1/1/2027, absent a qualifying host-jurisdiction resolution. §13(e) triggers an earlier loss of exemption on any sale, refinancing, or majority-ownership transfer of the property/SPE after enactment -- see kill_analysis.recent_capital_event for any such event on record in the seed."
TX-61-2092,Melia,"3434 Oakdale St, San Antonio, TX 78229",San Antonio,Bexar,"522684, 522690",300,1976,Pecos Housing Finance Corporation,GVA,HFC,Ch.394,1,yes,True,14057700.0,,2026,HB21 §13(i),2027-01-01,True,,"Haltom City v. Pecos HFC (injunction 6/3/2025); Arlington 15-25-00111-CV; Hays Co. suit (~$230M); Tarrant ARB 5-yr back-assessment ($974M/28 sites); TWHC HB21 constitutional challenge (Cameron Co., filed 9/9/2025); NOT independently confirmed as named in the Bexar Appraisal District 27-complex/$26M suit (Sandoval) -- that suit's press coverage names Maverick, Cameron, Pleasanton, La Villa, Edcouch only",single-source,1,"HB21 §13(i): HFC-owned multifamily property outside the sponsor's home jurisdiction on 9/1/2025 loses its ad valorem exemption effective 1/1/2027, absent a qualifying host-jurisdiction resolution. §13(e) triggers an earlier loss of exemption on any sale, refinancing, or majority-ownership transfer of the property/SPE after enactment -- see kill_analysis.recent_capital_event for any such event on record in the seed."
TX-61-1487,Seville,"13330 Blanco Rd, San Antonio, TX 78216",San Antonio,Bexar,639271,200,1982,Pecos Housing Finance Corporation,REEP Equity,HFC,Ch.394,1,yes,True,22000000.0,,2025,HB21 §13(i),2027-01-01,True,,"Haltom City v. Pecos HFC (injunction 6/3/2025); Arlington 15-25-00111-CV; Hays Co. suit (~$230M); Tarrant ARB 5-yr back-assessment ($974M/28 sites); TWHC HB21 constitutional challenge (Cameron Co., filed 9/9/2025); NOT independently confirmed as named in the Bexar Appraisal District 27-complex/$26M suit (Sandoval) -- that suit's press coverage names Maverick, Cameron, Pleasanton, La Villa, Edcouch only",single-source,1,"HB21 §13(i): HFC-owned multifamily property outside the sponsor's home jurisdiction on 9/1/2025 loses its ad valorem exemption effective 1/1/2027, absent a qualifying host-jurisdiction resolution. §13(e) triggers an earlier loss of exemption on any sale, refinancing, or majority-ownership transfer of the property/SPE after enactment -- see kill_analysis.recent_capital_event for any such event on record in the seed."
TX-61-557312,Timberhill Commons,"5072 Timberhill, Leon Valley, TX 78238",Leon Valley,Bexar,"1300448, 1444456",,2019,Pecos Housing Finance Corporation,Dreamstone Investments,HFC,Ch.394,1,yes,True,40500000.0,,2026,HB21 §13(i),2027-01-01,True,,"Haltom City v. Pecos HFC (injunction 6/3/2025); Arlington 15-25-00111-CV; Hays Co. suit (~$230M); Tarrant ARB 5-yr back-assessment ($974M/28 sites); TWHC HB21 constitutional challenge (Cameron Co., filed 9/9/2025); NOT independently confirmed as named in the Bexar Appraisal District 27-complex/$26M suit (Sandoval) -- that suit's press coverage names Maverick, Cameron, Pleasanton, La Villa, Edcouch only",cross-validated,1,"HB21 §13(i): HFC-owned multifamily property outside the sponsor's home jurisdiction on 9/1/2025 loses its ad valorem exemption effective 1/1/2027, absent a qualifying host-jurisdiction resolution. §13(e) triggers an earlier loss of exemption on any sale, refinancing, or majority-ownership transfer of the property/SPE after enactment -- see kill_analysis.recent_capital_event for any such event on record in the seed."
TX-61-1746,Vistas Two 52,"3787 Perrin Central Blvd, San Antonio, TX 78217",San Antonio,Bexar,595581,252,2002,Pecos Housing Finance Corporation,,HFC,Ch.394,1,yes,True,27000000.0,,2025,HB21 §13(i),2027-01-01,True,,"Haltom City v. Pecos HFC (injunction 6/3/2025); Arlington 15-25-00111-CV; Hays Co. suit (~$230M); Tarrant ARB 5-yr back-assessment ($974M/28 sites); TWHC HB21 constitutional challenge (Cameron Co., filed 9/9/2025); NOT independently confirmed as named in the Bexar Appraisal District 27-complex/$26M suit (Sandoval) -- that suit's press coverage names Maverick, Cameron, Pleasanton, La Villa, Edcouch only",single-source,1,"HB21 §13(i): HFC-owned multifamily property outside the sponsor's home jurisdiction on 9/1/2025 loses its ad valorem exemption effective 1/1/2027, absent a qualifying host-jurisdiction resolution. §13(e) triggers an earlier loss of exemption on any sale, refinancing, or majority-ownership transfer of the property/SPE after enactment -- see kill_analysis.recent_capital_event for any such event on record in the seed."
TX-61-384,Mission Villas,"247 W Dickson Ave, San Antonio, TX 78214",San Antonio,Bexar,1444640,176,1965,Pecos Housing Finance Corporation,DiversyFund,HFC,Ch.394,1,yes,True,932350.0,,,HB21 §13(i),2027-01-01,True,2025-01-13,"Haltom City v. Pecos HFC (injunction 6/3/2025); Arlington 15-25-00111-CV; Hays Co. suit (~$230M); Tarrant ARB 5-yr back-assessment ($974M/28 sites); TWHC HB21 constitutional challenge (Cameron Co., filed 9/9/2025); NOT independently confirmed as named in the Bexar Appraisal District 27-complex/$26M suit (Sandoval) -- that suit's press coverage names Maverick, Cameron, Pleasanton, La Villa, Edcouch only",single-source,2,"HB21 §13(i): HFC-owned multifamily property outside the sponsor's home jurisdiction on 9/1/2025 loses its ad valorem exemption effective 1/1/2027, absent a qualifying host-jurisdiction resolution. §13(e) triggers an earlier loss of exemption on any sale, refinancing, or majority-ownership transfer of the property/SPE after enactment -- see kill_analysis.recent_capital_event for any such event on record in the seed."
TX-61-1321,Brixton Apartments,"2555 NE Loop 410, San Antonio, TX 78217",San Antonio,Bexar,"500195, 1444659",384,1980,Pecos Housing Finance Corporation,,HFC,Ch.394,1,yes,True,23500000.0,,,HB21 §13(i),2027-01-01,True,2025-01-13,"Haltom City v. Pecos HFC (injunction 6/3/2025); Arlington 15-25-00111-CV; Hays Co. suit (~$230M); Tarrant ARB 5-yr back-assessment ($974M/28 sites); TWHC HB21 constitutional challenge (Cameron Co., filed 9/9/2025); NOT independently confirmed as named in the Bexar Appraisal District 27-complex/$26M suit (Sandoval) -- that suit's press coverage names Maverick, Cameron, Pleasanton, La Villa, Edcouch only",single-source,2,"HB21 §13(i): HFC-owned multifamily property outside the sponsor's home jurisdiction on 9/1/2025 loses its ad valorem exemption effective 1/1/2027, absent a qualifying host-jurisdiction resolution. §13(e) triggers an earlier loss of exemption on any sale, refinancing, or majority-ownership transfer of the property/SPE after enactment -- see kill_analysis.recent_capital_event for any such event on record in the seed."
TX-61-387177,Durrington Ridge,"21915 N US Hwy 281, San Antonio, TX 78258",San Antonio,Bexar,1352388,398,2021,Pleasanton Housing Finance Corporation,Abacus Capital Group,HFC,Ch.394,1,yes,True,69000000.0,,2025,HB21 §13(i),2027-01-01,True,,"Bexar Appraisal District v. [sponsor HFC] -- Chief Appraiser Rogelio Sandoval suit seeking to return ~27 Bexar apartment complexes (~$26M+ in exempted value) to the tax rolls (News4SanAntonio, 'Legal battle over ""traveling housing agencies"" and property taxes', accessed 2026-07-11); sponsor is named in press coverage of this suit. Specific complex-level plaintiff exhibit list not published in free sources -- this property is flagged as a likely/possible member of that 27-complex set, not confirmed by name.",single-source,1,"HB21 §13(i): HFC-owned multifamily property outside the sponsor's home jurisdiction on 9/1/2025 loses its ad valorem exemption effective 1/1/2027, absent a qualifying host-jurisdiction resolution. §13(e) triggers an earlier loss of exemption on any sale, refinancing, or majority-ownership transfer of the property/SPE after enactment -- see kill_analysis.recent_capital_event for any such event on record in the seed."
TX-61-1709,Nova Apartments,"14200 Vance Jackson Rd, San Antonio, TX 78249",San Antonio,Bexar,1117284,412,2008,Pleasanton Housing Finance Corporation,MetLife Investment Management,HFC,Ch.394,1,yes,True,53500000.0,,2025,HB21 §13(i),2027-01-01,True,,"Bexar Appraisal District v. [sponsor HFC] -- Chief Appraiser Rogelio Sandoval suit seeking to return ~27 Bexar apartment complexes (~$26M+ in exempted value) to the tax rolls (News4SanAntonio, 'Legal battle over ""traveling housing agencies"" and property taxes', accessed 2026-07-11); sponsor is named in press coverage of this suit. Specific complex-level plaintiff exhibit list not published in free sources -- this property is flagged as a likely/possible member of that 27-complex set, not confirmed by name.",single-source,1,"HB21 §13(i): HFC-owned multifamily property outside the sponsor's home jurisdiction on 9/1/2025 loses its ad valorem exemption effective 1/1/2027, absent a qualifying host-jurisdiction resolution. §13(e) triggers an earlier loss of exemption on any sale, refinancing, or majority-ownership transfer of the property/SPE after enactment -- see kill_analysis.recent_capital_event for any such event on record in the seed."
TX-61-1175498,Med West,"7139 Wurzbach Rd, San Antonio, TX 78240",San Antonio,Bexar,1284640,131,2021,Pleasanton Housing Finance Corporation,,HFC,Ch.394,1,yes,True,19900000.0,,2025,HB21 §13(i),2027-01-01,True,,"Bexar Appraisal District v. [sponsor HFC] -- Chief Appraiser Rogelio Sandoval suit seeking to return ~27 Bexar apartment complexes (~$26M+ in exempted value) to the tax rolls (News4SanAntonio, 'Legal battle over ""traveling housing agencies"" and property taxes', accessed 2026-07-11); sponsor is named in press coverage of this suit. Specific complex-level plaintiff exhibit list not published in free sources -- this property is flagged as a likely/possible member of that 27-complex set, not confirmed by name.",single-source,1,"HB21 §13(i): HFC-owned multifamily property outside the sponsor's home jurisdiction on 9/1/2025 loses its ad valorem exemption effective 1/1/2027, absent a qualifying host-jurisdiction resolution. §13(e) triggers an earlier loss of exemption on any sale, refinancing, or majority-ownership transfer of the property/SPE after enactment -- see kill_analysis.recent_capital_event for any such event on record in the seed."
TX-61-533,Summit at Henderson Pass,"16465 Henderson Pass, San Antonio, TX 78232",San Antonio,Bexar,606514,228,1986,Pleasanton Housing Finance Corporation,DB Capital Management,HFC,Ch.394,1,yes,True,21791110.0,,2025,HB21 §13(i),2027-01-01,True,,"Bexar Appraisal District v. [sponsor HFC] -- Chief Appraiser Rogelio Sandoval suit seeking to return ~27 Bexar apartment complexes (~$26M+ in exempted value) to the tax rolls (News4SanAntonio, 'Legal battle over ""traveling housing agencies"" and property taxes', accessed 2026-07-11); sponsor is named in press coverage of this suit. Specific complex-level plaintiff exhibit list not published in free sources -- this property is flagged as a likely/possible member of that 27-complex set, not confirmed by name.",single-source,1,"HB21 §13(i): HFC-owned multifamily property outside the sponsor's home jurisdiction on 9/1/2025 loses its ad valorem exemption effective 1/1/2027, absent a qualifying host-jurisdiction resolution. §13(e) triggers an earlier loss of exemption on any sale, refinancing, or majority-ownership transfer of the property/SPE after enactment -- see kill_analysis.recent_capital_event for any such event on record in the seed."
TX-61-659,Oasis,"6023 UTSA Blvd, San Antonio, TX 78249",San Antonio,Bexar,1193224,260,2013,Pleasanton Housing Finance Corporation,Palladius Capital Management,HFC,Ch.394,1,yes,True,42500000.0,,2026,HB21 §13(i),2027-01-01,True,,"Bexar Appraisal District v. [sponsor HFC] -- Chief Appraiser Rogelio Sandoval suit seeking to return ~27 Bexar apartment complexes (~$26M+ in exempted value) to the tax rolls (News4SanAntonio, 'Legal battle over ""traveling housing agencies"" and property taxes', accessed 2026-07-11); sponsor is named in press coverage of this suit. Specific complex-level plaintiff exhibit list not published in free sources -- this property is flagged as a likely/possible member of that 27-complex set, not confirmed by name.",single-source,1,"HB21 §13(i): HFC-owned multifamily property outside the sponsor's home jurisdiction on 9/1/2025 loses its ad valorem exemption effective 1/1/2027, absent a qualifying host-jurisdiction resolution. §13(e) triggers an earlier loss of exemption on any sale, refinancing, or majority-ownership transfer of the property/SPE after enactment -- see kill_analysis.recent_capital_event for any such event on record in the seed."
TX-61-1955,Trailside,"8120 Mainland Dr, San Antonio, TX 78240",San Antonio,Bexar,685075,240,2002,Pleasanton Housing Finance Corporation,Cottonwood Group,HFC,Ch.394,1,yes,True,23520000.0,,2025,HB21 §13(i),2027-01-01,True,,"Bexar Appraisal District v. [sponsor HFC] -- Chief Appraiser Rogelio Sandoval suit seeking to return ~27 Bexar apartment complexes (~$26M+ in exempted value) to the tax rolls (News4SanAntonio, 'Legal battle over ""traveling housing agencies"" and property taxes', accessed 2026-07-11); sponsor is named in press coverage of this suit. Specific complex-level plaintiff exhibit list not published in free sources -- this property is flagged as a likely/possible member of that 27-complex set, not confirmed by name.",single-source,1,"HB21 §13(i): HFC-owned multifamily property outside the sponsor's home jurisdiction on 9/1/2025 loses its ad valorem exemption effective 1/1/2027, absent a qualifying host-jurisdiction resolution. §13(e) triggers an earlier loss of exemption on any sale, refinancing, or majority-ownership transfer of the property/SPE after enactment -- see kill_analysis.recent_capital_event for any such event on record in the seed."
TX-61-374106,Abacus Alamo Ranch,"11788 Culebra Rd, San Antonio, TX 78253",San Antonio,Bexar,1304106,320,2019,Texas Essential Housing Public Facility Corporation,Heiser Development Corporation,PFC,Ch.303,2,yes,True,61095110.0,,2024,HB2071 grandfather (Ch.303 PFC) -- no HB21 cliff,,False,,"TEHPFC v. Williamson CAD 24-0022-C395 & 24-1698-C395; AG opinion request KP-0437; Not named in the Bexar Appraisal District HFC suit (that suit targets Ch.394 HFCs; TEHPFC is a Ch.303 PFC, a different statutory regime)",single-source,1,"HB21 is HFC-only and does not reach Ch.303 PFCs. TEHPFC unwinds only on an event: 99-yr ground-lease term, capital event (sale/refi), §303.0426 audit failure, or a successful CAD/AG challenge (cf. TEHPFC v. Williamson CAD; AG KP-0437). No fixed statutory kill date."
TX-61-1521,Atlee,"402 Holland Ave, San Antonio, TX 78212",San Antonio,Bexar,"369472, 369485, 369492",144,1995,Texas Essential Housing Public Facility Corporation,Brixton Capital,PFC,Ch.303,2,yes,True,11441855.0,,2024,HB2071 grandfather (Ch.303 PFC) -- no HB21 cliff,,False,,"TEHPFC v. Williamson CAD 24-0022-C395 & 24-1698-C395; AG opinion request KP-0437; Not named in the Bexar Appraisal District HFC suit (that suit targets Ch.394 HFCs; TEHPFC is a Ch.303 PFC, a different statutory regime)",cross-validated,0,"HB21 is HFC-only and does not reach Ch.303 PFCs. TEHPFC unwinds only on an event: 99-yr ground-lease term, capital event (sale/refi), §303.0426 audit failure, or a successful CAD/AG challenge (cf. TEHPFC v. Williamson CAD; AG KP-0437). No fixed statutory kill date."
TX-NEW-BEXAR-5,Alaro,"7310 Culebra Commons, San Antonio, TX 78250",San Antonio,Bexar,1390520,248,2024,Texas Essential Housing Public Facility Corporation,Vaquero Ventures,PFC,Ch.303,2,yes,True,54461070.0,,2023,HB2071 grandfather (Ch.303 PFC) -- no HB21 cliff,,False,,"TEHPFC v. Williamson CAD 24-0022-C395 & 24-1698-C395; AG opinion request KP-0437; Not named in the Bexar Appraisal District HFC suit (that suit targets Ch.394 HFCs; TEHPFC is a Ch.303 PFC, a different statutory regime)",single-source,1,"HB21 is HFC-only and does not reach Ch.303 PFCs. TEHPFC unwinds only on an event: 99-yr ground-lease term, capital event (sale/refi), §303.0426 audit failure, or a successful CAD/AG challenge (cf. TEHPFC v. Williamson CAD; AG KP-0437). No fixed statutory kill date."
TX-61-457,Copper Mill,"5827 NW Loop 410, San Antonio, TX 78238",San Antonio,Bexar,617253,342,1985,Texas Essential Housing Public Facility Corporation,The Lynd Company,PFC,Ch.303,2,yes,True,35500000.0,,2024,HB2071 grandfather (Ch.303 PFC) -- no HB21 cliff,,False,,"TEHPFC v. Williamson CAD 24-0022-C395 & 24-1698-C395; AG opinion request KP-0437; Not named in the Bexar Appraisal District HFC suit (that suit targets Ch.394 HFCs; TEHPFC is a Ch.303 PFC, a different statutory regime)",cross-validated,0,"HB21 is HFC-only and does not reach Ch.303 PFCs. TEHPFC unwinds only on an event: 99-yr ground-lease term, capital event (sale/refi), §303.0426 audit failure, or a successful CAD/AG challenge (cf. TEHPFC v. Williamson CAD; AG KP-0437). No fixed statutory kill date."
TX-NEW-BEXAR-6,410 Probandt,"410 Probandt St, San Antonio, TX 78204",San Antonio,Bexar,1399472,,2027,Texas Essential Housing Public Facility Corporation,OHT Partners,PFC,Ch.303,2,yes,True,5517690.0,,2024,HB2071 grandfather (Ch.303 PFC) -- no HB21 cliff,,False,,"TEHPFC v. Williamson CAD 24-0022-C395 & 24-1698-C395; AG opinion request KP-0437; Not named in the Bexar Appraisal District HFC suit (that suit targets Ch.394 HFCs; TEHPFC is a Ch.303 PFC, a different statutory regime)",single-source,2,"HB21 is HFC-only and does not reach Ch.303 PFCs. TEHPFC unwinds only on an event: 99-yr ground-lease term, capital event (sale/refi), §303.0426 audit failure, or a successful CAD/AG challenge (cf. TEHPFC v. Williamson CAD; AG KP-0437). No fixed statutory kill date."
TX-61-531,,,San Antonio,Bexar,,,,Edcouch Community Housing Finance Corporation,,HFC,Ch.394,1,yes,True,,,,HB21 §13(i),2027-01-01,True,,Bexar Appraisal District v. Edcouch Community HFC -- sponsor named in the ~27-complex/$26M Sandoval suit (News4SanAntonio); this specific property not confirmed on the (unpublished) plaintiff list.,seed,2,"HB21 §13(i) cliff applies per sponsor tier (Edcouch Community HFC, Ch.394); BCAD account not located to independently verify current exemption status -- see gaps."
TX-37-109,Spring Pointe Apartments,"3501 N Jupiter Rd, Richardson, TX 75082",Richardson,Collin,1615274,208,1985,Cameron County Housing Finance Corporation,,HFC,Ch.394,1,yes,True,25558696.0,,2026,HB21 §13(i),2027-01-01,True,,,cross-validated,0,"HB21 §13(i): HFC-owned multifamily property outside the sponsor's home jurisdiction on 9/1/2025 loses its ad valorem exemption effective 1/1/2027, absent a qualifying host-jurisdiction resolution. §13(e) triggers an earlier loss of exemption on any sale, refinancing, or majority-ownership transfer of the property/SPE after enactment."
TX-37-8327,Oaks of North Dallas Apartments,"4701 Haverwood Ln, Dallas, TX 75287",Dallas,Collin,1571748,168,1983,Cameron County Housing Finance Corporation,,HFC,Ch.394,1,yes,True,16760321.0,,2026,HB21 §13(i),2027-01-01,True,,,single-source,1,"HB21 §13(i): HFC-owned multifamily property outside the sponsor's home jurisdiction on 9/1/2025 loses its ad valorem exemption effective 1/1/2027, absent a qualifying host-jurisdiction resolution. §13(e) triggers an earlier loss of exemption on any sale, refinancing, or majority-ownership transfer of the property/SPE after enactment."
TX-37-8328,4804 Haverwood Apartments,"4804 Haverwood Ln, Dallas, TX 75287",Dallas,Collin,1708824,180,1984,Cameron County Housing Finance Corporation,,HFC,Ch.394,1,yes,True,15751585.0,,2026,HB21 §13(i),2027-01-01,True,,,single-source,1,"HB21 §13(i): HFC-owned multifamily property outside the sponsor's home jurisdiction on 9/1/2025 loses its ad valorem exemption effective 1/1/2027, absent a qualifying host-jurisdiction resolution. §13(e) triggers an earlier loss of exemption on any sale, refinancing, or majority-ownership transfer of the property/SPE after enactment."
TX-37-8332,380 Villas,"1101 N Throckmorton St, McKinney, TX 75069",McKinney,Collin,2905902,220,2026,Cameron County Housing Finance Corporation,Sphinx Development Corporation,HFC,Ch.394,1,yes,True,48859852.0,,2024,HB21 §13(i),2027-01-01,True,,,cross-validated,0,"HB21 §13(i): HFC-owned multifamily property outside the sponsor's home jurisdiction on 9/1/2025 loses its ad valorem exemption effective 1/1/2027, absent a qualifying host-jurisdiction resolution. §13(e) triggers an earlier loss of exemption on any sale, refinancing, or majority-ownership transfer of the property/SPE after enactment."
TX-37-1228308,Montgomery at Watters Creek,"1280 Montgomery Blvd, Allen, TX 75013",Allen,Collin,2834129,370,2021,Garland Housing Finance Corporation,Trammell Crow Residential,HFC,Ch.394,1,yes,True,87659189.0,,2023,HB21 §13(i),2027-01-01,True,,,cross-validated,0,"HB21 §13(i): HFC-owned multifamily property outside the sponsor's home jurisdiction on 9/1/2025 loses its ad valorem exemption effective 1/1/2027, absent a qualifying host-jurisdiction resolution. §13(e) triggers an earlier loss of exemption on any sale, refinancing, or majority-ownership transfer of the property/SPE after enactment."
TX-37-1480322,Savannah at Gateway Senior Apartments,"401 Shiloh Rd, Plano, TX 75074",Plano,Collin,2630081,,2016,Garland Housing Finance Corporation,,HFC,Ch.394,1,yes,True,4654168.0,,2020,HB21 §13(i),2027-01-01,True,,"Likely subject property of Collin CAD v. Garland Housing Finance Corp., 05-19-01417-CV (GHFC won pre-HB21; HB21 §13(i) now overrides per Phase 1 verdict) -- not independently confirmed by parcel-level court filing review.",cross-validated,0,"HB21 §13(i): HFC-owned multifamily property outside the sponsor's home jurisdiction on 9/1/2025 loses its ad valorem exemption effective 1/1/2027, absent a qualifying host-jurisdiction resolution. §13(e) triggers an earlier loss of exemption on any sale, refinancing, or majority-ownership transfer of the property/SPE after enactment."
TX-37-4164,Twin Creeks Crossing I Apartments,"1090 W Exchange Pkwy, Allen, TX 75013",Allen,Collin,2731037,347,2014,La Villa Housing Finance Corporation,S2 Capital,HFC,Ch.394,1,yes,True,60528188.0,,2026,HB21 §13(i),2027-01-01,True,,,cross-validated,0,"HB21 §13(i): HFC-owned multifamily property outside the sponsor's home jurisdiction on 9/1/2025 loses its ad valorem exemption effective 1/1/2027, absent a qualifying host-jurisdiction resolution. §13(e) triggers an earlier loss of exemption on any sale, refinancing, or majority-ownership transfer of the property/SPE after enactment."
TX-37-1180,Palencia Apartments,"17817 Coit Rd, Dallas, TX 75252",Dallas,Collin,2018449,281,1995,Maverick County Housing Finance Corporation,Magma Equities,HFC,Ch.394,1,yes,True,32936817.0,,2026,HB21 §13(i),2027-01-01,True,,,cross-validated,0,"HB21 §13(i): HFC-owned multifamily property outside the sponsor's home jurisdiction on 9/1/2025 loses its ad valorem exemption effective 1/1/2027, absent a qualifying host-jurisdiction resolution. §13(e) triggers an earlier loss of exemption on any sale, refinancing, or majority-ownership transfer of the property/SPE after enactment."
TX-37-369642,Alma Hub 121 Apartments,"7201 Henneman Way, McKinney, TX 75070",McKinney,Collin,2820606,286,2018,Maverick County Housing Finance Corporation,SevenSeas Holdings,HFC,Ch.394,1,yes,True,50321895.0,,2026,HB21 §13(i),2027-01-01,True,,,cross-validated,0,"HB21 §13(i): HFC-owned multifamily property outside the sponsor's home jurisdiction on 9/1/2025 loses its ad valorem exemption effective 1/1/2027, absent a qualifying host-jurisdiction resolution. §13(e) triggers an earlier loss of exemption on any sale, refinancing, or majority-ownership transfer of the property/SPE after enactment."
TX-37-3204,Larkin,"2301 W White Ave, McKinney, TX 75071",McKinney,Collin,2057207,240,1997,Pecos Housing Finance Corporation,Ashland Greene Capital,HFC,Ch.394,1,yes,True,38218870.0,,2026,HB21 §13(i),2027-01-01,True,,,cross-validated,0,"HB21 §13(i): HFC-owned multifamily property outside the sponsor's home jurisdiction on 9/1/2025 loses its ad valorem exemption effective 1/1/2027, absent a qualifying host-jurisdiction resolution. §13(e) triggers an earlier loss of exemption on any sale, refinancing, or majority-ownership transfer of the property/SPE after enactment."
TX-37-3160,The Dayton,"6000 Ohio Dr, Plano, TX 75093",Plano,Collin,1627494,389,1985,Pecos Housing Finance Corporation,S2 Capital,HFC,Ch.394,1,yes,True,47324508.0,,2026,HB21 §13(i),2027-01-01,True,,,single-source,1,"HB21 §13(i): HFC-owned multifamily property outside the sponsor's home jurisdiction on 9/1/2025 loses its ad valorem exemption effective 1/1/2027, absent a qualifying host-jurisdiction resolution. §13(e) triggers an earlier loss of exemption on any sale, refinancing, or majority-ownership transfer of the property/SPE after enactment."
TX-37-4378,Carson at Twin Creeks,"659 Junction Dr, Allen, TX 75013",Allen,Collin,2856059,374,2015,Pecos Housing Finance Corporation,Sovereign Properties,HFC,Ch.394,1,yes,True,67847411.0,,2026,HB21 §13(i),2027-01-01,True,,,cross-validated,0,"HB21 §13(i): HFC-owned multifamily property outside the sponsor's home jurisdiction on 9/1/2025 loses its ad valorem exemption effective 1/1/2027, absent a qualifying host-jurisdiction resolution. §13(e) triggers an earlier loss of exemption on any sale, refinancing, or majority-ownership transfer of the property/SPE after enactment."
TX-37-3179,Adriane,"2000 FM 1378, Wylie, TX 75098",Wylie,Collin,2526594,180,2002,Pecos Housing Finance Corporation,WindMass Capital,HFC,Ch.394,1,yes,True,26575673.0,,2026,HB21 §13(i),2027-01-01,True,,,cross-validated,0,"HB21 §13(i): HFC-owned multifamily property outside the sponsor's home jurisdiction on 9/1/2025 loses its ad valorem exemption effective 1/1/2027, absent a qualifying host-jurisdiction resolution. §13(e) triggers an earlier loss of exemption on any sale, refinancing, or majority-ownership transfer of the property/SPE after enactment."
TX-NEW-COLLIN-1,Oaks of North Dallas Apartments,"5075 Pear Ridge Dr, Dallas, TX 75287",Dallas,Collin,1650804,144,1983,Cameron County Housing Finance Corporation,,HFC,Ch.394,1,yes,True,14002575.0,,2026,HB21 §13(i),2027-01-01,True,,,single-source,1,"HB21 §13(i): HFC-owned multifamily property outside the sponsor's home jurisdiction on 9/1/2025 loses its ad valorem exemption effective 1/1/2027, absent a qualifying host-jurisdiction resolution. §13(e) triggers an earlier loss of exemption on any sale, refinancing, or majority-ownership transfer of the property/SPE after enactment."
TX-NEW-COLLIN-2,Oaks of North Dallas Apartments,"5055 Pear Ridge Dr, Dallas, TX 75287",Dallas,Collin,1650813,144,1983,Cameron County Housing Finance Corporation,,HFC,Ch.394,1,yes,True,13788728.0,,2026,HB21 §13(i),2027-01-01,True,,,single-source,1,"HB21 §13(i): HFC-owned multifamily property outside the sponsor's home jurisdiction on 9/1/2025 loses its ad valorem exemption effective 1/1/2027, absent a qualifying host-jurisdiction resolution. §13(e) triggers an earlier loss of exemption on any sale, refinancing, or majority-ownership transfer of the property/SPE after enactment."
TX-NEW-COLLIN-3,The Riley,"3551 Wilshire Way 1, Richardson, TX 75082",Richardson,Collin,2924643,269,2016,Garland Housing Finance Corporation,TTI Capital,HFC,Ch.394,1,yes,True,62918060.0,,,HB21 §13(i),2027-01-01,True,,,single-source,2,"Not currently exempt, so HB21 Sec.13(i)'s 2027-01-01 cliff has no practical effect here -- this parcel is already fully taxable. Retained in the census as a traveling Garland HFC-owned multifamily property for completeness; the 'kill' has, in effect, already happened administratively rather than by the 2027 statute."
TX-NEW-COLLIN-4,Twin Creeks Crossing II Apartments,"1301 Bray Central Dr, Allen, TX 75013",Allen,Collin,2735309,330,2017,La Villa Housing Finance Corporation,S2 Capital,HFC,Ch.394,1,yes,True,57575594.0,,2026,HB21 §13(i),2027-01-01,True,,,single-source,1,"HB21 §13(i): HFC-owned multifamily property outside the sponsor's home jurisdiction on 9/1/2025 loses its ad valorem exemption effective 1/1/2027, absent a qualifying host-jurisdiction resolution. §13(e) triggers an earlier loss of exemption on any sale, refinancing, or majority-ownership transfer of the property/SPE after enactment."
TX-NEW-COLLIN-5,,"Bray Central Dr, Allen, TX 75013",Allen,Collin,2735311,,,La Villa Housing Finance Corporation,S2 Capital,HFC,Ch.394,1,yes,True,6338.0,,2026,HB21 §13(i),2027-01-01,True,,,single-source,2,"HB21 §13(i): HFC-owned multifamily property outside the sponsor's home jurisdiction on 9/1/2025 loses its ad valorem exemption effective 1/1/2027, absent a qualifying host-jurisdiction resolution. §13(e) triggers an earlier loss of exemption on any sale, refinancing, or majority-ownership transfer of the property/SPE after enactment."
TX-NEW-COLLIN-6,,"17817 Coit Rd, Dallas, TX 75252",Dallas,Collin,2040610,,1996,Maverick County Housing Finance Corporation,Magma Equities,HFC,Ch.394,1,yes,True,70276.0,,2026,HB21 §13(i),2027-01-01,True,,,single-source,2,"HB21 §13(i): HFC-owned multifamily property outside the sponsor's home jurisdiction on 9/1/2025 loses its ad valorem exemption effective 1/1/2027, absent a qualifying host-jurisdiction resolution. §13(e) triggers an earlier loss of exemption on any sale, refinancing, or majority-ownership transfer of the property/SPE after enactment."
TX-NEW-COLLIN-7,,"McCallum Blvd, Dallas, TX 75252",Dallas,Collin,1970815,,,Pecos Housing Finance Corporation,,HFC,Ch.394,1,yes,True,99461.0,,2026,HB21 §13(i),2027-01-01,True,,,single-source,2,"HB21 §13(i): HFC-owned multifamily property outside the sponsor's home jurisdiction on 9/1/2025 loses its ad valorem exemption effective 1/1/2027, absent a qualifying host-jurisdiction resolution. §13(e) triggers an earlier loss of exemption on any sale, refinancing, or majority-ownership transfer of the property/SPE after enactment."
TX-NEW-COLLIN-8,The Junction at 7760,"7760 McCallum Blvd, Dallas, TX 75252",Dallas,Collin,1963419,297,1988,Pecos Housing Finance Corporation,Tides Equities,HFC,Ch.394,1,yes,True,22642344.0,,2026,HB21 §13(i),2027-01-01,True,,,single-source,1,"HB21 §13(i): HFC-owned multifamily property outside the sponsor's home jurisdiction on 9/1/2025 loses its ad valorem exemption effective 1/1/2027, absent a qualifying host-jurisdiction resolution. §13(e) triggers an earlier loss of exemption on any sale, refinancing, or majority-ownership transfer of the property/SPE after enactment."
TX-NEW-COLLIN-9,Hathaway at Willow Bend,"2525 Preston Rd, Plano, TX 75093",Plano,Collin,1716655,229,1985,Pecos Housing Finance Corporation,S2 Capital,HFC,Ch.394,1,yes,True,34500000.0,,,HB21 §13(e) (capital-event early death) -- already occurred,2026-06-24,True,"Sold by Pecos Housing Finance Corporation to Winston GT Holdings LP (& Herrera 1031 TIC LLC & Artem Winston LLC), deed effective 2026-06-24, filed 2026-06-25 (Collin CAD instrument 2026000085487).",,single-source,3,"HB21 §13(e): a sale/transfer of the property out of HFC ownership triggers loss of the ad valorem exemption immediately upon the transfer, earlier than the general 2027-01-01 §13(i) cliff. This property left Pecos HFC ownership entirely on 2026-06-24 (pre-2027) -- an independently-discovered, already-realized pre-2027 exit, analogous to the Dallas census's Bernard/Beckham/Blake and Knowlton Apartment Homes findings (see census/county_dallas.md)."
TX-43-1496,LAS COLINAS HEIGHTS,3701 N OCONNOR RD,Irving,Dallas,32065600000010000,513,1980,Cameron County Housing Finance Corporation,Western Wealth Capital,HFC,Ch.394,1,yes,True,87210000.0,,,HB21 §13(i),2027-01-01,True,,"Williamson County v. Cameron County HFC (TRO); Bexar AD suit (27 complexes/$26M); TWHC HB21 constitutional challenge (Cameron Co., 9/9/2025)",single-source,3,HB21 §13(i) statutory cliff; no evidence in DCAD of an intervening post-5/28/2025 capital event for this specific parcel.
TX-43-1599,MONTORO APARTMENTS,3701 W PIONEER DR,Irving,Dallas,32441150000000000,324,1984,Cameron County Housing Finance Corporation,Post Investment Group,HFC,Ch.394,1,yes,True,48600000.0,,,HB21 §13(i),2027-01-01,True,,"Williamson County v. Cameron County HFC (TRO); Bexar AD suit (27 complexes/$26M); TWHC HB21 constitutional challenge (Cameron Co., 9/9/2025)",single-source,3,HB21 §13(i) statutory cliff; no evidence in DCAD of an intervening post-5/28/2025 capital event for this specific parcel.
TX-37-772,INFINITY ON THE OAKS,9236 CHURCH RD,Dallas,Dallas,00000792887000000,208,1979,Cameron County Housing Finance Corporation,ShainRealty Capital,HFC,Ch.394,1,yes,True,28500000.0,,,HB21 §13(i),2027-01-01,True,,"Williamson County v. Cameron County HFC (TRO); Bexar AD suit (27 complexes/$26M); TWHC HB21 constitutional challenge (Cameron Co., 9/9/2025)",single-source,3,HB21 §13(i) statutory cliff; no evidence in DCAD of an intervening post-5/28/2025 capital event for this specific parcel.
TX-37-7585,TIDES ON PARK LANE,8780 PARK LN,Dallas,Dallas,00000368152000000,343,1975,Cameron County Housing Finance Corporation,Tides Equities,HFC,Ch.394,1,yes,True,36325970.0,,,HB21 §13(i),2027-01-01,True,,"Williamson County v. Cameron County HFC (TRO); Bexar AD suit (27 complexes/$26M); TWHC HB21 constitutional challenge (Cameron Co., 9/9/2025)",single-source,3,HB21 §13(i) statutory cliff; no evidence in DCAD of an intervening post-5/28/2025 capital event for this specific parcel.
TX-43-592,LBJ STATION PARKING GARAGE,8997 VANTAGE POINT DR,Dallas,Dallas,008408000C0090000,249,2015,Cameron County Housing Finance Corporation,ShainRealty Capital,HFC,Ch.394,1,yes,True,40375000.0,,,HB21 §13(i),2027-01-01,True,,"Williamson County v. Cameron County HFC (TRO); Bexar AD suit (27 complexes/$26M); TWHC HB21 constitutional challenge (Cameron Co., 9/9/2025)",single-source,3,HB21 §13(i) statutory cliff; no evidence in DCAD of an intervening post-5/28/2025 capital event for this specific parcel.
TX-43-1510,DEVON ON NORTHGATE,4013 W NORTHGATE DR,Irving,Dallas,321100000A0010000,260,1982,Edcouch Community Housing Finance Corporation,Ashcroft Capital,HFC,Ch.394,1,yes,True,38883930.0,,,HB21 §13(i),2027-01-01,True,,Bexar AD suit; TWHC coalition,single-source,3,HB21 §13(i) statutory cliff; no evidence in DCAD of an intervening post-5/28/2025 capital event for this specific parcel.
TX-43-3829,INFINITY ON YORKTOWN,660 YORKTOWN ST,Dallas,Dallas,006816000A0010000,226,2015,Edcouch Community Housing Finance Corporation,ShainRealty Capital,HFC,Ch.394,1,yes,True,38500000.0,,,HB21 §13(i),2027-01-01,True,,Bexar AD suit; TWHC coalition,single-source,3,HB21 §13(i) statutory cliff; no evidence in DCAD of an intervening post-5/28/2025 capital event for this specific parcel.
TX-43-3702,LANDMARK AT LAKE VILLAGE EAST - 60 UNITS,4366 POINT BLVD,Garland,Dallas,26178690010030000,60,1984,Edcouch Community Housing Finance Corporation,Tides Equities,HFC,Ch.394,1,yes,True,7820160.0,,,HB21 §13(i),2027-01-01,True,,Bexar AD suit; TWHC coalition,single-source,3,HB21 §13(i) statutory cliff; no evidence in DCAD of an intervening post-5/28/2025 capital event for this specific parcel.
TX-37-1314,GREENTREE APTS,1120 MAC ARTHUR DR,Carrollton,Dallas,14065900000010000,237,1983,Garland Housing Finance Corporation,Post Investment Group,HFC,Ch.394,1,yes,True,33439520.0,,,HB21 §13(i),2027-01-01,True,,Collin CAD v. GHFC 05-19-01417-CV (GHFC won pre-HB21; now overridden by §13(i)),single-source,3,HB21 §13(i) statutory cliff; no evidence in DCAD of an intervening post-5/28/2025 capital event for this specific parcel.
TX-37-1116,JEFFERSON AT MONTFORT APT,14332 MONTFORT DR,Dallas,Dallas,008166000B01B0000,336,1993,La Villa Housing Finance Corporation,S2 Capital,HFC,Ch.394,1,yes,True,66082800.0,,,HB21 §13(i),2027-01-01,True,,Fort Worth temporary-order effort (13 props/$3.2M); Bexar AD suit; TWHC coalition,single-source,3,HB21 §13(i) statutory cliff; no evidence in DCAD of an intervening post-5/28/2025 capital event for this specific parcel.
TX-37-4241,Ash at the Branch,4646 Amesbury Dr,Dallas,Dallas,005403000B0020000,402,2016,La Villa Housing Finance Corporation,S2 Capital,HFC,Ch.394,1,yes,True,,,,HB21 §13(i),2027-01-01,True,,Fort Worth temporary-order effort (13 props/$3.2M); Bexar AD suit; TWHC coalition,cross-validated,2,HB21 §13(i) statutory cliff; no evidence in DCAD of an intervening post-5/28/2025 capital event for this specific parcel.
TX-37-4277,Cedar at the Branch,4606 Amesbury Dr,Dallas,Dallas,005403000B0030000,321,2019,La Villa Housing Finance Corporation,S2 Capital,HFC,Ch.394,1,yes,True,,,,HB21 §13(i),2027-01-01,True,,Fort Worth temporary-order effort (13 props/$3.2M); Bexar AD suit; TWHC coalition,cross-validated,2,HB21 §13(i) statutory cliff; no evidence in DCAD of an intervening post-5/28/2025 capital event for this specific parcel.
TX-37-4278,TEAK APTS,4601 AMESBURY DR,Dallas,Dallas,005403000A0010000,316,2013,La Villa Housing Finance Corporation,S2 Capital,HFC,Ch.394,1,yes,True,73000000.0,,,HB21 §13(i),2027-01-01,True,,Fort Worth temporary-order effort (13 props/$3.2M); Bexar AD suit; TWHC coalition,cross-validated,2,HB21 §13(i) statutory cliff; no evidence in DCAD of an intervening post-5/28/2025 capital event for this specific parcel.
TX-37-563,CAROUSEL COURT/LOW HOUSING,3800 S TYLER ST,Dallas,Dallas,005984000007A0000,278,1985,La Villa Housing Finance Corporation,Cienda Partners,HFC,Ch.394,1,yes,True,28877680.0,,,HB21 §13(i),2027-01-01,True,,Fort Worth temporary-order effort (13 props/$3.2M); Bexar AD suit; TWHC coalition,single-source,3,HB21 §13(i) statutory cliff; no evidence in DCAD of an intervening post-5/28/2025 capital event for this specific parcel.
TX-37-564,THE BROOKMOORE (59% OCCUPIED),706 FAWN RIDGE DR,Dallas,Dallas,00000474118000000,152,1967,La Villa Housing Finance Corporation,Cienda Partners,HFC,Ch.394,1,yes,True,20927220.0,,,HB21 §13(i),2027-01-01,True,,Fort Worth temporary-order effort (13 props/$3.2M); Bexar AD suit; TWHC coalition,single-source,3,HB21 §13(i) statutory cliff; no evidence in DCAD of an intervening post-5/28/2025 capital event for this specific parcel.
TX-37-567,SPANISH PUEBLO,9727 DALE CREST DR,Dallas,Dallas,00000595780580000,128,1972,La Villa Housing Finance Corporation,Strategic Realty Holdings,HFC,Ch.394,1,yes,True,20041330.0,,,HB21 §13(i),2027-01-01,True,,Fort Worth temporary-order effort (13 props/$3.2M); Bexar AD suit; TWHC coalition,single-source,3,HB21 §13(i) statutory cliff; no evidence in DCAD of an intervening post-5/28/2025 capital event for this specific parcel.
TX-37-568,CHASE PLACE,3304 CHAPEL CREEK DR,Dallas,Dallas,00000595729000000,125,1963,La Villa Housing Finance Corporation,Strategic Realty Holdings,HFC,Ch.394,1,yes,True,19375000.0,,,HB21 §13(i),2027-01-01,True,,Fort Worth temporary-order effort (13 props/$3.2M); Bexar AD suit; TWHC coalition,single-source,3,HB21 §13(i) statutory cliff; no evidence in DCAD of an intervening post-5/28/2025 capital event for this specific parcel.
TX-37-570,ANDORA,3302 LINDA DR,Dallas,Dallas,00000595753420000,136,1968,La Villa Housing Finance Corporation,Strategic Realty Holdings,HFC,Ch.394,1,yes,True,18128980.0,,,HB21 §13(i),2027-01-01,True,,Fort Worth temporary-order effort (13 props/$3.2M); Bexar AD suit; TWHC coalition,single-source,3,HB21 §13(i) statutory cliff; no evidence in DCAD of an intervening post-5/28/2025 capital event for this specific parcel.
TX-43-496,LIVE OAKS AT THE BRANCH,4670 AMESBURY DR,Dallas,Dallas,005403000B0010000,196,2013,La Villa Housing Finance Corporation,S2 Capital,HFC,Ch.394,1,yes,True,49500000.0,,,HB21 §13(i),2027-01-01,True,,Fort Worth temporary-order effort (13 props/$3.2M); Bexar AD suit; TWHC coalition,single-source,3,HB21 §13(i) statutory cliff; no evidence in DCAD of an intervening post-5/28/2025 capital event for this specific parcel.
TX-43-498,SPANISH CREEK APTS-TXA19950410,3109 CHAPEL CREEK DR,Dallas,Dallas,00000595754000000,302,1970,La Villa Housing Finance Corporation,Strategic Realty Holdings,HFC,Ch.394,1,yes,True,33220000.0,,,HB21 §13(i),2027-01-01,True,,Fort Worth temporary-order effort (13 props/$3.2M); Bexar AD suit; TWHC coalition,single-source,3,HB21 §13(i) statutory cliff; no evidence in DCAD of an intervening post-5/28/2025 capital event for this specific parcel.
TX-43-1340126,JEFFERSON AT MONTFORT II,5711 PRESTON OAKS RD,Dallas,Dallas,008166000F01B0000,326,1995,La Villa Housing Finance Corporation,WAK Management,HFC,Ch.394,1,yes,True,64116050.0,,,HB21 §13(i),2027-01-01,True,,Fort Worth temporary-order effort (13 props/$3.2M); Bexar AD suit; TWHC coalition,single-source,3,HB21 §13(i) statutory cliff; no evidence in DCAD of an intervening post-5/28/2025 capital event for this specific parcel.
TX-43-3448,LA COSTA VILLA,12500 MERIT DR,Dallas,Dallas,007731000A0010000,260,1997,Maverick County Housing Finance Corporation,,HFC,Ch.394,1,yes,True,53840380.0,,,HB21 §13(i),2027-01-01,True,,"Missouri City v. Maverick County HFC (Fort Bend 268th, TRO); Fort Worth effort; Bexar AD suit; TWHC coalition",single-source,3,HB21 §13(i) statutory cliff; no evidence in DCAD of an intervening post-5/28/2025 capital event for this specific parcel.
TX-43-3798,GABLES UPTOWN TOWER,3227 MCKINNEY AVE,Dallas,Dallas,000970001207A0000,196,1986,Maverick County Housing Finance Corporation,The Kor Group,HFC,Ch.394,1,yes,True,42343390.0,,,HB21 §13(i),2027-01-01,True,,"Missouri City v. Maverick County HFC (Fort Bend 268th, TRO); Fort Worth effort; Bexar AD suit; TWHC coalition",single-source,3,HB21 §13(i) statutory cliff; no evidence in DCAD of an intervening post-5/28/2025 capital event for this specific parcel.
TX-43-1614,CASA VALLEY APTS,500 SANTA FE TRL,Irving,Dallas,320558000A0010000,151,1985,Pecos Housing Finance Corporation,S2 Capital,HFC,Ch.394,1,yes,True,30652500.0,,,HB21 §13(i),2027-01-01,True,,Haltom City v. Pecos HFC (injunction 6/3/2025); Arlington 15-25-00111-CV; Hays Co. (~$230M); Tarrant ARB $974M/28 sites; TWHC HB21 challenge,single-source,3,HB21 §13(i) statutory cliff; no evidence in DCAD of an intervening post-5/28/2025 capital event for this specific parcel.
TX-37-1315615,The Bernard Apartments,11991 Audelia Rd,Dallas,Dallas,00842100060020000,314,1983,Pecos Housing Finance Corporation,WindMass Capital,HFC,Ch.394,1,yes,True,38342570.0,,,HB21 §13(i) (1/1/2027 cliff) superseded by §13(e) capital-event early death,2026-04-07,True,"2026-04-07: Sold to Oconee Real Estate Holdings XIX / BX5 LLC (deed recorded 04/08/2026, DCAD instrument INT202600073067), same instrument as The Beckham/Blake/Bentley/Baxter -- the entire ex-'Brooklyn @9669' 5-property portfolio exited Pecos HFC ownership together.",Haltom City v. Pecos HFC (injunction 6/3/2025); Arlington 15-25-00111-CV; Hays Co. (~$230M); Tarrant ARB $974M/28 sites; TWHC HB21 challenge,cross-validated,3,"§13(e) early death -- DCAD deed record shows a post-5/28/2025 sale/majority-transfer that already moved this parcel out of Pecos HFC ownership, predating the 1/1/2027 §13(i) statutory cliff."
TX-37-1315617,The Beckham Apartments,12111 Audelia Rd,Dallas,Dallas,00842100060070000,260,1984,Pecos Housing Finance Corporation,WindMass Capital,HFC,Ch.394,1,yes,True,38923350.0,,,HB21 §13(i) (1/1/2027 cliff) superseded by §13(e) capital-event early death,2026-04-07,True,"2026-04-07: Sold to Oconee Real Estate Holdings XIX / BX5 LLC (deed recorded 04/08/2026, DCAD instrument INT202600073067), same instrument as The Bernard/Blake/Bentley/Baxter.",Haltom City v. Pecos HFC (injunction 6/3/2025); Arlington 15-25-00111-CV; Hays Co. (~$230M); Tarrant ARB $974M/28 sites; TWHC HB21 challenge,cross-validated,3,"§13(e) early death -- DCAD deed record shows a post-5/28/2025 sale/majority-transfer that already moved this parcel out of Pecos HFC ownership, predating the 1/1/2027 §13(i) statutory cliff."
TX-37-1315618,The Blake Apartments,9669 Forest Ln,Dallas,Dallas,00842100060010000,309,1983,Pecos Housing Finance Corporation,WindMass Capital,HFC,Ch.394,1,yes,True,40177090.0,,,HB21 §13(i) (1/1/2027 cliff) superseded by §13(e) capital-event early death,2026-04-07,True,"2026-04-07: Sold to Oconee Real Estate Holdings XIX / BX5 LLC (deed recorded 04/08/2026, DCAD instrument INT202600073067), same instrument as The Bernard/Beckham/Bentley/Baxter.",Haltom City v. Pecos HFC (injunction 6/3/2025); Arlington 15-25-00111-CV; Hays Co. (~$230M); Tarrant ARB $974M/28 sites; TWHC HB21 challenge,cross-validated,3,"§13(e) early death -- DCAD deed record shows a post-5/28/2025 sale/majority-transfer that already moved this parcel out of Pecos HFC ownership, predating the 1/1/2027 §13(i) statutory cliff."
TX-37-1315619,The Bentley Apartments,12121 Audelia Rd,Dallas,Dallas,00842100060060200,284,1984,Pecos Housing Finance Corporation,WindMass Capital,HFC,Ch.394,1,yes,True,35269050.0,,,HB21 §13(i) (1/1/2027 cliff) superseded by §13(e) capital-event early death,2026-04-07,True,"2026-04-07: Sold to Oconee Real Estate Holdings XIX / BX5 LLC (deed recorded 04/08/2026, DCAD instrument INT202600073067); DCAD flags the account 55% vacant, consistent with a distressed/lender-driven disposition.",Haltom City v. Pecos HFC (injunction 6/3/2025); Arlington 15-25-00111-CV; Hays Co. (~$230M); Tarrant ARB $974M/28 sites; TWHC HB21 challenge,cross-validated,3,"§13(e) early death -- DCAD deed record shows a post-5/28/2025 sale/majority-transfer that already moved this parcel out of Pecos HFC ownership, predating the 1/1/2027 §13(i) statutory cliff."
TX-37-1315620,The Baxter Apartments,"Audelia Rd area (Block 6/8421, Lot 3)",Dallas,Dallas,00842100060030000,270,1983,Pecos Housing Finance Corporation,WindMass Capital,HFC,Ch.394,1,yes,True,29537650.0,,,HB21 §13(i) (1/1/2027 cliff) superseded by §13(e) capital-event early death,2026-04-07,True,"2026-04-07: Sold to Oconee Real Estate Holdings XIX / BX5 LLC (deed recorded 04/08/2026, DCAD instrument INT202600073067); DCAD flags the account 56% vacant, consistent with a distressed/lender-driven disposition.",Haltom City v. Pecos HFC (injunction 6/3/2025); Arlington 15-25-00111-CV; Hays Co. (~$230M); Tarrant ARB $974M/28 sites; TWHC HB21 challenge,cross-validated,3,"§13(e) early death -- DCAD deed record shows a post-5/28/2025 sale/majority-transfer that already moved this parcel out of Pecos HFC ownership, predating the 1/1/2027 §13(i) statutory cliff."
TX-37-826,CASA BELLA (2019 RENO),2970 PEAVY RD,Dallas,Dallas,00000725357000000,176,1974,Pecos Housing Finance Corporation,,HFC,Ch.394,1,yes,True,25000000.0,,,HB21 §13(i),2027-01-01,True,,Haltom City v. Pecos HFC (injunction 6/3/2025); Arlington 15-25-00111-CV; Hays Co. (~$230M); Tarrant ARB $974M/28 sites; TWHC HB21 challenge,single-source,3,HB21 §13(i) statutory cliff; no evidence in DCAD of an intervening post-5/28/2025 capital event for this specific parcel.
TX-43-712,HOLBROOK,9860 SCYENE RD,Dallas,Dallas,00675500020020000,232,1986,Pecos Housing Finance Corporation,Ashland Greene Capital,HFC,Ch.394,1,yes,True,26295160.0,,,HB21 §13(i),2027-01-01,True,,Haltom City v. Pecos HFC (injunction 6/3/2025); Arlington 15-25-00111-CV; Hays Co. (~$230M); Tarrant ARB $974M/28 sites; TWHC HB21 challenge,single-source,3,HB21 §13(i) statutory cliff; no evidence in DCAD of an intervening post-5/28/2025 capital event for this specific parcel.
TX-37-1089,THE EMERSON,9900 ADLETA BLVD,Dallas,Dallas,0080690B0001A0000,486,1986,Pecos Housing Finance Corporation,,HFC,Ch.394,1,yes,True,56303680.0,,,HB21 §13(i),2027-01-01,True,,Haltom City v. Pecos HFC (injunction 6/3/2025); Arlington 15-25-00111-CV; Hays Co. (~$230M); Tarrant ARB $974M/28 sites; TWHC HB21 challenge,single-source,3,HB21 §13(i) statutory cliff; no evidence in DCAD of an intervening post-5/28/2025 capital event for this specific parcel.
TX-37-1415,REPUBLIC WEST APARTMENTS,241 E IH 30,Garland,Dallas,26178370010010000,410,1983,Pecos Housing Finance Corporation,S2 Capital,HFC,Ch.394,1,yes,True,50090050.0,,,HB21 §13(i),2027-01-01,True,,Haltom City v. Pecos HFC (injunction 6/3/2025); Arlington 15-25-00111-CV; Hays Co. (~$230M); Tarrant ARB $974M/28 sites; TWHC HB21 challenge,single-source,3,HB21 §13(i) statutory cliff; no evidence in DCAD of an intervening post-5/28/2025 capital event for this specific parcel.
TX-37-3376,DEDICATED CONSERVATION EASEMET/ESCARPMENT,7455 W CAMP WISDOM RD,Dallas,Dallas,00000818285800000,196,2022,Pecos Housing Finance Corporation,,HFC,Ch.394,1,yes,True,37129080.0,,,HB21 §13(i),2027-01-01,True,,Haltom City v. Pecos HFC (injunction 6/3/2025); Arlington 15-25-00111-CV; Hays Co. (~$230M); Tarrant ARB $974M/28 sites; TWHC HB21 challenge,single-source,4,HB21 §13(i) statutory cliff; no evidence in DCAD of an intervening post-5/28/2025 capital event for this specific parcel.
TX-43-1005,INNOVA,2781 N CARROLL AVE,Dallas,Dallas,002006001801D0000,430,2019,Pecos Housing Finance Corporation,JPI,HFC,Ch.394,1,yes,True,113950000.0,,,HB21 §13(i),2027-01-01,True,,Haltom City v. Pecos HFC (injunction 6/3/2025); Arlington 15-25-00111-CV; Hays Co. (~$230M); Tarrant ARB $974M/28 sites; TWHC HB21 challenge,single-source,3,HB21 §13(i) statutory cliff; no evidence in DCAD of an intervening post-5/28/2025 capital event for this specific parcel.
TX-43-1523,AVALON 8801,8801 RODEO DR,Irving,Dallas,325597700A0010000,212,1986,Pecos Housing Finance Corporation,,HFC,Ch.394,1,yes,True,47000000.0,,,HB21 §13(i),2027-01-01,True,,Haltom City v. Pecos HFC (injunction 6/3/2025); Arlington 15-25-00111-CV; Hays Co. (~$230M); Tarrant ARB $974M/28 sites; TWHC HB21 challenge,single-source,3,HB21 §13(i) statutory cliff; no evidence in DCAD of an intervening post-5/28/2025 capital event for this specific parcel.
TX-37-1473208,Knowlton Apartment Homes,5925 / 5800 Frontier Blvd / Northwest Dr,Mesquite,Dallas,382165600001D0000,412,1983,Pecos Housing Finance Corporation,Ashland Greene Capital,HFC,Ch.394,1,yes,True,46500000.0,,,HB21 §13(i) (1/1/2027 cliff) superseded by §13(e) capital-event early death,2026-06-03,True,"2026-06-03: Sold to Stonelex I 2 LLC c/o Blackstone Mortgage Trust (deed recorded 06/04/2026, DCAD instrument INT202600120366) -- ownership-vehicle naming and lender care-of address are consistent with a special-servicer / foreclosure-style disposition out of the Pecos HFC structure.",Haltom City v. Pecos HFC (injunction 6/3/2025); Arlington 15-25-00111-CV; Hays Co. (~$230M); Tarrant ARB $974M/28 sites; TWHC HB21 challenge,cross-validated,4,"§13(e) early death -- DCAD deed record shows a post-5/28/2025 sale/majority-transfer that already moved this parcel out of Pecos HFC ownership, predating the 1/1/2027 §13(i) statutory cliff."
TX-43-1065,KENDRICK,7324 SKILLMAN ST,Dallas,Dallas,008125000501D0000,405,1984,Pecos Housing Finance Corporation,S2 Capital,HFC,Ch.394,1,yes,True,68850000.0,,,HB21 §13(i),2027-01-01,True,,Haltom City v. Pecos HFC (injunction 6/3/2025); Arlington 15-25-00111-CV; Hays Co. (~$230M); Tarrant ARB $974M/28 sites; TWHC HB21 challenge,single-source,3,HB21 §13(i) statutory cliff; no evidence in DCAD of an intervening post-5/28/2025 capital event for this specific parcel.
TX-37-939198,ESTERA LEASING OFFICE,11321 WOODMEADOW PKWY,Dallas,Dallas,00000815847130000,100,1971,Pecos Housing Finance Corporation,,HFC,Ch.394,1,yes,True,18720440.0,,,HB21 §13(i),2027-01-01,True,,Haltom City v. Pecos HFC (injunction 6/3/2025); Arlington 15-25-00111-CV; Hays Co. (~$230M); Tarrant ARB $974M/28 sites; TWHC HB21 challenge,single-source,4,HB21 §13(i) statutory cliff; no evidence in DCAD of an intervening post-5/28/2025 capital event for this specific parcel.
TX-37-4271,THE MARION,9750 FOREST LN,Dallas,Dallas,00000791059100000,326,1983,Pecos Housing Finance Corporation,,HFC,Ch.394,1,yes,True,29446970.0,,,HB21 §13(i),2027-01-01,True,,Haltom City v. Pecos HFC (injunction 6/3/2025); Arlington 15-25-00111-CV; Hays Co. (~$230M); Tarrant ARB $974M/28 sites; TWHC HB21 challenge,single-source,3,HB21 §13(i) statutory cliff; no evidence in DCAD of an intervening post-5/28/2025 capital event for this specific parcel.
TX-37-1294,BRIARCREST APTS,1330 MAC ARTHUR DR,Carrollton,Dallas,14006580000000000,238,1983,Pecos Housing Finance Corporation,MC Companies,HFC,Ch.394,1,yes,True,47450990.0,,,HB21 §13(i),2027-01-01,True,,Haltom City v. Pecos HFC (injunction 6/3/2025); Arlington 15-25-00111-CV; Hays Co. (~$230M); Tarrant ARB $974M/28 sites; TWHC HB21 challenge,single-source,3,HB21 §13(i) statutory cliff; no evidence in DCAD of an intervening post-5/28/2025 capital event for this specific parcel.
TX-37-3624,GREENS OF HICKORY TRAIL,8609 OLD HICKORY TRL,Dallas,Dallas,007553000A0080000,250,1999,Pecos Housing Finance Corporation,Citadel Real Estate Group,HFC,Ch.394,1,yes,True,35000000.0,,,HB21 §13(i),2027-01-01,True,,Haltom City v. Pecos HFC (injunction 6/3/2025); Arlington 15-25-00111-CV; Hays Co. (~$230M); Tarrant ARB $974M/28 sites; TWHC HB21 challenge,single-source,3,HB21 §13(i) statutory cliff; no evidence in DCAD of an intervening post-5/28/2025 capital event for this specific parcel.
TX-37-1155,THE CHARLIE,13015 AUDELIA RD,Dallas,Dallas,0086780A000020000,314,1982,Pecos Housing Finance Corporation,Tides Equities,HFC,Ch.394,1,yes,True,24500000.0,,,HB21 §13(i),2027-01-01,True,,Haltom City v. Pecos HFC (injunction 6/3/2025); Arlington 15-25-00111-CV; Hays Co. (~$230M); Tarrant ARB $974M/28 sites; TWHC HB21 challenge,cross-validated,2,HB21 §13(i) statutory cliff; no evidence in DCAD of an intervening post-5/28/2025 capital event for this specific parcel.
TX-37-1173,VILLAGE ON THE GREEN,5301 ALPHA RD,Dallas,Dallas,00C79640000000100,202,2005,Pecos Housing Finance Corporation,S2 Capital,HFC,Ch.394,1,yes,True,39200000.0,,,HB21 §13(i),2027-01-01,True,,Haltom City v. Pecos HFC (injunction 6/3/2025); Arlington 15-25-00111-CV; Hays Co. (~$230M); Tarrant ARB $974M/28 sites; TWHC HB21 challenge,single-source,3,HB21 §13(i) statutory cliff; no evidence in DCAD of an intervening post-5/28/2025 capital event for this specific parcel.
TX-37-696,Melville Apartments,11160 & 11201 E LAKE HIGHLANDS DR,Dallas,Dallas,00000737176000000,356,1979,Pecos Housing Finance Corporation,S2 Capital,HFC,Ch.394,1,yes,True,40000000.0,,,HB21 §13(i),2027-01-01,True,,Haltom City v. Pecos HFC (injunction 6/3/2025); Arlington 15-25-00111-CV; Hays Co. (~$230M); Tarrant ARB $974M/28 sites; TWHC HB21 challenge,cross-validated,3,HB21 §13(i) statutory cliff; no evidence in DCAD of an intervening post-5/28/2025 capital event for this specific parcel.
TX-37-803,WESTWOOD APTS,3315 W PENTAGON PKWY,Dallas,Dallas,00000660352500000,187,1969,Pecos Housing Finance Corporation,Sahara Equity,HFC,Ch.394,1,yes,True,25071420.0,,,HB21 §13(i),2027-01-01,True,,Haltom City v. Pecos HFC (injunction 6/3/2025); Arlington 15-25-00111-CV; Hays Co. (~$230M); Tarrant ARB $974M/28 sites; TWHC HB21 challenge,single-source,3,HB21 §13(i) statutory cliff; no evidence in DCAD of an intervening post-5/28/2025 capital event for this specific parcel.
TX-37-1111,PRESTON GREENS,5990 ARAPAHO RD,Dallas,Dallas,00000799898000000,257,1980,Pecos Housing Finance Corporation,S2 Capital,HFC,Ch.394,1,yes,True,47204360.0,,,HB21 §13(i),2027-01-01,True,,Haltom City v. Pecos HFC (injunction 6/3/2025); Arlington 15-25-00111-CV; Hays Co. (~$230M); Tarrant ARB $974M/28 sites; TWHC HB21 challenge,single-source,3,HB21 §13(i) statutory cliff; no evidence in DCAD of an intervening post-5/28/2025 capital event for this specific parcel.
TX-37-1320,THE HOLDEN,2500 GUERRERO DR,Carrollton,Dallas,14107320000010000,320,1981,Pecos Housing Finance Corporation,S2 Capital,HFC,Ch.394,1,yes,True,44400000.0,,,HB21 §13(i),2027-01-01,True,,Haltom City v. Pecos HFC (injunction 6/3/2025); Arlington 15-25-00111-CV; Hays Co. (~$230M); Tarrant ARB $974M/28 sites; TWHC HB21 challenge,cross-validated,3,HB21 §13(i) statutory cliff; no evidence in DCAD of an intervening post-5/28/2025 capital event for this specific parcel.
TX-37-1438,THE HUXLEY,1802 APOLLO RD,Garland,Dallas,26578520010010000,236,1983,Pecos Housing Finance Corporation,S2 Capital,HFC,Ch.394,1,yes,True,30000000.0,,,HB21 §13(i),2027-01-01,True,,Haltom City v. Pecos HFC (injunction 6/3/2025); Arlington 15-25-00111-CV; Hays Co. (~$230M); Tarrant ARB $974M/28 sites; TWHC HB21 challenge,single-source,3,HB21 §13(i) statutory cliff; no evidence in DCAD of an intervening post-5/28/2025 capital event for this specific parcel.
TX-43-1495,RANCHO MIRAGE,1200 HIDDEN RIDGE DR,Irving,Dallas,32023410000020000,310,1990,Pecos Housing Finance Corporation,TruAmerica Multifamily,HFC,Ch.394,1,yes,True,65086730.0,,,HB21 §13(i),2027-01-01,True,,Haltom City v. Pecos HFC (injunction 6/3/2025); Arlington 15-25-00111-CV; Hays Co. (~$230M); Tarrant ARB $974M/28 sites; TWHC HB21 challenge,single-source,3,HB21 §13(i) statutory cliff; no evidence in DCAD of an intervening post-5/28/2025 capital event for this specific parcel.
TX-43-1702,THE RALEIGH,2305 DRIFTWOOD DR,Mesquite,Dallas,382160000A03A0000,264,1984,Pecos Housing Finance Corporation,S2 Capital,HFC,Ch.394,1,yes,True,40680000.0,,,HB21 §13(i),2027-01-01,True,,Haltom City v. Pecos HFC (injunction 6/3/2025); Arlington 15-25-00111-CV; Hays Co. (~$230M); Tarrant ARB $974M/28 sites; TWHC HB21 challenge,single-source,3,HB21 §13(i) statutory cliff; no evidence in DCAD of an intervening post-5/28/2025 capital event for this specific parcel.
TX-37-680,HOLBROOK,9760 SCYENE RD,Dallas,Dallas,00675500020010000,232,1984,Pecos Housing Finance Corporation,Ashland Greene Capital,HFC,Ch.394,1,yes,True,26295380.0,,,HB21 §13(i),2027-01-01,True,,Haltom City v. Pecos HFC (injunction 6/3/2025); Arlington 15-25-00111-CV; Hays Co. (~$230M); Tarrant ARB $974M/28 sites; TWHC HB21 challenge,single-source,3,HB21 §13(i) statutory cliff; no evidence in DCAD of an intervening post-5/28/2025 capital event for this specific parcel.
TX-43-613,TIDES OF LAWLER EAST,13030 AUDELIA RD,Dallas,Dallas,008432000C0010000,220,1981,Pecos Housing Finance Corporation,Tides Equities,HFC,Ch.394,1,yes,True,27000000.0,,,HB21 §13(i),2027-01-01,True,,Haltom City v. Pecos HFC (injunction 6/3/2025); Arlington 15-25-00111-CV; Hays Co. (~$230M); Tarrant ARB $974M/28 sites; TWHC HB21 challenge,single-source,4,HB21 §13(i) statutory cliff; no evidence in DCAD of an intervening post-5/28/2025 capital event for this specific parcel.
TX-43-1625,WYTHE APTS (2018 RENO),1814 ESTRADA PKWY,Irving,Dallas,325355400A0010000,248,1985,Pecos Housing Finance Corporation,Ashland Greene Capital,HFC,Ch.394,1,yes,True,29850000.0,,,HB21 §13(i),2027-01-01,True,,Haltom City v. Pecos HFC (injunction 6/3/2025); Arlington 15-25-00111-CV; Hays Co. (~$230M); Tarrant ARB $974M/28 sites; TWHC HB21 challenge,single-source,3,HB21 §13(i) statutory cliff; no evidence in DCAD of an intervening post-5/28/2025 capital event for this specific parcel.
TX-37-1153309,,,Rowlett,Dallas,,,2026,Pecos Housing Finance Corporation,JPI,HFC,Ch.394,1,yes,True,,,,HB21 §13(i),2027-01-01,True,,Haltom City v. Pecos HFC (injunction 6/3/2025); Arlington 15-25-00111-CV; Hays Co. (~$230M); Tarrant ARB $974M/28 sites; TWHC HB21 challenge,seed,1,HB21 §13(i) statutory cliff; no evidence in DCAD of an intervening post-5/28/2025 capital event for this specific parcel.
TX-43-1153801,JEFFERSON VINE,1225 IH 20,Grand Prairie,Dallas,28103730010020000,380,2021,Pecos Housing Finance Corporation,JPI,HFC,Ch.394,1,yes,True,76000000.0,,,HB21 §13(i),2027-01-01,True,,Haltom City v. Pecos HFC (injunction 6/3/2025); Arlington 15-25-00111-CV; Hays Co. (~$230M); Tarrant ARB $974M/28 sites; TWHC HB21 challenge,single-source,3,HB21 §13(i) statutory cliff; no evidence in DCAD of an intervening post-5/28/2025 capital event for this specific parcel.
TX-43-1479,JEFFERSON PROMENADE II,515 PROMENADE PKWY,Irving,Dallas,322422200A0020000,433,2020,Pecos Housing Finance Corporation,JPI,HFC,Ch.394,1,yes,True,101520700.0,,,HB21 §13(i),2027-01-01,True,,Haltom City v. Pecos HFC (injunction 6/3/2025); Arlington 15-25-00111-CV; Hays Co. (~$230M); Tarrant ARB $974M/28 sites; TWHC HB21 challenge,single-source,3,HB21 §13(i) statutory cliff; no evidence in DCAD of an intervening post-5/28/2025 capital event for this specific parcel.
TX-43-1324461,MARIPOSA VILLA APTS HOMES,1531 DUNCANVILLE RD,Dallas,Dallas,00767100130010000,216,2003,Pecos Housing Finance Corporation,,HFC,Ch.394,1,yes,True,39000000.0,,,HB21 §13(i),2027-01-01,True,,Haltom City v. Pecos HFC (injunction 6/3/2025); Arlington 15-25-00111-CV; Hays Co. (~$230M); Tarrant ARB $974M/28 sites; TWHC HB21 challenge,single-source,3,HB21 §13(i) statutory cliff; no evidence in DCAD of an intervening post-5/28/2025 capital event for this specific parcel.
TX-37-1092,THE ABBOTT,4599 W DAVIS ST,Dallas,Dallas,007209000A0040000,332,2003,Pecos Housing Finance Corporation,,HFC,Ch.394,1,yes,True,53500000.0,,,HB21 §13(i),2027-01-01,True,,Haltom City v. Pecos HFC (injunction 6/3/2025); Arlington 15-25-00111-CV; Hays Co. (~$230M); Tarrant ARB $974M/28 sites; TWHC HB21 challenge,single-source,3,HB21 §13(i) statutory cliff; no evidence in DCAD of an intervening post-5/28/2025 capital event for this specific parcel.
TX-37-1094,THE EVERLY,9350 SKILLMAN ST,Dallas,Dallas,0080700A000010100,420,1983,Pecos Housing Finance Corporation,,HFC,Ch.394,1,yes,True,51234870.0,,,HB21 §13(i),2027-01-01,True,,Haltom City v. Pecos HFC (injunction 6/3/2025); Arlington 15-25-00111-CV; Hays Co. (~$230M); Tarrant ARB $974M/28 sites; TWHC HB21 challenge,single-source,3,HB21 §13(i) statutory cliff; no evidence in DCAD of an intervening post-5/28/2025 capital event for this specific parcel.
TX-37-4261,BARRETT APARTMENT HOMES,238 E OATES RD,Garland,Dallas,26381700010010000,200,1981,Pecos Housing Finance Corporation,Ashland Greene Capital,HFC,Ch.394,1,yes,True,28500000.0,,,HB21 §13(i),2027-01-01,True,,Haltom City v. Pecos HFC (injunction 6/3/2025); Arlington 15-25-00111-CV; Hays Co. (~$230M); Tarrant ARB $974M/28 sites; TWHC HB21 challenge,single-source,3,HB21 §13(i) statutory cliff; no evidence in DCAD of an intervening post-5/28/2025 capital event for this specific parcel.
TX-43-1043,ARBORSTONE II   CORAL CREEK APTS,6500 S COCKRELL HILL RD,Dallas,Dallas,006938000A01A0000,536,1985,Pecos Housing Finance Corporation,Sahara Equity,HFC,Ch.394,1,yes,True,75000000.0,,,HB21 §13(i),2027-01-01,True,,Haltom City v. Pecos HFC (injunction 6/3/2025); Arlington 15-25-00111-CV; Hays Co. (~$230M); Tarrant ARB $974M/28 sites; TWHC HB21 challenge,single-source,3,HB21 §13(i) statutory cliff; no evidence in DCAD of an intervening post-5/28/2025 capital event for this specific parcel.
TX-43-1071,KADE,3301 HUDNALL ST,Dallas,Dallas,005703004A0010000,348,2014,Pecos Housing Finance Corporation,Knightvest Residential,HFC,Ch.394,1,yes,True,64000000.0,,,HB21 §13(i),2027-01-01,True,,Haltom City v. Pecos HFC (injunction 6/3/2025); Arlington 15-25-00111-CV; Hays Co. (~$230M); Tarrant ARB $974M/28 sites; TWHC HB21 challenge,single-source,3,HB21 §13(i) statutory cliff; no evidence in DCAD of an intervening post-5/28/2025 capital event for this specific parcel.
TX-43-3479,THE ABIGAIL,821 S POLK ST,Desoto,Dallas,200547500A0020000,198,2007,Pecos Housing Finance Corporation,WindMass Capital,HFC,Ch.394,1,yes,True,38000000.0,,,HB21 §13(i),2027-01-01,True,,Haltom City v. Pecos HFC (injunction 6/3/2025); Arlington 15-25-00111-CV; Hays Co. (~$230M); Tarrant ARB $974M/28 sites; TWHC HB21 challenge,single-source,3,HB21 §13(i) statutory cliff; no evidence in DCAD of an intervening post-5/28/2025 capital event for this specific parcel.
TX-37-1112,THE EVERLY,9340 SKILLMAN ST,Dallas,Dallas,0080700A000010000,354,1983,Pecos Housing Finance Corporation,WindMass Capital,HFC,Ch.394,1,yes,True,43439470.0,,,HB21 §13(i),2027-01-01,True,,Haltom City v. Pecos HFC (injunction 6/3/2025); Arlington 15-25-00111-CV; Hays Co. (~$230M); Tarrant ARB $974M/28 sites; TWHC HB21 challenge,single-source,3,HB21 §13(i) statutory cliff; no evidence in DCAD of an intervening post-5/28/2025 capital event for this specific parcel.
TX-37-881,,,Dallas,Dallas,,,,Pleasanton Housing Finance Corporation,,HFC,Ch.394,1,yes,True,,,,HB21 §13(i),2027-01-01,True,,15-25-00110/-00111-CV (appeals abandoned; TIs stand); Hays Co. 25-1185-DCB TRO; AG RQ-0566-KP pending,seed,1,HB21 §13(i) statutory cliff; no evidence in DCAD of an intervening post-5/28/2025 capital event for this specific parcel.
TX-43-1225449,SPRINGS AT GRAND PRAIRIE,2136 SARA JANE PKY,Grand Prairie,Dallas,220334900A0010000,276,2021,Pleasanton Housing Finance Corporation,Continental Properties,HFC,Ch.394,1,yes,True,54898400.0,,,HB21 §13(i),2027-01-01,True,,15-25-00110/-00111-CV (appeals abandoned; TIs stand); Hays Co. 25-1185-DCB TRO; AG RQ-0566-KP pending,single-source,3,HB21 §13(i) statutory cliff; no evidence in DCAD of an intervening post-5/28/2025 capital event for this specific parcel.
TX-37-1385,EQUINOX ON THE PARK,6200 N SHILOH RD,Garland,Dallas,26174700010010000,338,1999,Pleasanton Housing Finance Corporation,Cypress Equity Investments,HFC,Ch.394,1,yes,True,64000000.0,,,HB21 §13(i),2027-01-01,True,,15-25-00110/-00111-CV (appeals abandoned; TIs stand); Hays Co. 25-1185-DCB TRO; AG RQ-0566-KP pending,single-source,3,HB21 §13(i) statutory cliff; no evidence in DCAD of an intervening post-5/28/2025 capital event for this specific parcel.
TX-43-1468,BELMONT,1920 W TARRANT RD,Grand Prairie,Dallas,282175200A0010000,260,1983,Pleasanton Housing Finance Corporation,L5 Odyssey,HFC,Ch.394,1,yes,True,44720000.0,,,HB21 §13(i),2027-01-01,True,,15-25-00110/-00111-CV (appeals abandoned; TIs stand); Hays Co. 25-1185-DCB TRO; AG RQ-0566-KP pending,single-source,3,HB21 §13(i) statutory cliff; no evidence in DCAD of an intervening post-5/28/2025 capital event for this specific parcel.
TX-37-750,RIVIERIA,11700 AUDELIA RD,Dallas,Dallas,00000787230000000,247,1980,Pleasanton Housing Finance Corporation,Polaris Real Estate Partners,HFC,Ch.394,1,yes,True,20750000.0,,,HB21 §13(i),2027-01-01,True,,15-25-00110/-00111-CV (appeals abandoned; TIs stand); Hays Co. 25-1185-DCB TRO; AG RQ-0566-KP pending,single-source,3,HB21 §13(i) statutory cliff; no evidence in DCAD of an intervening post-5/28/2025 capital event for this specific parcel.
TX-37-1104,MARQUIS AT PARK CENTRAL,7900 CHURCHILL WAY,Dallas,Dallas,007731000A0020000,308,1998,Pleasanton Housing Finance Corporation,Hilltop Residential,HFC,Ch.394,1,yes,True,76010140.0,,,HB21 §13(i),2027-01-01,True,,15-25-00110/-00111-CV (appeals abandoned; TIs stand); Hays Co. 25-1185-DCB TRO; AG RQ-0566-KP pending,single-source,3,HB21 §13(i) statutory cliff; no evidence in DCAD of an intervening post-5/28/2025 capital event for this specific parcel.
TX-37-1153,WINDHDAM CREST,9600 LBJ FWY,Dallas,Dallas,008097000A01B0000,196,1979,Pleasanton Housing Finance Corporation,Polaris Real Estate Partners,HFC,Ch.394,1,yes,True,25082420.0,,,HB21 §13(i),2027-01-01,True,,15-25-00110/-00111-CV (appeals abandoned; TIs stand); Hays Co. 25-1185-DCB TRO; AG RQ-0566-KP pending,single-source,3,HB21 §13(i) statutory cliff; no evidence in DCAD of an intervening post-5/28/2025 capital event for this specific parcel.
TX-43-3712,FOREST HILLS APTS,9659 FOREST LN,Dallas,Dallas,008421000702A0000,216,1984,Pleasanton Housing Finance Corporation,Polaris Real Estate Partners,HFC,Ch.394,1,yes,True,21500000.0,,,HB21 §13(i),2027-01-01,True,,15-25-00110/-00111-CV (appeals abandoned; TIs stand); Hays Co. 25-1185-DCB TRO; AG RQ-0566-KP pending,single-source,3,HB21 §13(i) statutory cliff; no evidence in DCAD of an intervening post-5/28/2025 capital event for this specific parcel.
TX-37-1358481,PRESIDIUM VALLEY VIEW,4040 VALLEY VIEW LN,Farmers Branch,Dallas,241475800A0010000,338,2023,Pleasanton Housing Finance Corporation,Presidium,HFC,Ch.394,1,yes,True,43500000.0,,,HB21 §13(i),2027-01-01,True,,15-25-00110/-00111-CV (appeals abandoned; TIs stand); Hays Co. 25-1185-DCB TRO; AG RQ-0566-KP pending,single-source,3,HB21 §13(i) statutory cliff; no evidence in DCAD of an intervening post-5/28/2025 capital event for this specific parcel.
TX-43-518,BELLA VIDA,7651 C F HAWN FWY,Dallas,Dallas,00000557891000000,256,1970,Texas Essential Housing Public Facility Corporation,Nitya Capital,PFC,Ch.303,2,yes,True,26400000.0,,,HB2071 grandfather (Ch.303 PFC -- HB21's 1/1/2027 cliff is HFC-only and does not reach PFCs),,,,TEHPFC v. Williamson CAD 24-0022-C395 & 24-1698-C395; AG KP-0437; SB 2434 (dissolution) died 88R,single-source,3,"No statutory cliff for Ch.303 PFCs. Event-driven: 99-yr ground-lease term, capital event (sale/refi/majority transfer), §303.0426 audit failure, or CAD/AG challenge (cf. AG KP-0437, Williamson CAD suits)."
TX-43-554,HIGHLAND ROAD VILLAGE,4355 WYOMING ST,Dallas,Dallas,00000660886500000,172,1968,Texas Essential Housing Public Facility Corporation,Nitya Capital,PFC,Ch.303,2,yes,True,21451950.0,,,HB2071 grandfather (Ch.303 PFC -- HB21's 1/1/2027 cliff is HFC-only and does not reach PFCs),,,,TEHPFC v. Williamson CAD 24-0022-C395 & 24-1698-C395; AG KP-0437; SB 2434 (dissolution) died 88R,single-source,3,"No statutory cliff for Ch.303 PFCs. Event-driven: 99-yr ground-lease term, capital event (sale/refi/majority transfer), §303.0426 audit failure, or CAD/AG challenge (cf. AG KP-0437, Williamson CAD suits)."
TX-43-616,WESTERN PARK,2704 S COCKRELL HILL RD,Dallas,Dallas,00000660886000000,160,1965,Texas Essential Housing Public Facility Corporation,Nitya Capital,PFC,Ch.303,2,yes,True,19121620.0,,,HB2071 grandfather (Ch.303 PFC -- HB21's 1/1/2027 cliff is HFC-only and does not reach PFCs),,,,TEHPFC v. Williamson CAD 24-0022-C395 & 24-1698-C395; AG KP-0437; SB 2434 (dissolution) died 88R,single-source,3,"No statutory cliff for Ch.303 PFCs. Event-driven: 99-yr ground-lease term, capital event (sale/refi/majority transfer), §303.0426 audit failure, or CAD/AG challenge (cf. AG KP-0437, Williamson CAD suits)."
TX-43-1018,THE MUSE,3035 W PENTAGON PKWY,Dallas,Dallas,00000513763000000,804,1969,Texas Essential Housing Public Facility Corporation,Nitya Capital,PFC,Ch.303,2,yes,True,78801260.0,,,HB2071 grandfather (Ch.303 PFC -- HB21's 1/1/2027 cliff is HFC-only and does not reach PFCs),,,,TEHPFC v. Williamson CAD 24-0022-C395 & 24-1698-C395; AG KP-0437; SB 2434 (dissolution) died 88R,single-source,4,"No statutory cliff for Ch.303 PFCs. Event-driven: 99-yr ground-lease term, capital event (sale/refi/majority transfer), §303.0426 audit failure, or CAD/AG challenge (cf. AG KP-0437, Williamson CAD suits)."
TX-NEW-DALLAS-1,ESTRELLA  AT KIEST (ALL BILLS),4542 W KIEST BLVD,Dallas,Dallas,00000657048000100,232,1968,Cameron County Housing Finance Corporation,ZNE Capital and LeavenWealth,HFC,Ch.394,1,yes,True,20533930.0,,,HB21 §13(i),2027-01-01,True,,"Williamson County v. Cameron County HFC (TRO); Bexar AD suit (27 complexes/$26M); TWHC HB21 constitutional challenge (Cameron Co., 9/9/2025)",single-source,3,HB21 §13(i) statutory cliff; no evidence in DCAD of an intervening post-5/28/2025 capital event for this specific parcel.
TX-NEW-DALLAS-2,SPHINX AT FIJI LOFTS,229 AVE A,Dallas,Dallas,00000335533000000,32,2022,Cameron County Housing Finance Corporation,Sphinx Development Corporation,HFC,Ch.394,1,yes,True,6755030.0,,,HB21 §13(i),2027-01-01,True,,"Williamson County v. Cameron County HFC (TRO); Bexar AD suit (27 complexes/$26M); TWHC HB21 constitutional challenge (Cameron Co., 9/9/2025)",single-source,3,HB21 §13(i) statutory cliff; no evidence in DCAD of an intervening post-5/28/2025 capital event for this specific parcel.
TX-NEW-DALLAS-3,SPHINX AT FIJI LOFTS,215 S CORINTH ST RD,Dallas,Dallas,00000335536000000,32,2022,Cameron County Housing Finance Corporation,Sphinx Development Corporation,HFC,Ch.394,1,yes,True,6741050.0,,,HB21 §13(i),2027-01-01,True,,"Williamson County v. Cameron County HFC (TRO); Bexar AD suit (27 complexes/$26M); TWHC HB21 constitutional challenge (Cameron Co., 9/9/2025)",single-source,3,HB21 §13(i) statutory cliff; no evidence in DCAD of an intervening post-5/28/2025 capital event for this specific parcel.
TX-NEW-DALLAS-4,SPHINX AT FIJI LOFTS,331 AVE A,Dallas,Dallas,00000335560000000,30,2022,Cameron County Housing Finance Corporation,Sphinx Development Corporation,HFC,Ch.394,1,yes,True,6736940.0,,,HB21 §13(i),2027-01-01,True,,"Williamson County v. Cameron County HFC (TRO); Bexar AD suit (27 complexes/$26M); TWHC HB21 constitutional challenge (Cameron Co., 9/9/2025)",single-source,3,HB21 §13(i) statutory cliff; no evidence in DCAD of an intervening post-5/28/2025 capital event for this specific parcel.
TX-NEW-DALLAS-5,SPHINX AT FIJI LOFTS,1581 AVE B,Dallas,Dallas,00000335548000000,30,2022,Cameron County Housing Finance Corporation,Sphinx Development Corporation,HFC,Ch.394,1,yes,True,6726590.0,,,HB21 §13(i),2027-01-01,True,,"Williamson County v. Cameron County HFC (TRO); Bexar AD suit (27 complexes/$26M); TWHC HB21 constitutional challenge (Cameron Co., 9/9/2025)",single-source,3,HB21 §13(i) statutory cliff; no evidence in DCAD of an intervening post-5/28/2025 capital event for this specific parcel.
TX-NEW-DALLAS-6,LAKE JUNE VILLAGE,1220 N MASTERS DR,Dallas,Dallas,00000624321000000,100,1975,Cameron County Housing Finance Corporation,,HFC,Ch.394,1,yes,True,3585000.0,,,HB21 §13(i),2027-01-01,True,,"Williamson County v. Cameron County HFC (TRO); Bexar AD suit (27 complexes/$26M); TWHC HB21 constitutional challenge (Cameron Co., 9/9/2025)",single-source,3,HB21 §13(i) statutory cliff; no evidence in DCAD of an intervening post-5/28/2025 capital event for this specific parcel.
TX-NEW-DALLAS-7,SPHINX AT FUJI LOFTS,303 AVE A,Dallas,Dallas,00000335581000000,312,2022,Cameron County Housing Finance Corporation,Sphinx Development Corporation,HFC,Ch.394,1,yes,True,3388990.0,,,HB21 §13(i),2027-01-01,True,,"Williamson County v. Cameron County HFC (TRO); Bexar AD suit (27 complexes/$26M); TWHC HB21 constitutional challenge (Cameron Co., 9/9/2025)",single-source,3,HB21 §13(i) statutory cliff; no evidence in DCAD of an intervening post-5/28/2025 capital event for this specific parcel.
TX-NEW-DALLAS-8,SPHINX AT FIJI LOFTS,201 S CORINTH ST RD,Dallas,Dallas,00000335539000000,16,2022,Cameron County Housing Finance Corporation,Sphinx Development Corporation,HFC,Ch.394,1,yes,True,3385300.0,,,HB21 §13(i),2027-01-01,True,,"Williamson County v. Cameron County HFC (TRO); Bexar AD suit (27 complexes/$26M); TWHC HB21 constitutional challenge (Cameron Co., 9/9/2025)",single-source,3,HB21 §13(i) statutory cliff; no evidence in DCAD of an intervening post-5/28/2025 capital event for this specific parcel.
TX-NEW-DALLAS-9,SPHINX AT FIJI LOFTS,307 AVE A,Dallas,Dallas,00000335578000000,16,2022,Cameron County Housing Finance Corporation,Sphinx Development Corporation,HFC,Ch.394,1,yes,True,3378330.0,,,HB21 §13(i),2027-01-01,True,,"Williamson County v. Cameron County HFC (TRO); Bexar AD suit (27 complexes/$26M); TWHC HB21 constitutional challenge (Cameron Co., 9/9/2025)",single-source,3,HB21 §13(i) statutory cliff; no evidence in DCAD of an intervening post-5/28/2025 capital event for this specific parcel.
TX-NEW-DALLAS-10,SPHINX AT FIJI LOFTS,327 AVE A,Dallas,Dallas,00000335563000000,16,2022,Cameron County Housing Finance Corporation,Sphinx Development Corporation,HFC,Ch.394,1,yes,True,3372160.0,,,HB21 §13(i),2027-01-01,True,,"Williamson County v. Cameron County HFC (TRO); Bexar AD suit (27 complexes/$26M); TWHC HB21 constitutional challenge (Cameron Co., 9/9/2025)",single-source,3,HB21 §13(i) statutory cliff; no evidence in DCAD of an intervening post-5/28/2025 capital event for this specific parcel.
TX-NEW-DALLAS-11,SPHINX AT FIJI LOFTS,323 AVE A,Dallas,Dallas,00000335566000000,16,2022,Cameron County Housing Finance Corporation,Sphinx Development Corporation,HFC,Ch.394,1,yes,True,3371880.0,,,HB21 §13(i),2027-01-01,True,,"Williamson County v. Cameron County HFC (TRO); Bexar AD suit (27 complexes/$26M); TWHC HB21 constitutional challenge (Cameron Co., 9/9/2025)",single-source,3,HB21 §13(i) statutory cliff; no evidence in DCAD of an intervening post-5/28/2025 capital event for this specific parcel.
TX-NEW-DALLAS-12,AVA WEST I,9750 ROYAL LN,Dallas,Dallas,00000791118050000,272,1978,Edcouch Community Housing Finance Corporation,Pennybacker Capital,HFC,Ch.394,1,yes,True,25000000.0,,,HB21 §13(i),2027-01-01,True,,Bexar AD suit; TWHC coalition,single-source,3,HB21 §13(i) statutory cliff; no evidence in DCAD of an intervening post-5/28/2025 capital event for this specific parcel.
TX-NEW-DALLAS-13,AVA NORTH,8401 SKILLMAN ST,Dallas,Dallas,00000791118080000,248,1978,Edcouch Community Housing Finance Corporation,Pennybacker Capital,HFC,Ch.394,1,yes,True,22000000.0,,,HB21 §13(i),2027-01-01,True,,Bexar AD suit; TWHC coalition,single-source,3,HB21 §13(i) statutory cliff; no evidence in DCAD of an intervening post-5/28/2025 capital event for this specific parcel.
TX-NEW-DALLAS-14,AVA WEST II,8201 FAIR OAKS CROSSING,Dallas,Dallas,00000791118060000,200,1979,Edcouch Community Housing Finance Corporation,Pennybacker Capital,HFC,Ch.394,1,yes,True,20000000.0,,,HB21 §13(i),2027-01-01,True,,Bexar AD suit; TWHC coalition,single-source,3,HB21 §13(i) statutory cliff; no evidence in DCAD of an intervening post-5/28/2025 capital event for this specific parcel.
TX-NEW-DALLAS-15,AVA APARTMENTS,8303 SKILLMAN ST,Dallas,Dallas,008107000C0010000,160,1978,Edcouch Community Housing Finance Corporation,Pennybacker Capital,HFC,Ch.394,1,yes,True,18000000.0,,,HB21 §13(i),2027-01-01,True,,Bexar AD suit; TWHC coalition,single-source,3,HB21 §13(i) statutory cliff; no evidence in DCAD of an intervening post-5/28/2025 capital event for this specific parcel.
TX-NEW-DALLAS-16,LANDMARK AT LAKE VILLAGE EAST - 57 UNITS,1325 E IH 30,Garland,Dallas,26595600010010000,57,1983,Edcouch Community Housing Finance Corporation,Tides Equities,HFC,Ch.394,1,yes,True,7302600.0,,,HB21 §13(i),2027-01-01,True,,Bexar AD suit; TWHC coalition,single-source,3,HB21 §13(i) statutory cliff; no evidence in DCAD of an intervening post-5/28/2025 capital event for this specific parcel.
TX-NEW-DALLAS-17,LANDMARK AT LAKE VILLAGE EAST - 54 UNITS,4350 POINT BLVD,Garland,Dallas,26178690010030100,54,1983,Edcouch Community Housing Finance Corporation,Tides Equities,HFC,Ch.394,1,yes,True,6604800.0,,,HB21 §13(i),2027-01-01,True,,Bexar AD suit; TWHC coalition,single-source,3,HB21 §13(i) statutory cliff; no evidence in DCAD of an intervening post-5/28/2025 capital event for this specific parcel.
TX-NEW-DALLAS-18,LANDMARK AT LAKE VILLAGE EAST - 28 UNITS,5513 LAKE HUBBARD PKWY,Garland,Dallas,26178580030010100,28,1983,Edcouch Community Housing Finance Corporation,Tides Equities,HFC,Ch.394,1,yes,True,3776670.0,,,HB21 §13(i),2027-01-01,True,,Bexar AD suit; TWHC coalition,single-source,3,HB21 §13(i) statutory cliff; no evidence in DCAD of an intervening post-5/28/2025 capital event for this specific parcel.
TX-NEW-DALLAS-19,LANDMARK AT LAKE VILLAGE EAST - 28 UNITS,6125 MARVIN LOVING DR,Garland,Dallas,26178650020010000,28,1983,Edcouch Community Housing Finance Corporation,Tides Equities,HFC,Ch.394,1,yes,True,3744420.0,,,HB21 §13(i),2027-01-01,True,,Bexar AD suit; TWHC coalition,single-source,3,HB21 §13(i) statutory cliff; no evidence in DCAD of an intervening post-5/28/2025 capital event for this specific parcel.
TX-NEW-DALLAS-20,LANDMARK AT LAKE VILLAGE EAST - 28 UNITS,5829 MARVIN LOVING DR,Garland,Dallas,26178710030030200,28,1983,Edcouch Community Housing Finance Corporation,Tides Equities,HFC,Ch.394,1,yes,True,3744420.0,,,HB21 §13(i),2027-01-01,True,,Bexar AD suit; TWHC coalition,single-source,3,HB21 §13(i) statutory cliff; no evidence in DCAD of an intervening post-5/28/2025 capital event for this specific parcel.
TX-NEW-DALLAS-21,TIDES AT LAKE VILLAGE - 32 UNITS,4266 BASS PRO DR,Garland,Dallas,26178300010030800,32,1983,Edcouch Community Housing Finance Corporation,Tides Equities,HFC,Ch.394,1,yes,True,3693300.0,,,HB21 §13(i),2027-01-01,True,,Bexar AD suit; TWHC coalition,single-source,3,HB21 §13(i) statutory cliff; no evidence in DCAD of an intervening post-5/28/2025 capital event for this specific parcel.
TX-NEW-DALLAS-22,LANDMARK AT LAKE VILLAGE EAST - 20 UNITS,6133 MARVIN LOVING DR,Garland,Dallas,26178650010010100,20,1983,Edcouch Community Housing Finance Corporation,Tides Equities,HFC,Ch.394,1,yes,True,2577220.0,,,HB21 §13(i),2027-01-01,True,,Bexar AD suit; TWHC coalition,single-source,3,HB21 §13(i) statutory cliff; no evidence in DCAD of an intervening post-5/28/2025 capital event for this specific parcel.
TX-NEW-DALLAS-23,LANDMARK AT LAKE VILLAGE EAST - 14 UNITS,6034 MARVIN LOVING DR,Garland,Dallas,26178630020020200,14,1983,Edcouch Community Housing Finance Corporation,Tides Equities,HFC,Ch.394,1,yes,True,1841150.0,,,HB21 §13(i),2027-01-01,True,,Bexar AD suit; TWHC coalition,single-source,3,HB21 §13(i) statutory cliff; no evidence in DCAD of an intervening post-5/28/2025 capital event for this specific parcel.
TX-NEW-DALLAS-24,DEVON ON NORTHGATE PH 2,3800 ESTERS RD,Irving,Dallas,321100000A0010100,188,1983,Edcouch Community Housing Finance Corporation,Ashcroft Capital,HFC,Ch.394,1,yes,True,28116070.0,,,HB21 §13(i),2027-01-01,True,,Bexar AD suit; TWHC coalition,single-source,3,HB21 §13(i) statutory cliff; no evidence in DCAD of an intervening post-5/28/2025 capital event for this specific parcel.
TX-NEW-DALLAS-25,THE LOFT APARTMENT OF ADDISON,4800 KELLER SPRINGS RD,Addison,Dallas,104500000A0010000,353,2012,Garland Housing Finance Corporation,Blackstone Real Estate Income Trust,HFC,Ch.394,1,yes,True,75044080.0,,,HB21 §13(i),2027-01-01,True,,Collin CAD v. GHFC 05-19-01417-CV (GHFC won pre-HB21; now overridden by §13(i)),single-source,3,HB21 §13(i) statutory cliff; no evidence in DCAD of an intervening post-5/28/2025 capital event for this specific parcel.
TX-NEW-DALLAS-26,GREENTREE APARTMENTS PHASE II,1115 MAC ARTHUR DR,Carrollton,Dallas,14041070000010000,128,1984,Garland Housing Finance Corporation,Post Investment Group,HFC,Ch.394,1,yes,True,18060480.0,,,HB21 §13(i),2027-01-01,True,,Collin CAD v. GHFC 05-19-01417-CV (GHFC won pre-HB21; now overridden by §13(i)),single-source,3,HB21 §13(i) statutory cliff; no evidence in DCAD of an intervening post-5/28/2025 capital event for this specific parcel.
TX-NEW-DALLAS-27,COURTNEY PLACE (ECU),3211 CHAPEL CREEK DR,Dallas,Dallas,00000595741000000,115,1966,La Villa Housing Finance Corporation,Strategic Realty Holdings,HFC,Ch.394,1,yes,True,17136470.0,,,HB21 §13(i),2027-01-01,True,,Fort Worth temporary-order effort (13 props/$3.2M); Bexar AD suit; TWHC coalition,single-source,3,HB21 §13(i) statutory cliff; no evidence in DCAD of an intervening post-5/28/2025 capital event for this specific parcel.
TX-NEW-DALLAS-28,COURTNEY PLACE (ECU),3232 CHAPEL CREEK DR,Dallas,Dallas,00000595735000000,106,1965,La Villa Housing Finance Corporation,Strategic Realty Holdings,HFC,Ch.394,1,yes,True,17063360.0,,,HB21 §13(i),2027-01-01,True,,Fort Worth temporary-order effort (13 props/$3.2M); Bexar AD suit; TWHC coalition,single-source,3,HB21 §13(i) statutory cliff; no evidence in DCAD of an intervening post-5/28/2025 capital event for this specific parcel.
TX-NEW-DALLAS-29,SPANISH PUEBLO APARTMENTS,9701 DALE CREST DR,Dallas,Dallas,00000595781000000,96,1972,La Villa Housing Finance Corporation,Strategic Realty Holdings,HFC,Ch.394,1,yes,True,15070980.0,,,HB21 §13(i),2027-01-01,True,,Fort Worth temporary-order effort (13 props/$3.2M); Bexar AD suit; TWHC coalition,single-source,3,HB21 §13(i) statutory cliff; no evidence in DCAD of an intervening post-5/28/2025 capital event for this specific parcel.
TX-NEW-DALLAS-30,CHASE PLACE,9825 WEBBS CHAPEL RD,Dallas,Dallas,00000595738000000,81,1964,La Villa Housing Finance Corporation,Strategic Realty Holdings,HFC,Ch.394,1,yes,True,14842150.0,,,HB21 §13(i),2027-01-01,True,,Fort Worth temporary-order effort (13 props/$3.2M); Bexar AD suit; TWHC coalition,single-source,3,HB21 §13(i) statutory cliff; no evidence in DCAD of an intervening post-5/28/2025 capital event for this specific parcel.
TX-NEW-DALLAS-31,MESA RIDGE VILLAGE EAST ((ECU 49% VACANT)),3504 FAWN VALLEY DR,Dallas,Dallas,00000474083000000,140,1969,La Villa Housing Finance Corporation,Cienda Partners,HFC,Ch.394,1,yes,True,13566350.0,,,HB21 §13(i),2027-01-01,True,,Fort Worth temporary-order effort (13 props/$3.2M); Bexar AD suit; TWHC coalition,single-source,3,HB21 §13(i) statutory cliff; no evidence in DCAD of an intervening post-5/28/2025 capital event for this specific parcel.
TX-NEW-DALLAS-32,FAWN RIDGE VILLAGE EAST (ECU 49% VACANT),630 BOW ARROW DR,Dallas,Dallas,00000474154000000,48,1969,La Villa Housing Finance Corporation,Cienda Partners,HFC,Ch.394,1,yes,True,4736270.0,,,HB21 §13(i),2027-01-01,True,,Fort Worth temporary-order effort (13 props/$3.2M); Bexar AD suit; TWHC coalition,single-source,3,HB21 §13(i) statutory cliff; no evidence in DCAD of an intervening post-5/28/2025 capital event for this specific parcel.
TX-NEW-DALLAS-33,FAWN RIDGE VILLAGE EAST (ECU 49% VACANT),718 BOW ARROW DR,Dallas,Dallas,00000474151000000,32,1969,La Villa Housing Finance Corporation,Cienda Partners,HFC,Ch.394,1,yes,True,3157520.0,,,HB21 §13(i),2027-01-01,True,,Fort Worth temporary-order effort (13 props/$3.2M); Bexar AD suit; TWHC coalition,single-source,3,HB21 §13(i) statutory cliff; no evidence in DCAD of an intervening post-5/28/2025 capital event for this specific parcel.
TX-NEW-DALLAS-34,DELAFIELD VILLAS-TXA20050340,8200 HOYLE AVE,Dallas,Dallas,006209000A0010000,204,2005,Maverick County Housing Finance Corporation,Sphinx Development Corporation,HFC,Ch.394,1,yes,True,21218660.0,,,HB21 §13(i),2027-01-01,True,,"Missouri City v. Maverick County HFC (Fort Bend 268th, TRO); Fort Worth effort; Bexar AD suit; TWHC coalition",single-source,3,HB21 §13(i) statutory cliff; no evidence in DCAD of an intervening post-5/28/2025 capital event for this specific parcel.
TX-NEW-DALLAS-35,ESTARA,11200 WOODMEADOW PKWY,Dallas,Dallas,00000815847050000,116,1971,Pecos Housing Finance Corporation,,HFC,Ch.394,1,yes,True,17073560.0,,,HB21 §13(i),2027-01-01,True,,Haltom City v. Pecos HFC (injunction 6/3/2025); Arlington 15-25-00111-CV; Hays Co. (~$230M); Tarrant ARB $974M/28 sites; TWHC HB21 challenge,single-source,3,HB21 §13(i) statutory cliff; no evidence in DCAD of an intervening post-5/28/2025 capital event for this specific parcel.
TX-NEW-DALLAS-36,WYNDHAM ON THE CREEK,9633 FERRIS BRANCH BLVD,Dallas,Dallas,00815000140010000,151,1984,Pecos Housing Finance Corporation,WindMass Capital,HFC,Ch.394,1,yes,True,15600000.0,,,HB21 §13(i),2027-01-01,True,,Haltom City v. Pecos HFC (injunction 6/3/2025); Arlington 15-25-00111-CV; Hays Co. (~$230M); Tarrant ARB $974M/28 sites; TWHC HB21 challenge,single-source,3,HB21 §13(i) statutory cliff; no evidence in DCAD of an intervening post-5/28/2025 capital event for this specific parcel.
TX-NEW-DALLAS-37,ADIRA APARTMENTS,1301 W WHEATLAND RD,Dallas,Dallas,00000750862900000,164,1972,Pecos Housing Finance Corporation,AIC Capital,HFC,Ch.394,1,yes,True,14500000.0,,,HB21 §13(i),2027-01-01,True,,Haltom City v. Pecos HFC (injunction 6/3/2025); Arlington 15-25-00111-CV; Hays Co. (~$230M); Tarrant ARB $974M/28 sites; TWHC HB21 challenge,single-source,3,HB21 §13(i) statutory cliff; no evidence in DCAD of an intervening post-5/28/2025 capital event for this specific parcel.
TX-NEW-DALLAS-38,TIDES ON MCCALLUM NORTH,7760 MCCALLUM BLVD,Dallas,Dallas,008199002212A0100,68,1988,Pecos Housing Finance Corporation,Tides Equities,HFC,Ch.394,1,yes,True,7685200.0,,,HB21 §13(i),2027-01-01,True,,Haltom City v. Pecos HFC (injunction 6/3/2025); Arlington 15-25-00111-CV; Hays Co. (~$230M); Tarrant ARB $974M/28 sites; TWHC HB21 challenge,single-source,3,HB21 §13(i) statutory cliff; no evidence in DCAD of an intervening post-5/28/2025 capital event for this specific parcel.
TX-NEW-DALLAS-39,VISTA RIDGE ORIGINALLY RIDGLEA HILLS,523 N ALEXANDER AVE,Duncanville,Dallas,22059500010010000,158,1971,Pecos Housing Finance Corporation,S2 Capital,HFC,Ch.394,1,yes,True,14500000.0,,,HB21 §13(i),2027-01-01,True,,Haltom City v. Pecos HFC (injunction 6/3/2025); Arlington 15-25-00111-CV; Hays Co. (~$230M); Tarrant ARB $974M/28 sites; TWHC HB21 challenge,single-source,3,HB21 §13(i) statutory cliff; no evidence in DCAD of an intervening post-5/28/2025 capital event for this specific parcel.
TX-NEW-DALLAS-40,THE ABRAM,608 ROWLETT RD,Garland,Dallas,26511800010010000,144,2008,Pecos Housing Finance Corporation,,HFC,Ch.394,1,yes,True,25500000.0,,,HB21 §13(i),2027-01-01,True,,Haltom City v. Pecos HFC (injunction 6/3/2025); Arlington 15-25-00111-CV; Hays Co. (~$230M); Tarrant ARB $974M/28 sites; TWHC HB21 challenge,single-source,3,HB21 §13(i) statutory cliff; no evidence in DCAD of an intervening post-5/28/2025 capital event for this specific parcel.
TX-NEW-DALLAS-41,REPUBLIC WEST APARTMENTS (114 UNITS),3501 EASTON MEADOWS DR,Garland,Dallas,26178420010010300,114,1983,Pecos Housing Finance Corporation,S2 Capital,HFC,Ch.394,1,yes,True,14160290.0,,,HB21 §13(i),2027-01-01,True,,Haltom City v. Pecos HFC (injunction 6/3/2025); Arlington 15-25-00111-CV; Hays Co. (~$230M); Tarrant ARB $974M/28 sites; TWHC HB21 challenge,single-source,3,HB21 §13(i) statutory cliff; no evidence in DCAD of an intervening post-5/28/2025 capital event for this specific parcel.
TX-NEW-DALLAS-42,LAKEWAY PLACE,613 E IH 30,Garland,Dallas,26178410010010000,148,1983,Pecos Housing Finance Corporation,S2 Capital,HFC,Ch.394,1,yes,True,13565710.0,,,HB21 §13(i),2027-01-01,True,,Haltom City v. Pecos HFC (injunction 6/3/2025); Arlington 15-25-00111-CV; Hays Co. (~$230M); Tarrant ARB $974M/28 sites; TWHC HB21 challenge,single-source,3,HB21 §13(i) statutory cliff; no evidence in DCAD of an intervening post-5/28/2025 capital event for this specific parcel.
TX-NEW-DALLAS-43,REPUBLIC WEST APARTMENTS (32 UNITS),269 E IH 30,Garland,Dallas,26178370010010800,32,1983,Pecos Housing Finance Corporation,S2 Capital,HFC,Ch.394,1,yes,True,3976950.0,,,HB21 §13(i),2027-01-01,True,,Haltom City v. Pecos HFC (injunction 6/3/2025); Arlington 15-25-00111-CV; Hays Co. (~$230M); Tarrant ARB $974M/28 sites; TWHC HB21 challenge,single-source,3,HB21 §13(i) statutory cliff; no evidence in DCAD of an intervening post-5/28/2025 capital event for this specific parcel.
TX-NEW-DALLAS-44,REPUBLIC WEST APARTMENTS (30 UNITS),3601 EASTON MEADOWS DR,Garland,Dallas,26178420010011400,30,1983,Pecos Housing Finance Corporation,S2 Capital,HFC,Ch.394,1,yes,True,3818300.0,,,HB21 §13(i),2027-01-01,True,,Haltom City v. Pecos HFC (injunction 6/3/2025); Arlington 15-25-00111-CV; Hays Co. (~$230M); Tarrant ARB $974M/28 sites; TWHC HB21 challenge,single-source,3,HB21 §13(i) statutory cliff; no evidence in DCAD of an intervening post-5/28/2025 capital event for this specific parcel.
TX-NEW-DALLAS-45,REPUBLIC WEST APARTMENTS (30 UNITS),3805 EASTON MEADOWS DR,Garland,Dallas,26178420010010600,30,1983,Pecos Housing Finance Corporation,S2 Capital,HFC,Ch.394,1,yes,True,3765030.0,,,HB21 §13(i),2027-01-01,True,,Haltom City v. Pecos HFC (injunction 6/3/2025); Arlington 15-25-00111-CV; Hays Co. (~$230M); Tarrant ARB $974M/28 sites; TWHC HB21 challenge,single-source,3,HB21 §13(i) statutory cliff; no evidence in DCAD of an intervening post-5/28/2025 capital event for this specific parcel.
TX-NEW-DALLAS-46,REPUBLIC WEST APARTMENTS (30 UNITS),3701 EASTON MEADOWS DR,Garland,Dallas,26178420010010500,31,1983,Pecos Housing Finance Corporation,S2 Capital,HFC,Ch.394,1,yes,True,3729500.0,,,HB21 §13(i),2027-01-01,True,,Haltom City v. Pecos HFC (injunction 6/3/2025); Arlington 15-25-00111-CV; Hays Co. (~$230M); Tarrant ARB $974M/28 sites; TWHC HB21 challenge,single-source,3,HB21 §13(i) statutory cliff; no evidence in DCAD of an intervening post-5/28/2025 capital event for this specific parcel.
TX-NEW-DALLAS-47,REPUBLIC WEST APARTMENTS (18 UNITS),235 E IH 30,Garland,Dallas,26178370010011100,18,1983,Pecos Housing Finance Corporation,S2 Capital,HFC,Ch.394,1,yes,True,2300900.0,,,HB21 §13(i),2027-01-01,True,,Haltom City v. Pecos HFC (injunction 6/3/2025); Arlington 15-25-00111-CV; Hays Co. (~$230M); Tarrant ARB $974M/28 sites; TWHC HB21 challenge,single-source,3,HB21 §13(i) statutory cliff; no evidence in DCAD of an intervening post-5/28/2025 capital event for this specific parcel.
TX-NEW-DALLAS-48,LANDMARK AT LAKE VILLAGE NORTH (24 UNITS),703 E IH 30,Garland,Dallas,26178380010010200,24,1983,Pecos Housing Finance Corporation,S2 Capital,HFC,Ch.394,1,yes,True,2156220.0,,,HB21 §13(i),2027-01-01,True,,Haltom City v. Pecos HFC (injunction 6/3/2025); Arlington 15-25-00111-CV; Hays Co. (~$230M); Tarrant ARB $974M/28 sites; TWHC HB21 challenge,single-source,3,HB21 §13(i) statutory cliff; no evidence in DCAD of an intervening post-5/28/2025 capital event for this specific parcel.
TX-NEW-DALLAS-49,FIREWHEEL TOWN VILLAGE SENIOR LIVING,5151 N PRESIDENT GEORGE BUSH HWY,Garland,Dallas,261792400101R0000,154,2017,Pleasanton Housing Finance Corporation,ClearWorth Capital,HFC,Ch.394,1,yes,True,26200000.0,,,HB21 §13(i),2027-01-01,True,,15-25-00110/-00111-CV (appeals abandoned; TIs stand); Hays Co. 25-1185-DCB TRO; AG RQ-0566-KP pending,single-source,3,HB21 §13(i) statutory cliff; no evidence in DCAD of an intervening post-5/28/2025 capital event for this specific parcel.
TX-NEW-DALLAS-50,ANTHEM,2145 E US HWY 80,Mesquite,Dallas,38003430010020000,241,2000,Pleasanton Housing Finance Corporation,Ashcroft Capital,HFC,Ch.394,1,yes,True,35358560.0,,,HB21 §13(i),2027-01-01,True,,15-25-00110/-00111-CV (appeals abandoned; TIs stand); Hays Co. 25-1185-DCB TRO; AG RQ-0566-KP pending,single-source,3,HB21 §13(i) statutory cliff; no evidence in DCAD of an intervening post-5/28/2025 capital event for this specific parcel.
TX-NEW-DALLAS-51,ROWLETT STATION APTS BLDG 1 & 2,3601 MELCER DR,Rowlett,Dallas,446820000201R0000,224,2020,Pleasanton Housing Finance Corporation,TTI Capital,HFC,Ch.394,1,yes,True,45615890.0,,,HB21 §13(i),2027-01-01,True,,15-25-00110/-00111-CV (appeals abandoned; TIs stand); Hays Co. 25-1185-DCB TRO; AG RQ-0566-KP pending,single-source,3,HB21 §13(i) statutory cliff; no evidence in DCAD of an intervening post-5/28/2025 capital event for this specific parcel.
TX-NEW-DALLAS-52,THE INTERLACE APTS (ECU),3801 GANNON LN,Dallas,Dallas,00693200080040000,204,1986,Texas Essential Housing Public Facility Corporation,Nitya Capital,PFC,Ch.303,2,yes,True,18128690.0,,,HB2071 grandfather (Ch.303 PFC -- HB21's 1/1/2027 cliff is HFC-only and does not reach PFCs),,,,TEHPFC v. Williamson CAD 24-0022-C395 & 24-1698-C395; AG KP-0437; SB 2434 (dissolution) died 88R,single-source,3,"No statutory cliff for Ch.303 PFCs. Event-driven: 99-yr ground-lease term, capital event (sale/refi/majority transfer), §303.0426 audit failure, or CAD/AG challenge (cf. AG KP-0437, Williamson CAD suits)."
TX-NEW-DALLAS-53,TRADEWIND APTS PH 1,3700 N TOWN EAST BLVD,Mesquite,Dallas,38208500090010000,200,1967,Texas Essential Housing Public Facility Corporation,Nitya Capital,PFC,Ch.303,2,yes,True,22377850.0,,,HB2071 grandfather (Ch.303 PFC -- HB21's 1/1/2027 cliff is HFC-only and does not reach PFCs),,,,TEHPFC v. Williamson CAD 24-0022-C395 & 24-1698-C395; AG KP-0437; SB 2434 (dissolution) died 88R,single-source,3,"No statutory cliff for Ch.303 PFCs. Event-driven: 99-yr ground-lease term, capital event (sale/refi/majority transfer), §303.0426 audit failure, or CAD/AG challenge (cf. AG KP-0437, Williamson CAD suits)."
TX-NEW-DALLAS-54,TRADEWINDS APTS PH II,3800 ANTHONY DR,Mesquite,Dallas,65146263510330100,107,1967,Texas Essential Housing Public Facility Corporation,Nitya Capital,PFC,Ch.303,2,yes,True,11972150.0,,,HB2071 grandfather (Ch.303 PFC -- HB21's 1/1/2027 cliff is HFC-only and does not reach PFCs),,,,TEHPFC v. Williamson CAD 24-0022-C395 & 24-1698-C395; AG KP-0437; SB 2434 (dissolution) died 88R,single-source,3,"No statutory cliff for Ch.303 PFCs. Event-driven: 99-yr ground-lease term, capital event (sale/refi/majority transfer), §303.0426 audit failure, or CAD/AG challenge (cf. AG KP-0437, Williamson CAD suits)."
TX-43-2669,Bluffs at Vista Ridge Apartments,625 E VISTA RIDGE MALL DR,Lewisville,Denton,310825,272,2004,Cameron County Housing Finance Corporation,Leste Group,HFC,Ch.394,1,yes,True,43486332.0,,,HB21 §13(i) + §13(e),2027-01-01,True,"2025-04-14 recapitalization (fee acquired by Cameron County HFC, per seed sale_comment)","Williamson County v. Cameron County HFC (TRO); Bexar AD suit (27 complexes/$26M); TWHC HB21 constitutional challenge (Cameron Co., 9/9/2025)",cross-validated,2,"HB21 §13(i) statutory cliff; the 04/2025 recapitalization predates 5/28/2025 so does not trigger an earlier §13(e) capital-event death on its own, but ANY future sale/refi/majority transfer after acquisition would."
TX-43-2577,Tides at Lewisville,201 E ROUND GROVE RD,Lewisville,Denton,173667,,1994,Cameron County Housing Finance Corporation,Bixby Bridge Capital,HFC,Ch.394,1,yes,True,47185908.0,,,HB21 §13(i) + §13(e),2027-01-01,True,,"Williamson County v. Cameron County HFC (TRO); Bexar AD suit (27 complexes/$26M); TWHC HB21 constitutional challenge (Cameron Co., 9/9/2025)",single-source,3,HB21 §13(i) statutory cliff; no evidence of an intervening post-5/28/2025 capital-event death for this specific parcel beyond the original 04/2025 acquisition.
TX-43-1938,Oak Forest I & II Apartments,1531 S SH 121,Lewisville,Denton,"19743 + 174992 (2 accounts, Ph.1/Ph.2)",,1994,Cameron County Housing Finance Corporation,Post Investment Group,HFC,Ch.394,1,yes,True,77527500.0,,,HB21 §13(i) + §13(e),2027-01-01,True,,"Williamson County v. Cameron County HFC (TRO); Bexar AD suit (27 complexes/$26M); TWHC HB21 constitutional challenge (Cameron Co., 9/9/2025)",single-source,4,"HB21 §13(i) statutory cliff. NOTE: unlike the other 6 Denton seed-matched parcels, this property currently shows $0 taxable_val at every taxing entity (city/county/school/CAD) on the TY2026 preliminary roll -- i.e. the exemption is STILL IN EFFECT here, not yet stripped."
TX-43-1417366,,4204 N LOCUST ST,Denton,Denton,1063244,,2025,Pecos Housing Finance Corporation,Landmark Companies,HFC,Ch.394,1,yes,True,16902935.0,,,HB21 §13(i) + §13(e),2027-01-01,True,,Haltom City v. Pecos HFC (injunction 6/3/2025); Arlington 15-25-00111-CV; Hays Co. (~$230M); Tarrant ARB $974M/28 sites; TWHC HB21 challenge,cross-validated,2,HB21 §13(i) statutory cliff; property is Under Construction (yr_built 2025 per DCAD improvement detail) and currently FULLY TAXABLE (no exemption posted for TY2026 despite Pecos HFC ownership of record since 05/2025).
TX-37-1236,Retreat at 3737,3737 TIMBERGLEN DR,Dallas,Denton,86134,,1984,Pecos Housing Finance Corporation,,HFC,Ch.394,1,yes,True,29950000.0,,,HB21 §13(i) + §13(e),2027-01-01,True,,Haltom City v. Pecos HFC (injunction 6/3/2025); Arlington 15-25-00111-CV; Hays Co. (~$230M); Tarrant ARB $974M/28 sites; TWHC HB21 challenge,cross-validated,2,HB21 §13(i) statutory cliff; currently FULLY TAXABLE (no exemption posted for TY2026).
TX-37-7551,,,Aubrey,Denton,,,,Pecos Housing Finance Corporation,,HFC,Ch.394,1,yes,True,,,,HB21 §13(i) + §13(e),2027-01-01,True,,Haltom City v. Pecos HFC (injunction 6/3/2025); Arlington 15-25-00111-CV; Hays Co. (~$230M); Tarrant ARB $974M/28 sites; TWHC HB21 challenge,seed,1,HB21 §13(i) statutory cliff applies to the sponsor generally; specific parcel unconfirmed.
TX-43-2392,Oak Tree Village Apartments,1595 S OLD ORCHARD LN,Lewisville,Denton,86563,,1985,Plano Housing Authority,AMCAL Equities,HA,Ch.392,3,yes,True,37985836.0,,,HB2071 (Ch.303 via Plano PFC); no 2027 cliff,,False,,City of Plano + Plano ISD v. Plano HA & its PFCs (Collin Co. 219-03003-2024) — constitutional PFC ad valorem challenge,cross-validated,2,"No HB21 cliff (sponsor of record is a Ch.303 PFC, not a Ch.394 HFC). Phase 1 (docs/phase1_verdict.md) already identifies this exact property as 'Oak Tree Village grandfathered (pre-2023)' -- deed 2021 predates HB2071's 6/18/2023 boundary-risk date. Real unwind vector is the active Collin Co. litigation, not a statutory date. Currently still exempt (taxable_val=$0 at all 4 entities on the TY2026 preliminary roll)."
TX-37-5252,4 Corners Apartments,1690 FM 423,Frisco,Denton,655887,,2015,Pleasanton Housing Finance Corporation,American Landmark Apartments,HFC,Ch.394,1,yes,True,88899643.0,,,HB21 §13(i) + §13(e),2027-01-01,True,,15-25-00110/-00111-CV (appeals abandoned; TIs stand); Hays Co. 25-1185-DCB TRO; AG RQ-0566-KP pending,cross-validated,2,HB21 §13(i) statutory cliff; currently FULLY TAXABLE (no exemption posted for TY2026 despite Pleasanton HFC ownership since 10/2024).
TX-NEW-DENTON-1,Arden at Corinth,3451 FM 2181,Corinth,Denton,1037503 + 1037504,,2023,Pecos Housing Finance Corporation,Landmark Companies,HFC,Ch.394,1,yes,True,53292148.0,,,HB21 §13(i) + §13(e),2027-01-01,True,,Haltom City v. Pecos HFC (injunction 6/3/2025); Arlington 15-25-00111-CV; Hays Co. (~$230M); Tarrant ARB $974M/28 sites; TWHC HB21 challenge,single-source,3,HB21 §13(i) statutory cliff; currently FULLY TAXABLE (no exemption posted for TY2026 despite Pecos HFC ownership since 05/2025).
TX-NEW-DENTON-2,Luxe @ Lewisville,2400 ACE LN,Lewisville,Denton,1052070,,2024,Pecos Housing Finance Corporation,MPH Partners,HFC,Ch.394,1,yes,True,25700295.0,,,HB21 §13(i) + §13(e),2027-01-01,True,,Haltom City v. Pecos HFC (injunction 6/3/2025); Arlington 15-25-00111-CV; Hays Co. (~$230M); Tarrant ARB $974M/28 sites; TWHC HB21 challenge,single-source,3,HB21 §13(i) statutory cliff; currently FULLY TAXABLE (no exemption posted for TY2026 despite Pecos HFC ownership since 02/2025).
TX-NEW-DENTON-3,One90 Frankford,3301 PRESIDENT GEORGE BUSH TPKE,Dallas,Denton,1027658,,2023,Garland Housing Finance Corporation,Integrated Real Estate Group,HFC,Ch.394,1,yes,True,65285915.0,,,HB21 §13(i) + §13(e),2027-01-01,True,,Collin CAD v. GHFC 05-19-01417-CV (GHFC won pre-HB21; now overridden by §13(i)),single-source,4,HB21 §13(i) statutory cliff. Currently EXEMPT: taxable_val=$0 at all 4 taxing entities on the TY2026 preliminary roll -- exemption still in effect.
TX-NEW-DENTON-4,Parchaus,LAKE POINTE (Soccer Dr / Goalie Dr / Forward Dr / Crossbar Dr),Little Elm,Denton,"1052297, 1052298, 1052299, 1052305, 1052310, 1052318, 1052319, 1052320, 1052321, 1052322 (10 accounts)",,2024,Garland Housing Finance Corporation,Provident Realty Advisors,HFC,Ch.394,1,yes,True,45784159.0,,,HB21 §13(i) + §13(e),2027-01-01,True,,Collin CAD v. GHFC 05-19-01417-CV (GHFC won pre-HB21; now overridden by §13(i)),single-source,3,"HB21 §13(i) statutory cliff. Currently EXEMPT: taxable_val=$0 at all taxing entities for 9 of the 10 accounts (the 10th, a nominal $50-appraised HOA/open-space parcel, shows $12 taxable) on the TY2026 preliminary roll -- exemption still in effect."
TX-NEW-DENTON-5,Pecan Place Apartments,302 S LOCUST ST,Denton,Denton,32975,,1996,Denton Public Facility Corporation,,PFC,Ch.303,2,no,False,8059257.0,,,N/A -- non-traveling (home-turf Ch.303 PFC),,False,,,single-source,2,"Not an HB21/HB2071 traveling target: sponsor's mailing address (1225 Wilson St, Denton) matches the Denton Housing Authority's headquarters, and the property sits inside the City of Denton (sponsor's own home jurisdiction) -- same non-traveling, in-area exclusion Phase 1/Dallas census applied to Houston HA's and Garland HFC's home-turf holdings. No statutory cliff identified for this in-area, non-abusive use of Ch.303."
TX-NEW-DENTON-6,Veranda,2420 E MCKINNEY ST,Denton,Denton,565421,,2017,Denton Public Facility Corporation,,PFC,Ch.303,2,no,False,52303575.0,,,N/A -- non-traveling (home-turf Ch.303 PFC),,False,,,single-source,2,Same non-traveling in-area exclusion as TX-NEW-DENTON-5.
TX-NEW-DENTON-7,Eighteen51 Brinker,1851 BRINKER RD,Denton,Denton,754770,,2021,Premier Denton Public Facility Corporation,Auxano Development,PFC,Ch.303,2,no,False,40945891.0,,,N/A -- non-traveling (home-turf Ch.303 PFC),,False,,,single-source,3,Same non-traveling in-area exclusion as TX-NEW-DENTON-5.
TX-NEW-DENTON-8,Renaissance Courts,1224 E HICKORY ST,Denton,Denton,32689,,2005,Renaissance Courts Public Facility Corporation,,PFC,Ch.303,2,no,False,14223217.0,,,N/A -- non-traveling (home-turf Ch.303 PFC),,False,,,single-source,2,Same non-traveling in-area exclusion as TX-NEW-DENTON-5.
TX-63-1358163,Vero Sade,28325 Retail Lane S,Rosenberg,Fort Bend,R540253,310,,Maverick County Housing Finance Corporation,Vero Sade,HFC,Ch.394,1,yes,True,24000000.0,,,HB21 §13(i),2027-01-01,True,,"NOTE: distinct from the separate Missouri City v. Maverick County HFC suit (Fort Bend 268th Dist. Ct., filed 1/24/2025) concerning 'The Ranch at Sienna' (8811 Sienna Springs Blvd, Missouri City) — a DIFFERENT Fort Bend property. FBCAD's TY2023-2026 rolls show Ranch at Sienna continuously owned by 'Ranch@Sienna Equity Partners Property LLC', NEVER by Maverick County HFC — consistent with the City's TRO having blocked that acquisition from closing. See county md for detail; no property record created for Ranch at Sienna since CAD shows no sponsor ownership.",single-source,3,"HB21 §13(i) statutory cliff. FBCAD shows Maverick County HFC took title by TY2025 (before 9/1/2025 lookback), so §13(i) captures it. Property is STILL FULLY TAXABLE on the TY2026 certified roll (Real Apartment class, no exemption) — construction/lease-up not yet complete or exemption application not yet effective, so no ad valorem benefit has actually been realized as of this snapshot."
TX-63-3158,Villas at River Park West,21811 Wildwood Park Rd,Richmond,Fort Bend,R331334,252,1999,Pleasanton Housing Finance Corporation,Hilltop Residential,HFC,Ch.394,1,yes,True,35725441.0,,2026,HB21 §13(i),2027-01-01,True,"2025 recapitalization (per seed sale_comment, unrecorded)","15-25-00110/-00111-CV (Pleasanton HFC 15th COA appeals vs. Lake Worth/Arlington — abandoned, TIs stand); Hays Co. 25-1185-DCB TRO; AG RQ-0566-KP pending",single-source,1,"HB21 §13(i) statutory cliff; FBCAD confirms PHFC in ownership chain by TY2025, exemption posted TY2026."
TX-63-3263,The Addison at Sugar Land,15000 W Airport Blvd,Sugar Land,Fort Bend,R302075,280,2004,Rosenberg Housing Authority,Catalyst Equity Partners,HA,Ch.392,3,yes,True,49186268.0,,2026,HA-specific (Ch.392 §392.005),,False,"2025 recapitalization (per seed sale_comment, unrecorded)",,single-source,1,"NO 2027 cliff — owner of record is the Housing Authority itself (Ch.392), not the affiliated Rosenberg Housing Authority Public Facility Corporation (Ch.303). HB21/HB2071 do not reach direct §392.005 HA ownership. Corrects Phase-1's working assumption that 'Rosenberg HA deals ride on affiliated PFCs' — FBCAD shows most Rosenberg-sponsored Fort Bend deals are DIRECT HA ownership; only 2 of 8 FBCAD-confirmed Rosenberg-sponsor properties are actually held by the RHAPFC. See county md."
TX-63-334,,,Stafford,Fort Bend,,,1988,Rosenberg Housing Authority,Madera Companies,HA,Ch.392,3,yes,True,,,,HA-specific (Ch.392 §392.005),,False,,,seed,2,No 2027 cliff if genuinely Ch.392 HA-held; unable to confirm structure at all from free FBCAD data (see gaps).
TX-63-8200,The Waterview,19525 W Bellfort,Richmond,Fort Bend,R484621,295,2022,Rosenberg Housing Authority,Velocity Capital,HA,Ch.392,3,yes,True,45164643.0,,,HA-specific (Ch.392 §392.005),,False,2026-02-26 acquisition by Rosenberg HA (entity purchase),,cross-validated,2,"No 2027 cliff (direct Ch.392 HA ownership, not HFC). Currently FULLY TAXABLE (Real Apartment, no exemption) on the TY2026 roll despite HA ownership — likely because the Feb 2026 close came after the Jan 1 valuation/exemption-application date; exemption would be expected to post for TY2027 if the deed/exemption application is filed in time."
TX-63-4944,The Retreat @ Riverstone,18545 University Blvd,Sugar Land,Fort Bend,R418163,249,2015,Rosenberg Housing Authority,Azure Partners,HA,Ch.392,3,yes,True,51627706.0,,2024,HA-specific (Ch.392 §392.005),,False,,,single-source,3,"No 2027 cliff (direct Ch.392 HA ownership). Currently exempt (Real Exempt) since TY2024, the longest-standing of the 5 Rosenberg-HA-sponsored FBCAD matches."
TX-63-939655,Haven at Bellaire,20220 Bellaire Blvd,Richmond,Fort Bend,R487824,297,2020,Rosenberg Housing Authority,Ascendant Development,HA,Ch.392,3,yes,True,37365861.0,,2026,HA-specific (Ch.392 §392.005),,False,2025-09-29 acquisition by Rosenberg HA (entity purchase),,cross-validated,1,"No 2027 cliff (direct Ch.392 HA ownership). Exemption posted TY2026, consistent with a Sept-2025 acquisition (before the Jan 1, 2026 valuation date)."
TX-63-1274045,,,Richmond,Fort Bend,,,2022,Houston Housing Authority,Aspen Oak Capital Partners,HA,Ch.392,3,yes,True,,,,HA-specific (Ch.392 §392.005),,False,,,seed,3,No 2027 cliff if confirmed Ch.392 HA structure; property itself not located on FBCAD (see gaps).
TX-63-1418663,,,Richmond,Fort Bend,,,,Houston Housing Authority,Trammell Crow Residential,HA,Ch.392,3,yes,True,,,,HA-specific (Ch.392 §392.005),,False,,,seed,3,No 2027 cliff if confirmed Ch.392 HA structure; property itself not located on FBCAD (see gaps).
TX-NEW-FORTBEND-1,Royal Sienna Plantation,5222 Avalon Pt,Missouri City,Fort Bend,R489540,330,2020,Pleasanton Housing Finance Corporation,Sunrise Capital,HFC,Ch.394,1,yes,True,56475767.0,,,HB21 §13(i),2027-01-01,True,,"Missouri City injunction vs. Pleasanton HFC — appeal abandoned, TI stands (per docs/phase1_verdict.md); this parcel is the most likely subject property given it sits inside Missouri City and remains fully taxable years after PHFC took title.; 15-25-00110/-00111-CV (Lake Worth/Arlington); Hays Co. 25-1185-DCB TRO; AG RQ-0566-KP pending",single-source,1,"HB21 §13(i) cliff applies. Property is IN the City of Missouri City, which is the jurisdiction Phase 1 flags as having ALREADY WON a standing injunction against Pleasanton HFC (Pleasanton's litigation list: 'multiple injunctions already STAND (Lake Worth, Arlington, Fort Worth, Missouri City — appeals abandoned)'). This property's continued full-taxable status on the TY2025-26 FBCAD roll, despite 18+ months of PHFC record ownership, is consistent with that standing Missouri City injunction/tax-injunction actually being enforced against this specific parcel."
TX-NEW-FORTBEND-2,The Trestle,1201 Dulles Ave,Missouri City,Fort Bend,R111856,,,Rosenberg Housing Authority,USPA,HA,Ch.392,3,yes,True,21724017.0,,2024,HA-specific (Ch.392 §392.005/§392.014),,False,,,single-source,2,"No 2027 cliff (direct Ch.392 HA ownership). Missouri City is outside Rosenberg's §392.014 city+5-mile municipal area of operation (~9 road miles from Rosenberg city hall), so this is genuinely traveling for Rosenberg HA's Ch.392 test too. Exempt since TY2024, the same vintage as the Retreat @ Riverstone acquisition — not part of the well-publicized 2025 unrecorded-sale wave the seed matrix captured for the other 3 Rosenberg HA rows."
TX-NEW-FORTBEND-3,,1500 Andado Ln (+ adjoining Southwest Fwy parcel),Richmond,Fort Bend,R538097 / R538098,,,Rosenberg Housing Authority,Vista Residential Partners,PFC,Ch.303,3,yes,True,20501832.0,,,"HB2071 grandfather (Ch.303, via Rosenberg Housing Authority Public Facility Corporation)",,False,,,single-source,2,"No 2027 cliff (HB21 is HFC-only). This IS one of only two FBCAD-confirmed properties genuinely held by the Rosenberg Housing Authority Public Facility Corporation (Ch.303) rather than the HA directly. Acquired 2025 (post-6/18/2023), so per Phase 1's kill_regime note for this sponsor, carries §303.021(d) out-of-area-PFC-ownership boundary risk — the exemption may be arguably invalid from inception if challenged. Currently fully taxable on the TY2026 roll (no exemption posted)."
TX-NEW-FORTBEND-4,Hanover Lakemont,7102 S Mason Rd,Richmond,Fort Bend,R313610,360,2024,Rosenberg Housing Authority,Hanover Company,PFC,Ch.303,3,yes,True,42316919.0,,,"HB2071 grandfather (Ch.303, via Rosenberg Housing Authority Public Facility Corporation)",,True,,,single-source,2,"No 2027 cliff (HB21 is HFC-only). Second of only two RHAPFC-held (Ch.303) properties found. Land acquired 2025 (post-6/18/2023) — carries §303.021(d) out-of-area-PFC-ownership boundary risk per Phase 1's note on this sponsor. Currently fully taxable (Real Apartment, no exemption) despite RHAPFC ownership."
TX-NEW-FORTBEND-5,Willow Park Apartments,14001 Fondren Rd,Missouri City (unincorporated Fort Bend Co. per FBCAD legal description),Fort Bend,R302037,260,2004,Houston Housing Authority,,HA,Ch.392,3,yes,False,18432548.0,,2018,HA-specific (Ch.392 §392.005),,False,,,single-source,2,"No 2027 cliff. Flagged in_target_set=false: exemption predates the 9/1/2025 HB21 lookback by years and shows no shell/flip signature, so this looks like a genuine legacy HHA housing asset outside this project's 'traveling tax shelter' scope, even though it is technically Harris-sponsor-in-Fort-Bend traveling. Included for completeness/transparency of the sponsor sweep, not as a priority kill-date target."
TX-63-3735,SUMMIT AT NORTH MACGREGOR ARMS,3533 N MACGREGOR WAY,Houston,Harris,0410310330013,64,1965,Cameron County Housing Finance Corporation,Alliance Development,HFC,Ch.394,1,yes,False,3540078.0,,,HA-specific (Ch.392 §392.005 — no HB21/HB2071 statutory cliff),,False,,,single-source,3,"No geographic self-destruct under Ch.392 §392.005; HB21/HB2071 do not reach housing-authority exemptions. Unwind vectors: ultra vires challenge, §392.005(c) affordability-condition enforcement, or litigation — event-driven, no statutory date. HHA halted new deals in 2025 (political/journalistic pressure)."
TX-63-403,RETREAT AT STAFFORD APARTMENTS,12700 STAFFORD RD,Stafford,Harris,1256880010002,264,2006,Cameron County Housing Finance Corporation,Leste Group,HFC,Ch.394,1,yes,False,35829071.0,,,HA-specific (Ch.392 §392.005 — no HB21/HB2071 statutory cliff),,False,,,single-source,4,"No geographic self-destruct under Ch.392 §392.005; HB21/HB2071 do not reach housing-authority exemptions. Unwind vectors: ultra vires challenge, §392.005(c) affordability-condition enforcement, or litigation — event-driven, no statutory date. HHA halted new deals in 2025 (political/journalistic pressure)."
TX-62-4386,ARIA AT ROLLINGBROOK,1700 ROLLINGBROOK DR,Baytown,Harris,0451440020230,240,2014,Cameron County Housing Finance Corporation,Drever Capital Management,HFC,Ch.394,1,yes,True,32381475.0,,,HB21 §13(i),2027-01-01,True,,Williamson County v. Cameron County HFC (TRO); Bexar AD suit (27 complexes/$26M); TWHC HB21 constitutional challenge,single-source,4,HB21 §13(i) statutory cliff (out-of-jurisdiction HFC ownership on 9/1/2025); no evidence in HCAD data of an intervening post-5/28/2025 capital event divesting this specific parcel from the sponsor.
TX-63-3909,PARK AT FALLBROOK   [FALLBROOK PARK],10155 BAMMEL NORTH HOUSTON RD,Houston,Harris,1237140000001,280,2002,Cameron County Housing Finance Corporation,,HFC,Ch.394,1,yes,True,16519991.0,,,HB21 §13(i),2027-01-01,True,,Williamson County v. Cameron County HFC (TRO); Bexar AD suit (27 complexes/$26M); TWHC HB21 constitutional challenge,single-source,3,HB21 §13(i) statutory cliff (out-of-jurisdiction HFC ownership on 9/1/2025); no evidence in HCAD data of an intervening post-5/28/2025 capital event divesting this specific parcel from the sponsor.
TX-63-2783,REDFORD,1221 REDFORD ST,Houston,Harris,1143160000004,856,1980,Edcouch Community Housing Finance Corporation,Fundamental Partners,HFC,Ch.394,1,yes,True,52012761.0,,,HB21 §13(i),2027-01-01,True,,Bexar AD suit; TWHC coalition,single-source,4,HB21 §13(i) statutory cliff (out-of-jurisdiction HFC ownership on 9/1/2025); no evidence in HCAD data of an intervening post-5/28/2025 capital event divesting this specific parcel from the sponsor.
TX-62-2746,WATERFORD GROVE,3125 CRESTDALE DR,Houston,Harris,0432220000100,546,1973,Edcouch Community Housing Finance Corporation,Legacy Wealth Holdings,HFC,Ch.394,1,yes,True,48096012.0,,,HB21 §13(i),2027-01-01,True,,Bexar AD suit; TWHC coalition,single-source,4,HB21 §13(i) statutory cliff (out-of-jurisdiction HFC ownership on 9/1/2025); no evidence in HCAD data of an intervening post-5/28/2025 capital event divesting this specific parcel from the sponsor.
TX-62-3777,SKYLAR POINTE APTS,1110 EL CAMINO VILLAGE DR,Houston,Harris,0402110000080,449,1979,Edcouch Community Housing Finance Corporation,Better World Holdings and Crown Capital Ventures,HFC,Ch.394,1,yes,True,46758694.0,,,HB21 §13(i),2027-01-01,True,,Bexar AD suit; TWHC coalition,single-source,4,HB21 §13(i) statutory cliff (out-of-jurisdiction HFC ownership on 9/1/2025); no evidence in HCAD data of an intervening post-5/28/2025 capital event divesting this specific parcel from the sponsor.
TX-62-4006,,,Houston,Harris,,,,Edcouch Community Housing Finance Corporation,,HFC,Ch.394,1,yes,True,,,,HB21 §13(i),2027-01-01,True,,Bexar AD suit; TWHC coalition,seed,3,HB21 §13(i) statutory cliff (out-of-jurisdiction HFC ownership on 9/1/2025); no evidence in HCAD data of an intervening post-5/28/2025 capital event divesting this specific parcel from the sponsor.
TX-63-3978,,,Houston,Harris,,,1973,Edcouch Community Housing Finance Corporation,Legacy Wealth Holdings,HFC,Ch.394,1,yes,True,,,,HB21 §13(i),2027-01-01,True,,Bexar AD suit; TWHC coalition,seed,3,HB21 §13(i) statutory cliff (out-of-jurisdiction HFC ownership on 9/1/2025); no evidence in HCAD data of an intervening post-5/28/2025 capital event divesting this specific parcel from the sponsor.
TX-62-593,,,Houston,Harris,,,,Edcouch Community Housing Finance Corporation,Pennybacker Capital,HFC,Ch.394,1,yes,True,,,,HB21 §13(i),2027-01-01,True,,Bexar AD suit; TWHC coalition,seed,3,HB21 §13(i) statutory cliff (out-of-jurisdiction HFC ownership on 9/1/2025); no evidence in HCAD data of an intervening post-5/28/2025 capital event divesting this specific parcel from the sponsor.
TX-62-1323501,AUGUST FRIENDSWOOD,2911 W EL DORADO BLVD,Friendswood,Harris,1409900010001,249,2021,Houston Housing Authority,Blake Capital Group,HA,Ch.392,3,no,True,1987860.0,,,HA-specific (Ch.392 §392.005 — no HB21/HB2071 statutory cliff),,False,"In 06/25 the property was recapitalized with an unrecorded sale that added Houston Housing Authority and Brem Group to the ownership group.    The 05/22 sale price is unconfirmed, but believed to be reasonably representative of the transfer.",No tax-structure litigation found (political/journalistic pressure drove 2025 halt of new deals),single-source,4,"No geographic self-destruct under Ch.392 §392.005; HB21/HB2071 do not reach housing-authority exemptions. Unwind vectors: ultra vires challenge, §392.005(c) affordability-condition enforcement, or litigation — event-driven, no statutory date. HHA halted new deals in 2025 (political/journalistic pressure)."
TX-63-5629,CYPRESSWOOD APARTMENTS,708 E CYPRESSWOOD DR,Spring,Harris,1454910010003,287,2020,Houston Housing Authority,Civitas Capital Group,HA,Ch.392,3,no,True,5309960.0,,,HA-specific (Ch.392 §392.005 — no HB21/HB2071 statutory cliff),,False,,No tax-structure litigation found (political/journalistic pressure drove 2025 halt of new deals),single-source,3,"No geographic self-destruct under Ch.392 §392.005; HB21/HB2071 do not reach housing-authority exemptions. Unwind vectors: ultra vires challenge, §392.005(c) affordability-condition enforcement, or litigation — event-driven, no statutory date. HHA halted new deals in 2025 (political/journalistic pressure)."
TX-63-939583,LANCASTER APARTMENTS,20100 PARK ROW RD,Katy,Harris,1305040010001,152,2007,Houston Housing Authority,Aspen Oak Capital Partners,HA,Ch.392,3,no,True,9115744.0,,,HA-specific (Ch.392 §392.005 — no HB21/HB2071 statutory cliff),,False,,No tax-structure litigation found (political/journalistic pressure drove 2025 halt of new deals),single-source,4,"No geographic self-destruct under Ch.392 §392.005; HB21/HB2071 do not reach housing-authority exemptions. Unwind vectors: ultra vires challenge, §392.005(c) affordability-condition enforcement, or litigation — event-driven, no statutory date. HHA halted new deals in 2025 (political/journalistic pressure)."
TX-63-1480419,,23233 WESTERN CENTRE DR,Katy,Harris,1346160100001,240,2021,Houston Housing Authority,Encore Enterprises,HA,Ch.392,3,no,True,5987760.0,,,HA-specific (Ch.392 §392.005 — no HB21/HB2071 statutory cliff),,False,,No tax-structure litigation found (political/journalistic pressure drove 2025 halt of new deals),single-source,3,"No geographic self-destruct under Ch.392 §392.005; HB21/HB2071 do not reach housing-authority exemptions. Unwind vectors: ultra vires challenge, §392.005(c) affordability-condition enforcement, or litigation — event-driven, no statutory date. HHA halted new deals in 2025 (political/journalistic pressure)."
TX-62-1154856,MANSIONS AT TURKEY CREEK,20919 BIRNAMWOOD BLVD,Humble,Harris,1286290010002,252,2007,Houston Housing Authority,Civitas Capital Group,HA,Ch.392,3,no,True,14352543.0,,,HA-specific (Ch.392 §392.005 — no HB21/HB2071 statutory cliff),,False,"The 12/21 sale price is unconfirmed, but believed to be reasonably representative of the transfer.    In 05/24 the property was recapitalized with an undisclosed sale that added Houston Housing Authority to the ownership group.",No tax-structure litigation found (political/journalistic pressure drove 2025 halt of new deals),single-source,3,"No geographic self-destruct under Ch.392 §392.005; HB21/HB2071 do not reach housing-authority exemptions. Unwind vectors: ultra vires challenge, §392.005(c) affordability-condition enforcement, or litigation — event-driven, no statutory date. HHA halted new deals in 2025 (political/journalistic pressure)."
TX-62-1393784,"ENCLAVE ON LOUETTA   [A2- 358, IMPS]",2324 LOUETTA RD,Spring,Harris,"0430270000005, 0430270000036",358,1949,Houston Housing Authority,Streamline Advisory Partners,HA,Ch.392,3,no,True,771626.0,,,HA-specific (Ch.392 §392.005 — no HB21/HB2071 statutory cliff),,False,The 12/22 sale price is undisclosed.    In 09/24 the property was recapitalized with an undisclosed sale that added Houston Housing Authority to the ownership group.,No tax-structure litigation found (political/journalistic pressure drove 2025 halt of new deals),single-source,4,"No geographic self-destruct under Ch.392 §392.005; HB21/HB2071 do not reach housing-authority exemptions. Unwind vectors: ultra vires challenge, §392.005(c) affordability-condition enforcement, or litigation — event-driven, no statutory date. HHA halted new deals in 2025 (political/journalistic pressure)."
TX-63-1155169,Alexis Apartments,4604 CYPRESSWOOD DR,Spring,Harris,1379300010001,102,2016,Houston Housing Authority,Heritage Investments,HA,Ch.392,3,no,True,1287649.0,,,HA-specific (Ch.392 §392.005 — no HB21/HB2071 statutory cliff),,False,The 03/24 sale was for the leasehold interest only in which Heritage Investments leased the 102 unit Alexis Apartments from the Houston Housing Authority.,No tax-structure litigation found (political/journalistic pressure drove 2025 halt of new deals),cross-validated,2,"No geographic self-destruct under Ch.392 §392.005; HB21/HB2071 do not reach housing-authority exemptions. Unwind vectors: ultra vires challenge, §392.005(c) affordability-condition enforcement, or litigation — event-driven, no statutory date. HHA halted new deals in 2025 (political/journalistic pressure)."
TX-63-1478844,,,Spring,Harris,,,,Houston Housing Authority,Lincoln Avenue Capital,HA,Ch.392,3,no,True,,,,HA-specific (Ch.392 §392.005 — no HB21/HB2071 statutory cliff),,False,,No tax-structure litigation found (political/journalistic pressure drove 2025 halt of new deals),seed,3,"No geographic self-destruct under Ch.392 §392.005; HB21/HB2071 do not reach housing-authority exemptions. Unwind vectors: ultra vires challenge, §392.005(c) affordability-condition enforcement, or litigation — event-driven, no statutory date. HHA halted new deals in 2025 (political/journalistic pressure)."
TX-62-4391,THE PARK AT TOUR 18,18110 HUNTERS TERRACE DR,Humble,Harris,1407100010001,,2020,Houston Housing Authority,Momentum Multifamily,HA,Ch.392,3,no,True,5893665.0,,,HA-specific (Ch.392 §392.005 — no HB21/HB2071 statutory cliff),,False,"In 04/04 the property was recapitalized with an unrecorded sale that added Houston Housing Authority to the ownership group.    The 07/23 sale price is unconfirmed, but believed to be reasonably representative of the transfer.",No tax-structure litigation found (political/journalistic pressure drove 2025 halt of new deals),single-source,3,"No geographic self-destruct under Ch.392 §392.005; HB21/HB2071 do not reach housing-authority exemptions. Unwind vectors: ultra vires challenge, §392.005(c) affordability-condition enforcement, or litigation — event-driven, no statutory date. HHA halted new deals in 2025 (political/journalistic pressure)."
TX-63-5940,,0 PORTER RD,Katy,Harris,1429170010001,,,Houston Housing Authority,Post Investment Group,HA,Ch.392,3,no,True,3732224.0,,,HA-specific (Ch.392 §392.005 — no HB21/HB2071 statutory cliff),,False,,No tax-structure litigation found (political/journalistic pressure drove 2025 halt of new deals),single-source,3,"No geographic self-destruct under Ch.392 §392.005; HB21/HB2071 do not reach housing-authority exemptions. Unwind vectors: ultra vires challenge, §392.005(c) affordability-condition enforcement, or litigation — event-driven, no statutory date. HHA halted new deals in 2025 (political/journalistic pressure)."
TX-63-3477,,,Katy,Harris,,,,Houston Housing Authority,Resolution Companies,HA,Ch.392,3,no,True,,,,HA-specific (Ch.392 §392.005 — no HB21/HB2071 statutory cliff),,False,"In 07/25 the property was recapitalized with an undisclosed sale that added Houston Housing Authority to the ownership group, as the operating partner.",No tax-structure litigation found (political/journalistic pressure drove 2025 halt of new deals),seed,3,"No geographic self-destruct under Ch.392 §392.005; HB21/HB2071 do not reach housing-authority exemptions. Unwind vectors: ultra vires challenge, §392.005(c) affordability-condition enforcement, or litigation — event-driven, no statutory date. HHA halted new deals in 2025 (political/journalistic pressure)."
TX-63-1411582,,,Spring,Harris,,,,Houston Housing Authority,Streamline Advisory Partners,HA,Ch.392,3,no,True,,,,HA-specific (Ch.392 §392.005 — no HB21/HB2071 statutory cliff),,False,,No tax-structure litigation found (political/journalistic pressure drove 2025 halt of new deals),seed,3,"No geographic self-destruct under Ch.392 §392.005; HB21/HB2071 do not reach housing-authority exemptions. Unwind vectors: ultra vires challenge, §392.005(c) affordability-condition enforcement, or litigation — event-driven, no statutory date. HHA halted new deals in 2025 (political/journalistic pressure)."
TX-62-1543349,THE HENRY AT DEERBROOK,9494 HUMBLE WESTFIELD RD,Humble,Harris,1281280010001,360,2006,Houston Housing Authority,Momentum Multifamily,HA,Ch.392,3,no,True,5269075.0,,,HA-specific (Ch.392 §392.005 — no HB21/HB2071 statutory cliff),,False,,No tax-structure litigation found (political/journalistic pressure drove 2025 halt of new deals),single-source,3,"No geographic self-destruct under Ch.392 §392.005; HB21/HB2071 do not reach housing-authority exemptions. Unwind vectors: ultra vires challenge, §392.005(c) affordability-condition enforcement, or litigation — event-driven, no statutory date. HHA halted new deals in 2025 (political/journalistic pressure)."
TX-63-1418664,,,Spring,Harris,,,,Houston Housing Authority,Trammell Crow Residential,HA,Ch.392,3,no,True,,,,HA-specific (Ch.392 §392.005 — no HB21/HB2071 statutory cliff),,False,,No tax-structure litigation found (political/journalistic pressure drove 2025 halt of new deals),seed,3,"No geographic self-destruct under Ch.392 §392.005; HB21/HB2071 do not reach housing-authority exemptions. Unwind vectors: ultra vires challenge, §392.005(c) affordability-condition enforcement, or litigation — event-driven, no statutory date. HHA halted new deals in 2025 (political/journalistic pressure)."
TX-63-2405,,,Cypress,Harris,,,,Houston Housing Authority,,HA,Ch.392,3,no,True,,,,HA-specific (Ch.392 §392.005 — no HB21/HB2071 statutory cliff),,False,,No tax-structure litigation found (political/journalistic pressure drove 2025 halt of new deals),seed,3,"No geographic self-destruct under Ch.392 §392.005; HB21/HB2071 do not reach housing-authority exemptions. Unwind vectors: ultra vires challenge, §392.005(c) affordability-condition enforcement, or litigation — event-driven, no statutory date. HHA halted new deals in 2025 (political/journalistic pressure)."
TX-63-1159,BAYOU PARK,4400 MEMORIAL DR,Houston,Harris,1315820010001,688,1971,La Villa Housing Finance Corporation,Nitya Capital,HFC,Ch.394,1,yes,True,71644005.0,,,HB21 §13(i),2027-01-01,True,,Fort Worth temporary-order effort; Bexar AD suit; TWHC coalition,single-source,4,HB21 §13(i) statutory cliff (out-of-jurisdiction HFC ownership on 9/1/2025); no evidence in HCAD data of an intervening post-5/28/2025 capital event divesting this specific parcel from the sponsor.
TX-63-3956,LEGACY AT WESTCHASE,10070 WESTPARK DR,Houston,Harris,1088570000002,324,1977,La Villa Housing Finance Corporation,Nitya Capital,HFC,Ch.394,1,yes,True,30077057.0,,,HB21 §13(i),2027-01-01,True,,Fort Worth temporary-order effort; Bexar AD suit; TWHC coalition,single-source,4,HB21 §13(i) statutory cliff (out-of-jurisdiction HFC ownership on 9/1/2025); no evidence in HCAD data of an intervening post-5/28/2025 capital event divesting this specific parcel from the sponsor.
TX-63-4688,PROVIDENCE AT CHAMPIONS,5100 FM 1960 RD W,Houston,Harris,1131680000010,288,1979,La Villa Housing Finance Corporation,Nitya Capital,HFC,Ch.394,1,yes,True,19956294.0,,,HB21 §13(i),2027-01-01,True,,Fort Worth temporary-order effort; Bexar AD suit; TWHC coalition,single-source,4,HB21 §13(i) statutory cliff (out-of-jurisdiction HFC ownership on 9/1/2025); no evidence in HCAD data of an intervening post-5/28/2025 capital event divesting this specific parcel from the sponsor.
TX-62-3419,,,Kingwood,Harris,,,2007,La Villa Housing Finance Corporation,Viking Capital,HFC,Ch.394,1,yes,True,,,,HB21 §13(i),2027-01-01,True,,Fort Worth temporary-order effort; Bexar AD suit; TWHC coalition,seed,3,HB21 §13(i) statutory cliff (out-of-jurisdiction HFC ownership on 9/1/2025); no evidence in HCAD data of an intervening post-5/28/2025 capital event divesting this specific parcel from the sponsor.
TX-63-3828,VILLAGE AT BELLAIRE,5454 NEWCASTLE DR,Houston,Harris,1170290000001,580,1990,Maverick County Housing Finance Corporation,Magma Equities,HFC,Ch.394,1,yes,True,76500000.0,,,HB21 §13(i),2027-01-01,True,,"Missouri City v. Maverick County HFC (Fort Bend 268th, TRO); Fort Worth effort; Bexar AD suit; TWHC coalition",single-source,4,HB21 §13(i) statutory cliff (out-of-jurisdiction HFC ownership on 9/1/2025); no evidence in HCAD data of an intervening post-5/28/2025 capital event divesting this specific parcel from the sponsor.
TX-63-2840,VILLAS AT HERMANN PARK,6301 ALMEDA RD,Houston,Harris,1202420010001,320,2000,Maverick County Housing Finance Corporation,29th Street Capital,HFC,Ch.394,1,yes,True,56518927.0,,,HB21 §13(i),2027-01-01,True,"The 01/22 sale price is unconfirmed, but believed to be reasonably representative of the transfer.    In 01/25 the property was recapitalized with undisclosed sale that added Maverick County Housing Finance Corporation to the ownership group.","Missouri City v. Maverick County HFC (Fort Bend 268th, TRO); Fort Worth effort; Bexar AD suit; TWHC coalition",single-source,4,HB21 §13(i) statutory cliff (out-of-jurisdiction HFC ownership on 9/1/2025); no evidence in HCAD data of an intervening post-5/28/2025 capital event divesting this specific parcel from the sponsor.
TX-63-393758,HIGHBANK,8877 FRANKWAY DR,Houston,Harris,1300660010001,284,2017,Maverick County Housing Finance Corporation,29th Street Capital,HFC,Ch.394,1,yes,True,53302049.0,,,HB21 §13(i),2027-01-01,True,,"Missouri City v. Maverick County HFC (Fort Bend 268th, TRO); Fort Worth effort; Bexar AD suit; TWHC coalition",single-source,4,HB21 §13(i) statutory cliff (out-of-jurisdiction HFC ownership on 9/1/2025); no evidence in HCAD data of an intervening post-5/28/2025 capital event divesting this specific parcel from the sponsor.
TX-63-2651,VISTA AT WESTCHASE APARTMENTS,3431 WALNUT BEND LN,Houston,Harris,1146170000005,240,1980,Maverick County Housing Finance Corporation,Joint venture of Matt Picheny,HFC,Ch.394,1,yes,True,6969600.0,,,HB21 §13(i),2027-01-01,True,,"Missouri City v. Maverick County HFC (Fort Bend 268th, TRO); Fort Worth effort; Bexar AD suit; TWHC coalition",single-source,3,HB21 §13(i) statutory cliff (out-of-jurisdiction HFC ownership on 9/1/2025); no evidence in HCAD data of an intervening post-5/28/2025 capital event divesting this specific parcel from the sponsor.
TX-62-2985,TOWNSHIP APARTMENTS,411 S BENDER AVE,Humble,Harris,"0410510010024, 0410510010793",300,1974,Pecos Housing Finance Corporation,7C Equity Group,HFC,Ch.394,1,yes,True,26727168.0,,,HB21 §13(i),2027-01-01,True,"In 03/25 the property was recapitalized with an undisclosed sale that added Pecos Housing Authority to the ownership group.    The 08/22 sale price is unconfirmed, but believed to be reasonably representative of the transfer.",Haltom City v. Pecos HFC (injunction 6/3/2025); Arlington 15-25-00111-CV; Hays Co. (~$230M); Tarrant ARB $974M/28 sites; TWHC HB21 challenge,single-source,5,HB21 §13(i) statutory cliff (out-of-jurisdiction HFC ownership on 9/1/2025); no evidence in HCAD data of an intervening post-5/28/2025 capital event divesting this specific parcel from the sponsor.
TX-63-4046,"LIFE AT JACKSON SQUARE, THE  [NOB HILL]",5410 N BRAESWOOD BLVD,Houston,Harris,"0410880000003, 0410880000050, 0410880000051",1326,1967,Pecos Housing Finance Corporation,Olive Tree Holdings,HFC,Ch.394,1,yes,True,101204487.0,,,HB21 §13(i),2027-01-01,True,"In 03/25 the property was recapitalized with an undisclosed sale that added Pecos Housing Authority to the ownership group.    The 03/22 sale price is unconfirmed, but believed to be reasonably representative of the transfer.",Haltom City v. Pecos HFC (injunction 6/3/2025); Arlington 15-25-00111-CV; Hays Co. (~$230M); Tarrant ARB $974M/28 sites; TWHC HB21 challenge,single-source,5,HB21 §13(i) statutory cliff (out-of-jurisdiction HFC ownership on 9/1/2025); no evidence in HCAD data of an intervening post-5/28/2025 capital event divesting this specific parcel from the sponsor.
TX-63-4079,BRIAR FOREST LOFTS,13202 BRIAR FOREST DR,Houston,Harris,1289540010001,352,2008,Pecos Housing Finance Corporation,,HFC,Ch.394,1,yes,True,47900000.0,,,HB21 §13(i),2027-01-01,True,,Haltom City v. Pecos HFC (injunction 6/3/2025); Arlington 15-25-00111-CV; Hays Co. (~$230M); Tarrant ARB $974M/28 sites; TWHC HB21 challenge,single-source,4,HB21 §13(i) statutory cliff (out-of-jurisdiction HFC ownership on 9/1/2025); no evidence in HCAD data of an intervening post-5/28/2025 capital event divesting this specific parcel from the sponsor.
TX-63-2940,THE FUSE AT PARK ROW,14220 PARK ROW DR,Houston,Harris,1190630000001,318,1998,Pecos Housing Finance Corporation,,HFC,Ch.394,1,yes,True,41000000.0,,,HB21 §13(i),2027-01-01,True,"In 03/25 the property was recapitalized with an unrecorded sale that added Pecos Housing Authority to the ownership group.    The 07/22 sale price is unconfirmed, but believed to be reasonably representative of the transfer.",Haltom City v. Pecos HFC (injunction 6/3/2025); Arlington 15-25-00111-CV; Hays Co. (~$230M); Tarrant ARB $974M/28 sites; TWHC HB21 challenge,single-source,4,HB21 §13(i) statutory cliff (out-of-jurisdiction HFC ownership on 9/1/2025); no evidence in HCAD data of an intervening post-5/28/2025 capital event divesting this specific parcel from the sponsor.
TX-63-2512,ENCLAVE CYPRESS APARTMENTS (PLACE  AT CYPRESS PARK,1822 BARKER CYPRESS RD,Houston,Harris,0060900030015,384,1983,Pecos Housing Finance Corporation,MC Companies,HFC,Ch.394,1,yes,True,38730282.0,,,HB21 §13(i),2027-01-01,True,"In 03/25 the property was recapitalized with an unrecorded sale that added Pecos Housing Authority to the ownership group.    The 09/21 sale price is unconfirmed, but believed to be reasonably representative of the transfer.",Haltom City v. Pecos HFC (injunction 6/3/2025); Arlington 15-25-00111-CV; Hays Co. (~$230M); Tarrant ARB $974M/28 sites; TWHC HB21 challenge,single-source,4,HB21 §13(i) statutory cliff (out-of-jurisdiction HFC ownership on 9/1/2025); no evidence in HCAD data of an intervening post-5/28/2025 capital event divesting this specific parcel from the sponsor.
TX-63-2539,THE ARGYLE APARTMENTS,1335 SILVERADO DR,Houston,Harris,1184830000001,344,1978,Pecos Housing Finance Corporation,S2 Capital,HFC,Ch.394,1,yes,True,32841926.0,,,HB21 §13(i),2027-01-01,True,In 04/25 the property was recapitalized with an unrecorded sale that added Pecos Housing Authority to the ownership group.    The 06/22 sale price is undisclosed.,Haltom City v. Pecos HFC (injunction 6/3/2025); Arlington 15-25-00111-CV; Hays Co. (~$230M); Tarrant ARB $974M/28 sites; TWHC HB21 challenge,single-source,4,HB21 §13(i) statutory cliff (out-of-jurisdiction HFC ownership on 9/1/2025); no evidence in HCAD data of an intervening post-5/28/2025 capital event divesting this specific parcel from the sponsor.
TX-63-2404,ESTATES AT CYPRESS  [POINT AT CYPRESS WOODS],11800 GRANT RD,Cypress,Harris,0440160000040,530,1983,Pecos Housing Finance Corporation,,HFC,Ch.394,1,yes,True,52900000.0,,,HB21 §13(i),2027-01-01,True,,Haltom City v. Pecos HFC (injunction 6/3/2025); Arlington 15-25-00111-CV; Hays Co. (~$230M); Tarrant ARB $974M/28 sites; TWHC HB21 challenge,single-source,4,HB21 §13(i) statutory cliff (out-of-jurisdiction HFC ownership on 9/1/2025); no evidence in HCAD data of an intervening post-5/28/2025 capital event divesting this specific parcel from the sponsor.
TX-63-4053,HOLLISTER PLACE,6565 HOLLISTER RD,Houston,Harris,1189170000001,260,1997,Pecos Housing Finance Corporation,,HFC,Ch.394,1,yes,True,32589009.0,,,HB21 §13(i),2027-01-01,True,,Haltom City v. Pecos HFC (injunction 6/3/2025); Arlington 15-25-00111-CV; Hays Co. (~$230M); Tarrant ARB $974M/28 sites; TWHC HB21 challenge,single-source,4,HB21 §13(i) statutory cliff (out-of-jurisdiction HFC ownership on 9/1/2025); no evidence in HCAD data of an intervening post-5/28/2025 capital event divesting this specific parcel from the sponsor.
TX-62-2327,WATERMARK AT BAYTOWN APARTMENTS,2700 WARD RD,Baytown,Harris,0410250010275,290,1972,Pecos Housing Finance Corporation,,HFC,Ch.394,1,yes,True,2080295.0,,,HB21 §13(i),2027-01-01,True,"In 02/25 the property was recapitalized with an undisclosed sale that added Pecos Housing Authority to the ownership group.    The 02/16 sale price is unconfirmed, but believed to be reasonably representative of the transfer.",Haltom City v. Pecos HFC (injunction 6/3/2025); Arlington 15-25-00111-CV; Hays Co. (~$230M); Tarrant ARB $974M/28 sites; TWHC HB21 challenge,single-source,4,HB21 §13(i) statutory cliff (out-of-jurisdiction HFC ownership on 9/1/2025); no evidence in HCAD data of an intervening post-5/28/2025 capital event divesting this specific parcel from the sponsor.
TX-62-3511,PARAMOUNT APARTMENTS (THE PLACE AT BARKER CYPRESS),1800 BARKER CYPRESS RD,Houston,Harris,1160640000001,264,1991,Pecos Housing Finance Corporation,MC Companies,HFC,Ch.394,1,yes,True,29615481.0,,,HB21 §13(i),2027-01-01,True,"In 02/25 the property was recapitalized with an unrecorded sale that added Pecos Housing Authority to the ownership group    The 11/13 sale price is unconfirmed, but believed to be reasonably representative of the transfer.",Haltom City v. Pecos HFC (injunction 6/3/2025); Arlington 15-25-00111-CV; Hays Co. (~$230M); Tarrant ARB $974M/28 sites; TWHC HB21 challenge,single-source,4,HB21 §13(i) statutory cliff (out-of-jurisdiction HFC ownership on 9/1/2025); no evidence in HCAD data of an intervening post-5/28/2025 capital event divesting this specific parcel from the sponsor.
TX-62-3875,AVAYA STEEPLECHASE   [LANDINGS AT STEEPLECHASE],9001 JONES RD,Houston,Harris,1152910000003,290,1982,Pecos Housing Finance Corporation,CEP Multifamily,HFC,Ch.394,1,yes,True,28349523.0,,,HB21 §13(i),2027-01-01,True,"In 03/25 the property was recapitalized with an unrecorded sale that added Pecos Housing Authority to the ownership group.    A loan in the amount of $4,680,000, held by Fannie Mae was foreclosed on 08/07/2012.",Haltom City v. Pecos HFC (injunction 6/3/2025); Arlington 15-25-00111-CV; Hays Co. (~$230M); Tarrant ARB $974M/28 sites; TWHC HB21 challenge,single-source,4,HB21 §13(i) statutory cliff (out-of-jurisdiction HFC ownership on 9/1/2025); no evidence in HCAD data of an intervening post-5/28/2025 capital event divesting this specific parcel from the sponsor.
TX-63-7604,Sterling Point Apartments,6550 HILLCROFT ST,Houston,Harris,0915120000002,921,1978,Pecos Housing Finance Corporation,,HFC,Ch.394,1,yes,True,55124704.0,,,HB21 §13(i),2027-01-01,True,"In 02/25 the property was recapitalized with an unrecorded sale that added Pecos Housing Authority to the ownership group.    On 07/16/2012 Eureka Holdings purchased the 921 unit Sterling Point Apartments for $20,800,000 from U.S. Bank - REO, and on 01/31/2013 purchased the 258 unit Milagro Apartments for an undisclosed amount from Wellington D. Yu, then subsequently merged the two properties.",Haltom City v. Pecos HFC (injunction 6/3/2025); Arlington 15-25-00111-CV; Hays Co. (~$230M); Tarrant ARB $974M/28 sites; TWHC HB21 challenge,cross-validated,3,HB21 §13(i) statutory cliff (out-of-jurisdiction HFC ownership on 9/1/2025); no evidence in HCAD data of an intervening post-5/28/2025 capital event divesting this specific parcel from the sponsor.
TX-63-2762,HOLLYVIEW,5555 HOLLY VIEW DR,Houston,Harris,1140480000003,324,1981,Pecos Housing Finance Corporation,7C Equity Group,HFC,Ch.394,1,yes,True,26778775.0,,,HB21 §13(i),2027-01-01,True,In 05/25 the property was recapitalized with an unrecorded sale that added Pecos Housing Authority to the ownership group.,Haltom City v. Pecos HFC (injunction 6/3/2025); Arlington 15-25-00111-CV; Hays Co. (~$230M); Tarrant ARB $974M/28 sites; TWHC HB21 challenge,single-source,4,HB21 §13(i) statutory cliff (out-of-jurisdiction HFC ownership on 9/1/2025); no evidence in HCAD data of an intervening post-5/28/2025 capital event divesting this specific parcel from the sponsor.
TX-63-1618000,BROADMEAD AT THE MED,2801 BROADMEAD DR,Houston,Harris,0440890000002,235,1979,Pecos Housing Finance Corporation,,HFC,Ch.394,1,yes,True,24350727.0,,,HB21 §13(i),2027-01-01,True,,Haltom City v. Pecos HFC (injunction 6/3/2025); Arlington 15-25-00111-CV; Hays Co. (~$230M); Tarrant ARB $974M/28 sites; TWHC HB21 challenge,single-source,4,HB21 §13(i) statutory cliff (out-of-jurisdiction HFC ownership on 9/1/2025); no evidence in HCAD data of an intervening post-5/28/2025 capital event divesting this specific parcel from the sponsor.
TX-63-3602,RESIDENCES 2727,2727 ELMSIDE DR,Houston,Harris,1101420000027,171,1994,Pecos Housing Finance Corporation,,HFC,Ch.394,1,yes,True,23201514.0,,,HB21 §13(i),2027-01-01,True,,Haltom City v. Pecos HFC (injunction 6/3/2025); Arlington 15-25-00111-CV; Hays Co. (~$230M); Tarrant ARB $974M/28 sites; TWHC HB21 challenge,single-source,4,HB21 §13(i) statutory cliff (out-of-jurisdiction HFC ownership on 9/1/2025); no evidence in HCAD data of an intervening post-5/28/2025 capital event divesting this specific parcel from the sponsor.
TX-63-3968,REDSTONE VISTA APARTMENTS,22715 IMPERIAL VALLEY DR,Houston,Harris,1143120000016,274,1982,Pecos Housing Finance Corporation,Next Investments,HFC,Ch.394,1,yes,True,17431573.0,,,HB21 §13(i),2027-01-01,True,"In 01/25 the property was recapitalized with an unrecorded sale that added Pecos Housing Authority to the ownership group.    The 03/21 sale price is unconfirmed, but believed to be reasonably representative of the transfer.",Haltom City v. Pecos HFC (injunction 6/3/2025); Arlington 15-25-00111-CV; Hays Co. (~$230M); Tarrant ARB $974M/28 sites; TWHC HB21 challenge,single-source,4,HB21 §13(i) statutory cliff (out-of-jurisdiction HFC ownership on 9/1/2025); no evidence in HCAD data of an intervening post-5/28/2025 capital event divesting this specific parcel from the sponsor.
TX-63-3422,RANCH AT CHAMPIONS  (CHAMPIONS WOODS),6830 CHAMPIONS PLAZA DR,Houston,Harris,1152820010002,186,1983,Pecos Housing Finance Corporation,Olive Tree Holdings,HFC,Ch.394,1,yes,True,15389303.0,,,HB21 §13(i),2027-01-01,True,,Haltom City v. Pecos HFC (injunction 6/3/2025); Arlington 15-25-00111-CV; Hays Co. (~$230M); Tarrant ARB $974M/28 sites; TWHC HB21 challenge,single-source,4,HB21 §13(i) statutory cliff (out-of-jurisdiction HFC ownership on 9/1/2025); no evidence in HCAD data of an intervening post-5/28/2025 capital event divesting this specific parcel from the sponsor.
TX-63-2691,STERLING POINTII,6500 DUNLAP ST,Houston,Harris,0915120000001,258,1978,Pecos Housing Finance Corporation,REEP Equity,HFC,Ch.394,1,yes,True,14619580.0,,,HB21 §13(i),2027-01-01,True,"In 04/25 the property was recapitalized with an unrecorded sale that added Pecos Housing Authority to the ownership group.    The 05/21 sale price is unconfirmed, but believed to be reasonably representative of the transfer.",Haltom City v. Pecos HFC (injunction 6/3/2025); Arlington 15-25-00111-CV; Hays Co. (~$230M); Tarrant ARB $974M/28 sites; TWHC HB21 challenge,single-source,4,HB21 §13(i) statutory cliff (out-of-jurisdiction HFC ownership on 9/1/2025); no evidence in HCAD data of an intervening post-5/28/2025 capital event divesting this specific parcel from the sponsor.
TX-63-3426,51 TEN TOWNHOMES,5110 AZALEA TRACE DR,Houston,Harris,1155540000006,256,1984,Pecos Housing Finance Corporation,REEP Equity,HFC,Ch.394,1,yes,True,14169736.0,,,HB21 §13(i),2027-01-01,True,"In 04/25 the property was recapitalized with an undisclosed sale that added Pecos Housing Authority to the ownership group.    The 06/22 sale price is unconfirmed, but believed to be reasonably representative of the transfer.",Haltom City v. Pecos HFC (injunction 6/3/2025); Arlington 15-25-00111-CV; Hays Co. (~$230M); Tarrant ARB $974M/28 sites; TWHC HB21 challenge,single-source,4,HB21 §13(i) statutory cliff (out-of-jurisdiction HFC ownership on 9/1/2025); no evidence in HCAD data of an intervening post-5/28/2025 capital event divesting this specific parcel from the sponsor.
TX-63-769531,ROLLINGWOOD,670 MAXEY RD,Houston,Harris,0432110000031,211,1972,Pecos Housing Finance Corporation,REEP Equity,HFC,Ch.394,1,yes,True,11910618.0,,,HB21 §13(i),2027-01-01,True,In 04/25 the property was recapitalized with an unrecorded sale that added Pecos Housing Authority to the ownership group.    The 04/22 sale was an undisclosed portfolio transaction incorporating the 90 unit Avenue M at 1620 Oaktree Apartments and the 75 unit Avenue M at 1720 Crestdale Apartments.,Haltom City v. Pecos HFC (injunction 6/3/2025); Arlington 15-25-00111-CV; Hays Co. (~$230M); Tarrant ARB $974M/28 sites; TWHC HB21 challenge,single-source,4,HB21 §13(i) statutory cliff (out-of-jurisdiction HFC ownership on 9/1/2025); no evidence in HCAD data of an intervening post-5/28/2025 capital event divesting this specific parcel from the sponsor.
TX-63-1533925,AVENUE M AT 1620 OAK TREE,1620 OAK TREE DR,Houston,Harris,0670450130001,90,2021,Pecos Housing Finance Corporation,REEP Equity,HFC,Ch.394,1,yes,True,11152055.0,,,HB21 §13(i),2027-01-01,True,In 04/25 the property was recapitalized with an unrecorded sale that added Pecos Housing Authority to the ownership group.    The 04/22 sale was an undisclosed portfolio transaction incorporating the 90 unit Avenue M at 1620 Oaktree Apartments and the 75 unit Avenue M at 1720 Crestdale Apartments.,Haltom City v. Pecos HFC (injunction 6/3/2025); Arlington 15-25-00111-CV; Hays Co. (~$230M); Tarrant ARB $974M/28 sites; TWHC HB21 challenge,single-source,4,HB21 §13(i) statutory cliff (out-of-jurisdiction HFC ownership on 9/1/2025); no evidence in HCAD data of an intervening post-5/28/2025 capital event divesting this specific parcel from the sponsor.
TX-62-563,AVENUE M APARTMENTS,1720 CRESTDALE DR,Houston,Harris,0670450120001,75,2020,Pecos Housing Finance Corporation,S2 Capital,HFC,Ch.394,1,yes,True,10569630.0,,,HB21 §13(i),2027-01-01,True,In 04/25 the property was recapitalized with an unrecorded sale that added Pecos Housing Authority to the ownership group.    The 07/22 sale was an undisclosed portfolio transaction incorporating 11 properties in Texas.,Haltom City v. Pecos HFC (injunction 6/3/2025); Arlington 15-25-00111-CV; Hays Co. (~$230M); Tarrant ARB $974M/28 sites; TWHC HB21 challenge,single-source,4,HB21 §13(i) statutory cliff (out-of-jurisdiction HFC ownership on 9/1/2025); no evidence in HCAD data of an intervening post-5/28/2025 capital event divesting this specific parcel from the sponsor.
TX-63-2997,CIMARRON  PARKWAY  APARTMENTS,22022 CIMARRON PKY,Katy,Harris,0431360000012,272,1983,Pecos Housing Finance Corporation,S2 Capital,HFC,Ch.394,1,yes,True,28932886.0,,,HB21 §13(i),2027-01-01,True,In 04/25 the property was recapitalized with an unrecorded sale that added Pecos Housing Authority to the ownership group.    The 07/22 sale was an undisclosed portfolio transaction incorporating 11 properties in Texas.,Haltom City v. Pecos HFC (injunction 6/3/2025); Arlington 15-25-00111-CV; Hays Co. (~$230M); Tarrant ARB $974M/28 sites; TWHC HB21 challenge,single-source,4,HB21 §13(i) statutory cliff (out-of-jurisdiction HFC ownership on 9/1/2025); no evidence in HCAD data of an intervening post-5/28/2025 capital event divesting this specific parcel from the sponsor.
TX-63-3356,DONOVAN VILLAGE,601 W DONOVAN ST,Houston,Harris,0410500030210,78,1965,Pecos Housing Finance Corporation,S2 Capital,HFC,Ch.394,1,yes,True,6360920.0,,,HB21 §13(i),2027-01-01,True,In 04/25 the property was recapitalized with an unrecorded sale that added Pecos Housing Authority to the ownership group.    The 07/22 sale was an undisclosed portfolio transaction incorporating 11 properties in Texas.,Haltom City v. Pecos HFC (injunction 6/3/2025); Arlington 15-25-00111-CV; Hays Co. (~$230M); Tarrant ARB $974M/28 sites; TWHC HB21 challenge,single-source,4,HB21 §13(i) statutory cliff (out-of-jurisdiction HFC ownership on 9/1/2025); no evidence in HCAD data of an intervening post-5/28/2025 capital event divesting this specific parcel from the sponsor.
TX-62-3376,STATION,4411 FULTON ST,Houston,Harris,0503360000001,60,1951,Pecos Housing Finance Corporation,TriArc Real Estate Partners,HFC,Ch.394,1,yes,True,4259107.0,,,HB21 §13(i),2027-01-01,True,,Haltom City v. Pecos HFC (injunction 6/3/2025); Arlington 15-25-00111-CV; Hays Co. (~$230M); Tarrant ARB $974M/28 sites; TWHC HB21 challenge,single-source,4,HB21 §13(i) statutory cliff (out-of-jurisdiction HFC ownership on 9/1/2025); no evidence in HCAD data of an intervening post-5/28/2025 capital event divesting this specific parcel from the sponsor.
TX-63-2765,LEGACY AT CYPRESS,11111 GRANT RD,Cypress,Harris,1204450010001,422,1999,Pecos Housing Finance Corporation,TriArc Real Estate Partners,HFC,Ch.394,1,yes,True,,,,HB21 §13(i),2027-01-01,True,,Haltom City v. Pecos HFC (injunction 6/3/2025); Arlington 15-25-00111-CV; Hays Co. (~$230M); Tarrant ARB $974M/28 sites; TWHC HB21 challenge,single-source,5,HB21 §13(i) statutory cliff (out-of-jurisdiction HFC ownership on 9/1/2025); no evidence in HCAD data of an intervening post-5/28/2025 capital event divesting this specific parcel from the sponsor.
TX-63-3331,SHENANDOAH WOODS  APARTMENTS,4250 W 34TH ST,Houston,Harris,0432050010030,232,1977,Pecos Housing Finance Corporation,Manish Jain,HFC,Ch.394,1,yes,True,3791593.0,,,HB21 §13(i),2027-01-01,True,"In 04/25 the property was recapitalized with an unrecorded sale that added Pecos Housing Authority to the ownership group.    The 08/22 sale price is unconfirmed, but believed to be reasonably representative of the transfer.",Haltom City v. Pecos HFC (injunction 6/3/2025); Arlington 15-25-00111-CV; Hays Co. (~$230M); Tarrant ARB $974M/28 sites; TWHC HB21 challenge,single-source,4,HB21 §13(i) statutory cliff (out-of-jurisdiction HFC ownership on 9/1/2025); no evidence in HCAD data of an intervening post-5/28/2025 capital event divesting this specific parcel from the sponsor.
TX-63-4066,ASPENWOOD APARTMENTS,2121 PECH RD,Houston,Harris,0731710060001,208,1970,Pecos Housing Finance Corporation,,HFC,Ch.394,1,yes,True,1304620.0,,,HB21 §13(i),2027-01-01,True,,Haltom City v. Pecos HFC (injunction 6/3/2025); Arlington 15-25-00111-CV; Hays Co. (~$230M); Tarrant ARB $974M/28 sites; TWHC HB21 challenge,single-source,4,HB21 §13(i) statutory cliff (out-of-jurisdiction HFC ownership on 9/1/2025); no evidence in HCAD data of an intervening post-5/28/2025 capital event divesting this specific parcel from the sponsor.
TX-63-1562762,THE MELROSE,712 PINEMONT DR,Houston,Harris,0410500030295,88,1972,Pecos Housing Finance Corporation,TriArc Real Estate Partners,HFC,Ch.394,1,yes,True,,,,HB21 §13(i),2027-01-01,True,,Haltom City v. Pecos HFC (injunction 6/3/2025); Arlington 15-25-00111-CV; Hays Co. (~$230M); Tarrant ARB $974M/28 sites; TWHC HB21 challenge,single-source,5,HB21 §13(i) statutory cliff (out-of-jurisdiction HFC ownership on 9/1/2025); no evidence in HCAD data of an intervening post-5/28/2025 capital event divesting this specific parcel from the sponsor.
TX-62-3993,CANDLELIGHT ESTATES,818 PINEMONT DR,Houston,Harris,0410500030677,68,1972,Pecos Housing Finance Corporation,Zeus Equity Group,HFC,Ch.394,1,yes,True,,,,HB21 §13(i),2027-01-01,True,"In 03/25 the property was recapitalized with an unrecorded sale that added Pecos Housing Authority to the ownership group.    The 01/19 sale price is unconfirmed, but believed to be reasonably representative of the transfer.",Haltom City v. Pecos HFC (injunction 6/3/2025); Arlington 15-25-00111-CV; Hays Co. (~$230M); Tarrant ARB $974M/28 sites; TWHC HB21 challenge,single-source,5,HB21 §13(i) statutory cliff (out-of-jurisdiction HFC ownership on 9/1/2025); no evidence in HCAD data of an intervening post-5/28/2025 capital event divesting this specific parcel from the sponsor.
TX-63-3280,BRIDGEWATER,1110 GRAHAM DR,Tomball,Harris,0430440000033,206,1979,Pecos Housing Finance Corporation,Partnership of Tranquility Capital,HFC,Ch.394,1,yes,True,22393342.0,,,HB21 §13(i),2027-01-01,True,,Haltom City v. Pecos HFC (injunction 6/3/2025); Arlington 15-25-00111-CV; Hays Co. (~$230M); Tarrant ARB $974M/28 sites; TWHC HB21 challenge,single-source,4,HB21 §13(i) statutory cliff (out-of-jurisdiction HFC ownership on 9/1/2025); no evidence in HCAD data of an intervening post-5/28/2025 capital event divesting this specific parcel from the sponsor.
TX-63-389916,TESSA AT KATY,150 COBIA DR,Katy,Harris,1346160110001,329,2019,Pleasanton Housing Finance Corporation,Brick Street Capital,HFC,Ch.394,1,yes,True,12299612.0,,,HB21 §13(i),2027-01-01,True,,15-25-00110/-00111-CV (appeals abandoned; TIs stand); Hays Co. 25-1185-DCB TRO; AG RQ-0566-KP pending,single-source,3,HB21 §13(i) statutory cliff (out-of-jurisdiction HFC ownership on 9/1/2025); no evidence in HCAD data of an intervening post-5/28/2025 capital event divesting this specific parcel from the sponsor.
TX-63-1096762,MASON PARK APARTMENTS,222 MASON CREEK DR,Katy,Harris,1290900010001,312,2007,Pleasanton Housing Finance Corporation,Brick Street Capital,HFC,Ch.394,1,yes,True,5662800.0,,,HB21 §13(i),2027-01-01,True,,15-25-00110/-00111-CV (appeals abandoned; TIs stand); Hays Co. 25-1185-DCB TRO; AG RQ-0566-KP pending,single-source,3,HB21 §13(i) statutory cliff (out-of-jurisdiction HFC ownership on 9/1/2025); no evidence in HCAD data of an intervening post-5/28/2025 capital event divesting this specific parcel from the sponsor.
TX-63-2664,BROADSTONE MEMORIAL PARK,7655 WASHINGTON AVE,Houston,Harris,1501110010001,356,2019,Pleasanton Housing Finance Corporation,Post Investment Group,HFC,Ch.394,1,yes,True,74431715.0,,,HB21 §13(i),2027-01-01,True,,15-25-00110/-00111-CV (appeals abandoned; TIs stand); Hays Co. 25-1185-DCB TRO; AG RQ-0566-KP pending,single-source,4,HB21 §13(i) statutory cliff (out-of-jurisdiction HFC ownership on 9/1/2025); no evidence in HCAD data of an intervening post-5/28/2025 capital event divesting this specific parcel from the sponsor.
TX-62-1170459,PINES AT WOODCREEK,21021 ALDINE WESTFIELD RD,Houston,Harris,1366080010001,330,2014,Pleasanton Housing Finance Corporation,Avid Realty Partners,HFC,Ch.394,1,yes,True,39110163.0,,,HB21 §13(i),2027-01-01,True,,15-25-00110/-00111-CV (appeals abandoned; TIs stand); Hays Co. 25-1185-DCB TRO; AG RQ-0566-KP pending,single-source,4,HB21 §13(i) statutory cliff (out-of-jurisdiction HFC ownership on 9/1/2025); no evidence in HCAD data of an intervening post-5/28/2025 capital event divesting this specific parcel from the sponsor.
TX-63-558869,,3616 RICHMOND AVE,Houston,Harris,1259690010001,289,1966,Pleasanton Housing Finance Corporation,RPM Living,HFC,Ch.394,1,yes,True,18121375.0,,,HB21 §13(i),2027-01-01,True,In 05/25 the property was recapitalized with an unrecorded sale that added Pleasanton Housing Finance Corporation to the ownership group.    The 08/22 sale price is undisclosed.,15-25-00110/-00111-CV (appeals abandoned; TIs stand); Hays Co. 25-1185-DCB TRO; AG RQ-0566-KP pending,single-source,3,HB21 §13(i) statutory cliff (out-of-jurisdiction HFC ownership on 9/1/2025); no evidence in HCAD data of an intervening post-5/28/2025 capital event divesting this specific parcel from the sponsor.
TX-62-4440,GROVE EAST APARTMENTS,9300 N SAM HOUSTON PKY E,Humble,Harris,1418430010003,324,2020,Pleasanton Housing Finance Corporation,Brick Street Capital,HFC,Ch.394,1,yes,True,48078455.0,,,HB21 §13(i),2027-01-01,True,"In 03/25 the property was recapitalized with an undisclosed sale that kept Avid Realty Partners, but replaced Electra Capital with Pleasanton Housing Finance Corporation.    The 07/20 sale price is undisclosed.",15-25-00110/-00111-CV (appeals abandoned; TIs stand); Hays Co. 25-1185-DCB TRO; AG RQ-0566-KP pending,single-source,4,HB21 §13(i) statutory cliff (out-of-jurisdiction HFC ownership on 9/1/2025); no evidence in HCAD data of an intervening post-5/28/2025 capital event divesting this specific parcel from the sponsor.
TX-63-3007,CRAWFORD AT GRAND MORTON,23223 FIRST PARK DR,Katy,Harris,1382510020001,336,2020,Pleasanton Housing Finance Corporation,Brick Street Capital,HFC,Ch.394,1,yes,True,5227864.0,,,HB21 §13(i),2027-01-01,True,,15-25-00110/-00111-CV (appeals abandoned; TIs stand); Hays Co. 25-1185-DCB TRO; AG RQ-0566-KP pending,single-source,3,HB21 §13(i) statutory cliff (out-of-jurisdiction HFC ownership on 9/1/2025); no evidence in HCAD data of an intervening post-5/28/2025 capital event divesting this specific parcel from the sponsor.
TX-63-8262,PORTICO KIRBY,7550 KIRBY DR,Houston,Harris,1195230010001,263,1999,Pleasanton Housing Finance Corporation,,HFC,Ch.394,1,yes,True,16838245.0,,,HB21 §13(i),2027-01-01,True,"In 03/25 the property was recapitalized with an unrecorded sale that added Pleasanton Housing Finance Corporation to the ownership group.    The 09/21 sale was a $160,800,000 unconfirmed portfolio transaction incorporating the 337 unit 10X 15th Street Flats Apartments and the 309 unit 10X Heights Waterworks Apartments.",15-25-00110/-00111-CV (appeals abandoned; TIs stand); Hays Co. 25-1185-DCB TRO; AG RQ-0566-KP pending,single-source,3,HB21 §13(i) statutory cliff (out-of-jurisdiction HFC ownership on 9/1/2025); no evidence in HCAD data of an intervening post-5/28/2025 capital event divesting this specific parcel from the sponsor.
TX-63-393756,BEVERLY AT SHADOW LAKE APTS,3030 SHADOWBRIAR DR,Houston,Harris,1198290000001,624,1998,Pleasanton Housing Finance Corporation,,HFC,Ch.394,1,yes,True,13380636.0,,,HB21 §13(i),2027-01-01,True,,15-25-00110/-00111-CV (appeals abandoned; TIs stand); Hays Co. 25-1185-DCB TRO; AG RQ-0566-KP pending,single-source,4,HB21 §13(i) statutory cliff (out-of-jurisdiction HFC ownership on 9/1/2025); no evidence in HCAD data of an intervening post-5/28/2025 capital event divesting this specific parcel from the sponsor.
TX-62-3038,,,La Porte,Harris,,,1998,Pleasanton Housing Finance Corporation,Hilltop Residential,HFC,Ch.394,1,yes,True,,,,HB21 §13(i),2027-01-01,True,,15-25-00110/-00111-CV (appeals abandoned; TIs stand); Hays Co. 25-1185-DCB TRO; AG RQ-0566-KP pending,seed,3,HB21 §13(i) statutory cliff (out-of-jurisdiction HFC ownership on 9/1/2025); no evidence in HCAD data of an intervening post-5/28/2025 capital event divesting this specific parcel from the sponsor.
TX-63-2717,CORTLAND WEST CHAMPIONS [B2-LAND],12330 N GESSNER RD,Houston,Harris,1264610010002,336,2005,Pleasanton Housing Finance Corporation,,HFC,Ch.394,1,yes,True,8984116.0,,,HB21 §13(i),2027-01-01,True,,15-25-00110/-00111-CV (appeals abandoned; TIs stand); Hays Co. 25-1185-DCB TRO; AG RQ-0566-KP pending,single-source,3,HB21 §13(i) statutory cliff (out-of-jurisdiction HFC ownership on 9/1/2025); no evidence in HCAD data of an intervening post-5/28/2025 capital event divesting this specific parcel from the sponsor.
TX-62-4478,THE PIERPONT,23770 SPRINGWOODS VILLAGE PKY,Spring,Harris,1367340010001,354,2016,Pleasanton Housing Finance Corporation,Madera Companies,HFC,Ch.394,1,yes,True,44500000.0,,,HB21 §13(i),2027-01-01,True,,15-25-00110/-00111-CV (appeals abandoned; TIs stand); Hays Co. 25-1185-DCB TRO; AG RQ-0566-KP pending,single-source,3,HB21 §13(i) statutory cliff (out-of-jurisdiction HFC ownership on 9/1/2025); no evidence in HCAD data of an intervening post-5/28/2025 capital event divesting this specific parcel from the sponsor.
TX-63-3697,CORTLAND WEST CHAMPIONS   [TRADEWINDS],12331 N GESSNER RD,Houston,Harris,1285630010002,374,2007,Pleasanton Housing Finance Corporation,,HFC,Ch.394,1,yes,True,7842778.0,,,HB21 §13(i),2027-01-01,True,,15-25-00110/-00111-CV (appeals abandoned; TIs stand); Hays Co. 25-1185-DCB TRO; AG RQ-0566-KP pending,single-source,3,HB21 §13(i) statutory cliff (out-of-jurisdiction HFC ownership on 9/1/2025); no evidence in HCAD data of an intervening post-5/28/2025 capital event divesting this specific parcel from the sponsor.
TX-62-1184067,GROVE EAST APARTMENTS,0 N SAM HOUSTON PKY E,Humble,Harris,1418430010001,,,Pleasanton Housing Finance Corporation,Brick Street Capital,HFC,Ch.394,1,yes,True,303260.0,,,HB21 §13(i),2027-01-01,True,,15-25-00110/-00111-CV (appeals abandoned; TIs stand); Hays Co. 25-1185-DCB TRO; AG RQ-0566-KP pending,single-source,4,HB21 §13(i) statutory cliff (out-of-jurisdiction HFC ownership on 9/1/2025); no evidence in HCAD data of an intervening post-5/28/2025 capital event divesting this specific parcel from the sponsor.
TX-62-919380,The Sarah at Lake Houston,17571 W LAKE HOUSTON PKY,Humble,Harris,1416560010001,350,2019,Pleasanton Housing Finance Corporation,Sunsail Capital,HFC,Ch.394,1,yes,True,58104208.0,,,HB21 §13(i),2027-01-01,True,,15-25-00110/-00111-CV (appeals abandoned; TIs stand); Hays Co. 25-1185-DCB TRO; AG RQ-0566-KP pending,cross-validated,4,HB21 §13(i) statutory cliff (out-of-jurisdiction HFC ownership on 9/1/2025); no evidence in HCAD data of an intervening post-5/28/2025 capital event divesting this specific parcel from the sponsor.
TX-63-1171213,ROYAL SPRING APARTMENTS,4910 SPRING CYPRESS RD,Spring,Harris,1411560010001,351,2020,Pleasanton Housing Finance Corporation,Sunrise Capital,HFC,Ch.394,1,yes,True,5453710.0,,,HB21 §13(i),2027-01-01,True,"In 03/25 the property was recapitalized with an undisclosed sale that kept ZaneCRE, but replaced Goodegg Investments with Pleasanton Housing Finance Corporation.    The 08/21 sale price is unconfirmed, but believed to be reasonably representative of the transfer.",15-25-00110/-00111-CV (appeals abandoned; TIs stand); Hays Co. 25-1185-DCB TRO; AG RQ-0566-KP pending,single-source,4,HB21 §13(i) statutory cliff (out-of-jurisdiction HFC ownership on 9/1/2025); no evidence in HCAD data of an intervening post-5/28/2025 capital event divesting this specific parcel from the sponsor.
TX-62-3188,REGATTA BAY,2555 REPSDORPH RD,Seabrook,Harris,1233190010001,240,2003,Texas Essential Housing Public Facility Corporation,Brixton Capital,PFC,Ch.303,2,yes,False,26808850.0,,,HA-specific (Ch.392 §392.005 — no HB21/HB2071 statutory cliff),,False,,TEHPFC v. Williamson CAD 24-0022-C395 & 24-1698-C395; AG KP-0437; SB 2434 (dissolution) died 88R,single-source,3,"No geographic self-destruct under Ch.392 §392.005; HB21/HB2071 do not reach housing-authority exemptions. Unwind vectors: ultra vires challenge, §392.005(c) affordability-condition enforcement, or litigation — event-driven, no statutory date. HHA halted new deals in 2025 (political/journalistic pressure)."
TX-63-2885,"TAYLOR AT COPPERFIELD, THE.",9125 HIGHWAY 6 N,Houston,Harris,1240060010001,504,2003,Texas Essential Housing Public Facility Corporation,BV Capital,PFC,Ch.303,2,yes,False,50406000.0,,,HA-specific (Ch.392 §392.005 — no HB21/HB2071 statutory cliff),,False,,TEHPFC v. Williamson CAD 24-0022-C395 & 24-1698-C395; AG KP-0437; SB 2434 (dissolution) died 88R,single-source,3,"No geographic self-destruct under Ch.392 §392.005; HB21/HB2071 do not reach housing-authority exemptions. Unwind vectors: ultra vires challenge, §392.005(c) affordability-condition enforcement, or litigation — event-driven, no statutory date. HHA halted new deals in 2025 (political/journalistic pressure)."
TX-62-921094,THE ESTABLISHMENT,2235 WINROCK BLVD,Houston,Harris,1010030000003,315,1971,Texas Essential Housing Public Facility Corporation,Nitya Capital,PFC,Ch.303,2,yes,False,30571875.0,,,HA-specific (Ch.392 §392.005 — no HB21/HB2071 statutory cliff),,False,,TEHPFC v. Williamson CAD 24-0022-C395 & 24-1698-C395; AG KP-0437; SB 2434 (dissolution) died 88R,single-source,3,"No geographic self-destruct under Ch.392 §392.005; HB21/HB2071 do not reach housing-authority exemptions. Unwind vectors: ultra vires challenge, §392.005(c) affordability-condition enforcement, or litigation — event-driven, no statutory date. HHA halted new deals in 2025 (political/journalistic pressure)."
TX-63-2465,LA PRIMAVERA    [HUNTER'S CHASE],10000 HAMMERLY BLVD,Houston,Harris,1020750000004,328,1968,Texas Essential Housing Public Facility Corporation,Nitya Capital,PFC,Ch.303,2,yes,False,23288578.0,,,HA-specific (Ch.392 §392.005 — no HB21/HB2071 statutory cliff),,False,,TEHPFC v. Williamson CAD 24-0022-C395 & 24-1698-C395; AG KP-0437; SB 2434 (dissolution) died 88R,single-source,3,"No geographic self-destruct under Ch.392 §392.005; HB21/HB2071 do not reach housing-authority exemptions. Unwind vectors: ultra vires challenge, §392.005(c) affordability-condition enforcement, or litigation — event-driven, no statutory date. HHA halted new deals in 2025 (political/journalistic pressure)."
TX-63-2485,BARCELONA,6434 ELLA LEE LN,Houston,Harris,0953780000005,127,1963,Texas Essential Housing Public Facility Corporation,Nitya Capital,PFC,Ch.303,2,yes,False,10427806.0,,,HA-specific (Ch.392 §392.005 — no HB21/HB2071 statutory cliff),,False,,TEHPFC v. Williamson CAD 24-0022-C395 & 24-1698-C395; AG KP-0437; SB 2434 (dissolution) died 88R,single-source,3,"No geographic self-destruct under Ch.392 §392.005; HB21/HB2071 do not reach housing-authority exemptions. Unwind vectors: ultra vires challenge, §392.005(c) affordability-condition enforcement, or litigation — event-driven, no statutory date. HHA halted new deals in 2025 (political/journalistic pressure)."
TX-63-2583,,,Houston,Harris,,,,Texas Essential Housing Public Facility Corporation,,PFC,Ch.303,2,yes,False,,,,HA-specific (Ch.392 §392.005 — no HB21/HB2071 statutory cliff),,False,,TEHPFC v. Williamson CAD 24-0022-C395 & 24-1698-C395; AG KP-0437; SB 2434 (dissolution) died 88R,seed,3,"No geographic self-destruct under Ch.392 §392.005; HB21/HB2071 do not reach housing-authority exemptions. Unwind vectors: ultra vires challenge, §392.005(c) affordability-condition enforcement, or litigation — event-driven, no statutory date. HHA halted new deals in 2025 (political/journalistic pressure)."
TX-63-2618,,,Houston,Harris,,,,Texas Essential Housing Public Facility Corporation,,PFC,Ch.303,2,yes,False,,,,HA-specific (Ch.392 §392.005 — no HB21/HB2071 statutory cliff),,False,,TEHPFC v. Williamson CAD 24-0022-C395 & 24-1698-C395; AG KP-0437; SB 2434 (dissolution) died 88R,seed,3,"No geographic self-destruct under Ch.392 §392.005; HB21/HB2071 do not reach housing-authority exemptions. Unwind vectors: ultra vires challenge, §392.005(c) affordability-condition enforcement, or litigation — event-driven, no statutory date. HHA halted new deals in 2025 (political/journalistic pressure)."
TX-63-4482,,,Houston,Harris,,,,Texas Essential Housing Public Facility Corporation,,PFC,Ch.303,2,yes,False,,,,HA-specific (Ch.392 §392.005 — no HB21/HB2071 statutory cliff),,False,,TEHPFC v. Williamson CAD 24-0022-C395 & 24-1698-C395; AG KP-0437; SB 2434 (dissolution) died 88R,seed,3,"No geographic self-destruct under Ch.392 §392.005; HB21/HB2071 do not reach housing-authority exemptions. Unwind vectors: ultra vires challenge, §392.005(c) affordability-condition enforcement, or litigation — event-driven, no statutory date. HHA halted new deals in 2025 (political/journalistic pressure)."
TX-NEW-HARRIS-1,THE CROSSINGS AT ST CHARLES PLACE,5505 PINE ST,Houston,Harris,0370630000029,48,1965,Cameron County Housing Finance Corporation,,HFC,Ch.394,1,yes,True,3786384.0,,,HB21 §13(i),2027-01-01,True,,Williamson County v. Cameron County HFC (TRO); Bexar AD suit (27 complexes/$26M); TWHC HB21 constitutional challenge,single-source,4,HB21 §13(i) statutory cliff
TX-NEW-HARRIS-2,TURTLE POINTE,8162 RICHMOND AVE,Houston,Harris,0420510000007,280,1976,La Villa Housing Finance Corporation,7C Equity Group,HFC,Ch.394,1,yes,True,18729290.0,,,HB21 §13(i),2027-01-01,True,,Fort Worth temporary-order effort; Bexar AD suit; TWHC coalition,single-source,4,HB21 §13(i) statutory cliff
TX-NEW-HARRIS-3,TURTLE POINTE,3401 DUNVALE RD,Houston,Harris,0420510000032,152,1976,La Villa Housing Finance Corporation,7C Equity Group,HFC,Ch.394,1,yes,True,10661350.0,,,HB21 §13(i),2027-01-01,True,,Fort Worth temporary-order effort; Bexar AD suit; TWHC coalition,single-source,4,HB21 §13(i) statutory cliff
TX-NEW-HARRIS-4,"ARDEN CYPRESS STATION, THE",905 CYPRESS STATION DR,Houston,Harris,0421850000661,448,1980,Pecos Housing Finance Corporation,CAF Capital Partners,HFC,Ch.394,1,yes,True,,,,HB21 §13(i),2027-01-01,True,,Haltom City v. Pecos HFC (injunction 6/3/2025); Arlington 15-25-00111-CV; Hays Co. (~$230M); Tarrant ARB $974M/28 sites; TWHC HB21 challenge,single-source,5,HB21 §13(i) statutory cliff
TX-NEW-HARRIS-5,MONTABELLA AT OAK FOREST,3424 W 34TH ST,Houston,Harris,0432050010043,,1971,Pleasanton Housing Finance Corporation,Palladius Capital Management,HFC,Ch.394,1,yes,True,187996.0,,,HB21 §13(i),2027-01-01,True,,15-25-00110/-00111-CV (appeals abandoned; TIs stand); Hays Co. 25-1185-DCB TRO; AG RQ-0566-KP pending,single-source,4,HB21 §13(i) statutory cliff
TX-NEW-HARRIS-6,VINTAGE AT 18TH STREET  [OAKS OF TIMBERGROVE],1700 SEASPRAY CT,Houston,Harris,0440840000080,372,1974,Pecos Housing Finance Corporation,TriArc Real Estate Partners,HFC,Ch.394,1,yes,True,,,,HB21 §13(i),2027-01-01,True,,Haltom City v. Pecos HFC (injunction 6/3/2025); Arlington 15-25-00111-CV; Hays Co. (~$230M); Tarrant ARB $974M/28 sites; TWHC HB21 challenge,single-source,5,HB21 §13(i) statutory cliff
TX-NEW-HARRIS-7,THE CROSSINGS AT BERKELEY SQUARE,5900 N BRAESWOOD BLVD,Houston,Harris,0954020000003,152,1970,Cameron County Housing Finance Corporation,,HFC,Ch.394,1,yes,True,15241474.0,,,HB21 §13(i),2027-01-01,True,,Williamson County v. Cameron County HFC (TRO); Bexar AD suit (27 complexes/$26M); TWHC HB21 constitutional challenge,single-source,4,HB21 §13(i) statutory cliff
TX-NEW-HARRIS-8,PROVIDENCE AT HEIGHTS,2400 HACKETT DR,Houston,Harris,1041260000001,196,1971,La Villa Housing Finance Corporation,Makaan Investment Group,HFC,Ch.394,1,yes,True,19068846.0,,,HB21 §13(i),2027-01-01,True,,Fort Worth temporary-order effort; Bexar AD suit; TWHC coalition,single-source,4,HB21 §13(i) statutory cliff
TX-NEW-HARRIS-9,PRESERVE AT WESTCHASE APTS,10615 MEADOWGLEN LN,Houston,Harris,1127650000005,480,1980,Maverick County Housing Finance Corporation,Applesway Investment Group,HFC,Ch.394,1,yes,True,0.0,,,HB21 §13(i),2027-01-01,True,,"Missouri City v. Maverick County HFC (Fort Bend 268th, TRO); Fort Worth effort; Bexar AD suit; TWHC coalition",single-source,3,HB21 §13(i) statutory cliff
TX-NEW-HARRIS-10,HAYSON CREEK,411 HIGHLAND CROSS DR,Houston,Harris,1143120000015,236,1980,La Villa Housing Finance Corporation,,HFC,Ch.394,1,yes,True,13456324.0,,,HB21 §13(i),2027-01-01,True,,Fort Worth temporary-order effort; Bexar AD suit; TWHC coalition,single-source,4,HB21 §13(i) statutory cliff
TX-NEW-HARRIS-11,MEYER FOREST APTS,9701 MEYER FOREST DR,Houston,Harris,1175190000001,345,1993,Maverick County Housing Finance Corporation,,HFC,Ch.394,1,yes,True,,,,HB21 §13(i),2027-01-01,True,,"Missouri City v. Maverick County HFC (Fort Bend 268th, TRO); Fort Worth effort; Bexar AD suit; TWHC coalition",single-source,4,HB21 §13(i) statutory cliff
TX-NEW-HARRIS-12,PEARCE ON THE LAKE APARTMENTS,900 HENDERSON AVE,Webster,Harris,1178550000001,440,1985,Pecos Housing Finance Corporation,S2 Capital,HFC,Ch.394,1,yes,True,55870649.0,,,HB21 §13(i),2027-01-01,True,,Haltom City v. Pecos HFC (injunction 6/3/2025); Arlington 15-25-00111-CV; Hays Co. (~$230M); Tarrant ARB $974M/28 sites; TWHC HB21 challenge,single-source,4,HB21 §13(i) statutory cliff
TX-NEW-HARRIS-13,,0 RICHMOND AVE,Houston,Harris,"1192330010003, 1198290000002",,,Pleasanton Housing Finance Corporation,,HFC,Ch.394,1,yes,True,5072.0,,,HB21 §13(i),2027-01-01,True,,15-25-00110/-00111-CV (appeals abandoned; TIs stand); Hays Co. 25-1185-DCB TRO; AG RQ-0566-KP pending,single-source,4,HB21 §13(i) statutory cliff
TX-NEW-HARRIS-14,DOMINION SQUARE AT OAK FOREST APARTMENTS,1001 PINEMONT DR,Houston,Harris,1224150010001,136,1974,Pleasanton Housing Finance Corporation,,HFC,Ch.394,1,yes,True,4355220.0,,,HB21 §13(i),2027-01-01,True,,15-25-00110/-00111-CV (appeals abandoned; TIs stand); Hays Co. 25-1185-DCB TRO; AG RQ-0566-KP pending,single-source,4,HB21 §13(i) statutory cliff
TX-NEW-HARRIS-15,KINGS COVE,4920 MAGNOLIA COVE DR,Humble,Harris,1286830010001,192,2007,La Villa Housing Finance Corporation,,HFC,Ch.394,1,yes,True,24222040.0,,,HB21 §13(i),2027-01-01,True,,Fort Worth temporary-order effort; Bexar AD suit; TWHC coalition,single-source,4,HB21 §13(i) statutory cliff
TX-NEW-HARRIS-16,SOMMERALL STATION APARTMENTS,6777 SOMMERALL DR,Houston,Harris,1294240010001,368,2007,Pleasanton Housing Finance Corporation,Post Investment Group,HFC,Ch.394,1,yes,True,6528380.0,,,HB21 §13(i),2027-01-01,True,,15-25-00110/-00111-CV (appeals abandoned; TIs stand); Hays Co. 25-1185-DCB TRO; AG RQ-0566-KP pending,single-source,3,HB21 §13(i) statutory cliff
TX-NEW-HARRIS-17,HEIGHTS WATERWORKS APARTMENTS,515 W 20TH ST,Houston,Harris,1394150010001,309,2018,Pleasanton Housing Finance Corporation,Cardone Capital,HFC,Ch.394,1,yes,True,,,,HB21 §13(i),2027-01-01,True,,15-25-00110/-00111-CV (appeals abandoned; TIs stand); Hays Co. 25-1185-DCB TRO; AG RQ-0566-KP pending,single-source,5,HB21 §13(i) statutory cliff
TX-NEW-HARRIS-18,15TH STREET FLATS APARTMENTS,1414 N SHEPHERD DR,Houston,Harris,1403490010001,337,2019,Pleasanton Housing Finance Corporation,Cardone Capital,HFC,Ch.394,1,yes,True,,,,HB21 §13(i),2027-01-01,True,,15-25-00110/-00111-CV (appeals abandoned; TIs stand); Hays Co. 25-1185-DCB TRO; AG RQ-0566-KP pending,single-source,5,HB21 §13(i) statutory cliff
TX-NEW-HARRIS-19,27 SEVENTY LOWER HEIGHTS,2770 SUMMER ST,Houston,Harris,1440390000001,375,2019,Maverick County Housing Finance Corporation,ApexOne Investment Partners,HFC,Ch.394,1,yes,True,0.0,,,HB21 §13(i),2027-01-01,True,,"Missouri City v. Maverick County HFC (Fort Bend 268th, TRO); Fort Worth effort; Bexar AD suit; TWHC coalition",single-source,3,HB21 §13(i) statutory cliff
TX-36-1273141,Jovie Belterra Apartments,"167 Hargraves Dr, Dripping Springs, TX 78620",Dripping Springs,Hays,R179726,150,2022,Edcouch Community Housing Finance Corporation,Wilson Capital,HFC,Ch.394,1,yes,True,35500000.0,,,HB21 §13(i),2027-01-01,True,,"Not a named party to Hays County v. Pecos HFC & Pleasanton HFC (25-1185-DCB) -- that suit and TRO name only Pecos HFC and Pleasanton HFC. Edcouch Community HFC's Hays County holdings (this property and TX-NEW-HAYS-1/2/3) are not confirmed to be covered by that TRO, yet this account is nonetheless carried fully taxable on both the TY2025 and TY2026 roll -- see kill_analysis and gaps.",single-source,4,"HB21 §13(i): HFC-owned multifamily property outside the sponsor's home jurisdiction (Edcouch, Hidalgo Co.) on 9/1/2025 loses the §394.905 exemption after 1/1/2027 absent a qualifying host-jurisdiction resolution. NOTE: this account shows ZERO exemption applied on both the TY2025 (acquisition year) and TY2026 HaysCAD rolls -- market value = taxable value in both years -- so the exemption this cliff would otherwise kill does not currently appear to be in effect at all; see gaps."
TX-36-861336,,,San Marcos,Hays,,,,Pecos Housing Finance Corporation,Impex Capital Group,HFC,Ch.394,1,yes,True,,,,HB21 §13(i),2027-01-01,,,"Hays County v. Pecos Housing Finance Corporation & Pleasanton Housing Finance Corporation, Case No. 25-1185-DCB (filed 4/30/2025, Hays Co. Dist. Ct.) -- Hays County / City of San Marcos sought and obtained a TRO to stop Hays CAD from granting ad valorem exemptions on Pleasanton HFC's and Pecos HFC's San Marcos & Kyle multifamily properties. County Judge Ruben Becerra: proposed exemptions would pull >$227-230M off local rolls, ~$500K/yr county loss alone. 5/5/2025 hearing not held per public reporting; action may be refiled/pending. (Sources: The Real Deal 4/30/2025; KXAN; Pleasanton Express; sponsors/pleasanton-hfc.md, sponsors/pecos-ha.md)",seed,3,"Applies in principle to Pecos HFC as a confirmed Tier-1 traveling HFC (docs/phase1_verdict.md), but cannot be tied to a specific parcel/appraised value from free HaysCAD data -- see gaps."
TX-36-2275,Vantage at Plum Creek Apartments,"4925 Cromwell Dr, Kyle, TX 78640",Kyle,Hays,R132408,,2009,Pleasanton Housing Finance Corporation,Marlin Spring,HFC,Ch.394,1,yes,True,38000000.0,,,HB21 §13(i),2027-01-01,True,,"Hays County v. Pecos Housing Finance Corporation & Pleasanton Housing Finance Corporation, Case No. 25-1185-DCB (filed 4/30/2025, Hays Co. Dist. Ct.) -- Hays County / City of San Marcos sought and obtained a TRO to stop Hays CAD from granting ad valorem exemptions on Pleasanton HFC's and Pecos HFC's San Marcos & Kyle multifamily properties. County Judge Ruben Becerra: proposed exemptions would pull >$227-230M off local rolls, ~$500K/yr county loss alone. (Sources: The Real Deal 4/30/2025; KXAN; Pleasanton Express; sponsors/pleasanton-hfc.md, sponsors/pecos-ha.md); This account (Kyle) falls within the Hays suit's named subject matter (Pleasanton HFC Kyle & San Marcos properties) and shows zero exemption on the roll in both years since acquisition, consistent with the TRO blocking Hays CAD from granting the exemption.",single-source,2,"HB21 §13(i): acquired 12/11/2024 (well before 9/1/2025), outside Pleasanton's home jurisdiction -> exemption ineligible after 1/1/2027 absent a host resolution. Moot in practice for now: this account is carried FULLY TAXABLE (market value = taxable value, $38,000,000 = $38,000,000) on both the TY2025 and TY2026 HaysCAD roll -- no exemption has actually been granted, consistent with the Hays County TRO's effect."
TX-36-186,The Lodge in San Marcos,"1975 Aquarena Springs Dr, San Marcos, TX 78666",San Marcos,Hays,R100679,258,2000,Pleasanton Housing Finance Corporation,Palladius Capital Management,HFC,Ch.394,1,yes,True,38600000.0,,,HB21 §13(i),2027-01-01,True,,"Hays County v. Pecos Housing Finance Corporation & Pleasanton Housing Finance Corporation, Case No. 25-1185-DCB (filed 4/30/2025, Hays Co. Dist. Ct.) -- Hays County / City of San Marcos sought and obtained a TRO to stop Hays CAD from granting ad valorem exemptions on Pleasanton HFC's and Pecos HFC's San Marcos & Kyle multifamily properties. County Judge Ruben Becerra: proposed exemptions would pull >$227-230M off local rolls, ~$500K/yr county loss alone. (Sources: The Real Deal 4/30/2025; KXAN; Pleasanton Express; sponsors/pleasanton-hfc.md, sponsors/pecos-ha.md); This account (San Marcos) falls within the Hays suit's named subject matter and shows zero exemption on the roll for both years since acquisition, consistent with the TRO.",single-source,2,"HB21 §13(i): acquired 1/10/2025, outside Pleasanton's home jurisdiction -> exemption ineligible after 1/1/2027 absent a host resolution. Moot in practice for now: fully taxable (market=taxable=$38,600,000) on the TY2026 roll; also fully taxable TY2025 ($36,500,000=$36,500,000) -- no exemption has actually been granted, consistent with the Hays TRO."
TX-36-240,,,San Marcos,Hays,,,,Pleasanton Housing Finance Corporation,,HFC,Ch.394,1,yes,True,,,,HB21 §13(i),2027-01-01,,,"Hays County v. Pecos Housing Finance Corporation & Pleasanton Housing Finance Corporation, Case No. 25-1185-DCB (filed 4/30/2025, Hays Co. Dist. Ct.) -- Hays County / City of San Marcos sought and obtained a TRO to stop Hays CAD from granting ad valorem exemptions on Pleasanton HFC's and Pecos HFC's San Marcos & Kyle multifamily properties. County Judge Ruben Becerra: proposed exemptions would pull >$227-230M off local rolls, ~$500K/yr county loss alone. (Sources: The Real Deal 4/30/2025; KXAN; Pleasanton Express; sponsors/pleasanton-hfc.md, sponsors/pecos-ha.md)",seed,1,Applies in principle as a confirmed Pleasanton HFC traveling deal; cannot be tied to a specific HaysCAD parcel -- see gaps.
TX-36-1128394,The Chloe,"3400 Kyle Xing, Kyle, TX 78640",Kyle,Hays,R172991,342,2021,Pleasanton Housing Finance Corporation,Palladius Capital Management,HFC,Ch.394,1,yes,True,51000000.0,,,HB21 §13(i),2027-01-01,True,,"Hays County v. Pecos Housing Finance Corporation & Pleasanton Housing Finance Corporation, Case No. 25-1185-DCB (filed 4/30/2025, Hays Co. Dist. Ct.) -- Hays County / City of San Marcos sought and obtained a TRO to stop Hays CAD from granting ad valorem exemptions on Pleasanton HFC's and Pecos HFC's San Marcos & Kyle multifamily properties. County Judge Ruben Becerra: proposed exemptions would pull >$227-230M off local rolls, ~$500K/yr county loss alone. (Sources: The Real Deal 4/30/2025; KXAN; Pleasanton Express; sponsors/pleasanton-hfc.md, sponsors/pecos-ha.md); This account (Kyle) falls within the Hays suit's named subject matter and shows zero exemption on the roll in both years since acquisition, consistent with the TRO.",single-source,1,"HB21 §13(i): acquired 11/18/2024, outside Pleasanton's home jurisdiction -> exemption ineligible after 1/1/2027 absent a host resolution. Moot in practice for now: fully taxable both TY2025 ($55,537,034=$55,537,034) and TY2026 ($51,000,000=$51,000,000, a preliminary-value decrease from TY25) -- no exemption has actually been granted, consistent with the Hays TRO."
TX-NEW-HAYS-1,Local Dripping Springs (Lot 1 of 3 CAD accounts),"1282 S Rob Shelton Blvd, Dripping Springs, TX 78620",Dripping Springs,Hays,R190278,,2024,Edcouch Community Housing Finance Corporation,Wilson Capital,HFC,Ch.394,1,yes,True,11000000.0,,2025,HB21 §13(i),2027-01-01,True,,Not a named party to Hays County v. Pecos HFC & Pleasanton HFC (25-1185-DCB) -- Edcouch Community HFC is not a defendant in that suit.,single-source,3,"HB21 §13(i) applies in principle (2027-01-01), but this account already shows an EARLIER exemption reversal: TY2025 (acquisition year) carried a partial exemption (market $4,461,092 / taxable $929,062, ~79% exempt), but TY2026 reverts to FULLY TAXABLE ($11,000,000=$11,000,000) despite continued Edcouch HFC ownership. See gaps -- the practical kill may already have occurred ahead of the 2027 statutory date."
TX-NEW-HAYS-2,Local Dripping Springs (Lot 2 of 3 CAD accounts),"1282 S Rob Shelton Blvd, Dripping Springs, TX 78620",Dripping Springs,Hays,R190279,,2024,Edcouch Community Housing Finance Corporation,Wilson Capital,HFC,Ch.394,1,yes,True,18000000.0,,,HB21 §13(i),2027-01-01,True,,Not a named party to Hays County v. Pecos HFC & Pleasanton HFC (25-1185-DCB) -- Edcouch Community HFC is not a defendant in that suit.,single-source,2,"HB21 §13(i) applies in principle (2027-01-01). Unlike sibling account R190278, this account shows NO exemption ever applied -- fully taxable in both TY2025 ($27,808,140=$27,808,140) and TY2026 ($18,000,000=$18,000,000; the TY26 preliminary value is lower, consistent with a construction-in-progress reassessment)."
TX-NEW-HAYS-3,"Local Dripping Springs (Lot 3 of 3 CAD accounts -- small parcel, likely retail/amenity pad)","1282 S Rob Shelton Blvd, Dripping Springs, TX 78620",Dripping Springs,Hays,R190280,,,Edcouch Community Housing Finance Corporation,Wilson Capital,HFC,Ch.394,1,yes,True,458050.0,,,HB21 §13(i),2027-01-01,True,,Not a named party to Hays County v. Pecos HFC & Pleasanton HFC (25-1185-DCB) -- Edcouch Community HFC is not a defendant in that suit.,single-source,1,"HB21 §13(i) applies in principle (2027-01-01). Fully taxable in TY2025 and TY2026 (market=taxable=$458,050, unchanged both years) -- no improvement value recorded (no year-built rows), consistent with a small out-parcel (parking/retail pad/common area) rather than a residential building."
TX-NEW-HAYS-4,Cheatham Street Flats,"407 S Guadalupe St, San Marcos, TX 78666",San Marcos,Hays,R151288,,2019,Texas Essential Housing Public Facility Corporation,Sabot Development,PFC,Ch.303,2,yes,True,18107596.0,,2022,"HB2071 / Ch.303 grandfather -- NO 2027 cliff (HB21 is HFC-only, does not reach Ch.303 PFCs)",,False,,"Not a party to Hays County v. Pecos HFC & Pleasanton HFC (25-1185-DCB) -- different sponsor entirely (PFC, not HFC), and this account IS currently exempt, unlike the Hays-suit properties.; Sponsor-level litigation (not Hays-specific, per data/sponsors.json): Texas Essential Housing PFC v. Williamson CAD, 24-0022-C395 & 24-1698-C395; AG opinion request KP-0437; SB 2434 (dissolution bill) died in the 88th Regular Session.",single-source,3,"Per docs/phase1_verdict.md, Texas Essential Housing PFC faces NO statutory cliff -- event-driven unwind only (99-yr ground-lease term, capital event, §303.0426 audit failure, or CAD/AG challenge; AG KP-0437 and two Williamson CAD suits are already testing the sponsor generally). This account has been FULLY EXEMPT (taxable=$0) on the HaysCAD roll since TY2023, after a partial/prorated exemption in TY2022 (the acquisition year: market $20,864,500 / taxable $4,674,002)."
TX-NEW-HAYS-5,Cheatham Street Flats -- retail/ancillary parcel,"407 S Guadalupe St, San Marcos, TX 78666",San Marcos,Hays,R194294,,2019,Texas Essential Housing Public Facility Corporation,Sabot Development,PFC,Ch.303,2,yes,True,1388417.0,,,HB2071 / Ch.303 grandfather -- NO 2027 cliff,,False,,"Not a party to Hays County v. Pecos HFC & Pleasanton HFC (25-1185-DCB) -- different sponsor entirely.; Sponsor-level litigation (not Hays-specific): Texas Essential Housing PFC v. Williamson CAD, 24-0022-C395 & 24-1698-C395; AG opinion request KP-0437.",single-source,2,"Not applicable in the same way as TX-NEW-HAYS-4: this is the RETAIL/commercial component of the mixed-use Cheatham Street Flats site (CAD neighborhood code 'C-SM-RET' vs. the main parcel's 'C-SM-MF'), and is mostly TAXABLE, not exempt -- TY2023 fully taxable ($876,231=$876,231), TY2025 partially exempt (taxable $1,051,477 of $1,234,960), TY2026 partially exempt (taxable $1,261,772 of $1,388,417, ~9% of value exempt). Consistent with the housing-exemption theory not extending to the commercial/retail portion of a mixed-use HFC/PFC deal."
TX-62-4408,Avaya Kingwood,25710 Loop 494,Kingwood,Montgomery,0004050100903,,2014,Houston Housing Authority,,HA,Ch.392,3,yes,True,34400000.0,,2025,HA-specific (Ch.392 Sec.392.005) -- NO statutory 2027 cliff (HB21/HB2071 do not reach Ch.392),,False,2025-04 recapitalization added HHA to ownership group (seed sale_comment; unrecorded sale),,cross-validated,3,"No statutory cliff; unwind only via ultra vires challenge, Sec.392.005(c) affordability-condition dispute, or litigation (event-driven, per Phase-1 verdict)."
TX-62-940094,,,Spring,Montgomery,,,,Houston Housing Authority,,HA,Ch.392,3,yes,True,,,,HA-specific (Ch.392) -- no statutory 2027 cliff,,False,,,seed,3,No statutory cliff (Ch.392); event-driven only.
TX-63-3939,Grove at Sterling Ridge,6900 Lake Woodlands Dr,The Woodlands,Montgomery,0004990000129,,2004,Maverick County Housing Finance Corporation,,HFC,Ch.394,1,yes,True,44000000.0,,,HB21 §13(i) 2027-01-01 + §13(e) capital-event,2027-01-01,True,,"Missouri City v. Maverick County HFC (Fort Bend 268th, TRO) -- sponsor-wide, not property-specific; Bexar AD suit (sponsor-wide)",single-source,4,HB21 §13(i) statutory cliff. NOTE: Maverick County HFC was chartered 6/24/2024 -- deals straddle the 5/28/2025 §394.031(c)-(d) outright-bar line; exact acquisition date for this specific parcel not independently confirmed from free sources (see gaps).
TX-63-2255,Montfair at The Woodlands,10851 Montfair Dr,The Woodlands,Montgomery,0097169900700,310,2007,Maverick County Housing Finance Corporation,29th Street Capital,HFC,Ch.394,1,yes,True,44750000.0,,,HB21 §13(i) 2027-01-01 + §13(e) capital-event,2027-01-01,True,2025-01 recapitalization added Maverick County HFC to ownership group (seed sale_comment; undisclosed sale),"Missouri City v. Maverick County HFC (Fort Bend 268th, TRO) -- sponsor-wide, not property-specific; Bexar AD suit (sponsor-wide)",single-source,3,"HB21 §13(i) statutory cliff. Maverick chartered 6/24/2024; seed dates this specific recap to 01/2025 (pre-5/28/2025), so §394.031(c)-(d) outright-bar likely does not apply -- but not independently confirmed from a recorded instrument."
TX-63-4733,Woodland Landings,5402 FM 1488,Magnolia,Montgomery,0005460004200,,2013,Pleasanton Housing Finance Corporation,Hilltop Residential,HFC,Ch.394,1,yes,True,66000000.0,,2025,HB21 §13(i) 2027-01-01 + §13(e),2027-01-01,True,,"15-25-00110/-00111-CV (sponsor-wide, appeals abandoned); Hays Co. 25-1185-DCB TRO (sponsor-wide)",cross-validated,3,HB21 §13(i) statutory cliff; Pleasanton HFC's appeals abandoned statewide (per Phase-1) -- no property-specific injunction found for this Montgomery parcel.
TX-NEW-MONTGOMERY-1,Porterwood Apartments,24270 FM 1314 Rd,Porter,Montgomery,0004250002900,136,1984,Pecos Housing Finance Corporation,,HFC,Ch.394,1,yes,True,13650000.0,,2025,HB21 §13(i) 2027-01-01 + §13(e),2027-01-01,True,,"Haltom City v. Pecos HFC (injunction 6/3/2025) -- sponsor-wide, not property-specific; Tarrant ARB $974M/28 sites -- sponsor-wide; TWHC HB21 constitutional challenge -- sponsor-wide",cross-validated,4,"HB21 §13(i) statutory cliff -- Pecos HFC is Ch.394 (reclassified from 'Housing Authority' per Phase-1 verdict); Tarrant ARB / Haltom City / Hays Co. litigation is sponsor-wide, not property-specific to this Montgomery parcel."
TX-62-878,Little Bend Manor,6607 Prino St,Hitchcock,Galveston,174165,,1967,Cameron County Housing Finance Corporation,,HFC,Ch.394,1,yes,True,4781750,exempt,2022,HB21 §13(i),2027-01-01,,,,single-source,2,
TX-62-3053,Amalfi (informal),1450 E League City Pkwy,League City,Galveston,511074,,2008,Cameron County Housing Finance Corporation,Sachs Companies,HFC,Ch.394,1,yes,True,38000000,exempt,2023,HB21 §13(i),2027-01-01,,,,single-source,3,
TX-62-4070,Sorrento (informal),1455 Louisiana Ave,League City,Galveston,505005,,2008,Cameron County Housing Finance Corporation,Sachs Companies,HFC,Ch.394,1,yes,True,25900000,exempt,2023,HB21 §13(i),2027-01-01,,,,single-source,3,
TX-62-3044,,504 E Highway 332,Lake Jackson,Brazoria,509957,,1999,Cameron County Housing Finance Corporation,,HFC,Ch.394,1,yes,True,21996610,exempt,2025,HB21 §13(i),2027-01-01,,,,single-source,2,
TX-215-1546292,,934 W 14th St,Port Arthur,Jefferson,93444,,1968,Cameron County Housing Finance Corporation,,HFC,Ch.394,1,yes,True,7035256,exempt,2023,HB21 §13(i),2027-01-01,,,,single-source,2,
TX-NEW-GALVESTON-1,Riverbend at Clear Creek Point Lot 10,298 N Wesley Dr,League City,Galveston,741626,,,Cameron County Housing Finance Corporation,,HFC,Ch.394,1,yes,True,1860390,taxable,,N/A - no exemption currently,,,,,single-source,2,
TX-NEW-GALVESTON-2,Riverbend at Clear Creek Point Lot 9,300 N Wesley Dr,League City,Galveston,741625,,,Cameron County Housing Finance Corporation,,HFC,Ch.394,1,yes,True,3371030,taxable,,N/A - no exemption currently,,,,,single-source,1,
TX-NEW-GALVESTON-3,Chicory Court (informal),7200 Heards Ln,Galveston,Galveston,114843,,1983,Cameron County Housing Finance Corporation,,HFC,Ch.394,1,yes,True,472930,exempt,2021,HB21 §13(i),2027-01-01,,,,single-source,1,
TX-NEW-JEFFERSON-1,Northridge Manor,4050 Maida Rd,Beaumont,Jefferson,5895,,1979,Cameron County Housing Finance Corporation,,HFC,Ch.394,1,yes,True,6051221,exempt,,HB21 §13(i),2027-01-01,,,,single-source,2,
TX-113-145,Island Villa,1641 Nile Dr,Corpus Christi,Nueces,"375206, 375207",,2008,Cameron County Housing Finance Corporation,Post Investment Group,HFC,Ch.394,1,yes,True,45621255,exempt,2023,HB21 §13(i),2027-01-01,,,,single-source,4,
TX-113-122,Encore Crossing,2133 Nodding Pines,Corpus Christi,Nueces,381128,,2009,Cameron County Housing Finance Corporation,Post Investment Group,HFC,Ch.394,1,yes,True,32585507,exempt,2023,HB21 §13(i),2027-01-01,,,,single-source,3,
TX-113-1569,The Retreat,5721 Timbergate Dr,Corpus Christi,Nueces,531384,,2017,Cameron County Housing Finance Corporation,Post Investment Group,HFC,Ch.394,1,yes,True,59491032,exempt,2023,HB21 §13(i),2027-01-01,,,,single-source,3,
TX-NEW-NUECES-1,Encore Crossing II,2202 Nodding Pines Dr,Corpus Christi,Nueces,523877,,2013,Cameron County Housing Finance Corporation,Post Investment Group,HFC,Ch.394,1,yes,True,26084832,exempt,2023,HB21 §13(i),2027-01-01,,,,single-source,2,
TX-61-1383,Cypress Edge (fmr Langtry Village),1565 N Business 35,New Braunfels,Comal,35758 (land),,1984,Pecos Housing Finance Corporation,,HFC,Ch.394,1,yes,True,1313990,taxable,,HB21 §13(i),2027-01-01,,,,single-source,2,
TX-NEW-COMAL-1,The Current,614 N Central Ave,New Braunfels,Comal,429764,,2021,La Villa Housing Finance Corporation,,HFC,Ch.394,1,yes,True,23701350,taxable,,HB21 §13(i),2027-01-01,,,,single-source,1,
TX-38-1518161,Live Oak Apartments,4023 N Main St,Cleburne,Johnson,126211701010,,2024,Pecos Housing Finance Corporation,,HFC,Ch.394,1,yes,True,40929120,taxable,,HB21 §13(i),2027-01-01,,,,single-source,2,
TX-38-1502285,,1555 W Hwy 380,Decatur,Wise,201132507,,2023,Pecos Housing Finance Corporation,,HFC,Ch.394,1,yes,True,33072098,taxable,,HB21 §13(i),2027-01-01,,,,single-source,3,
TX-84-943,,,Waco,McLennan,,,,Pleasanton Housing Finance Corporation,,HFC,Ch.394,1,yes,True,,unknown,,HB21 §13(i),2027-01-01,,,,single-source,1,
TX-38-674329,,,Burleson,Johnson,,,,Pecos Housing Finance Corporation,,HFC,Ch.394,1,yes,True,,unknown,,HB21 §13(i),2027-01-01,,,,single-source,1,
TX-37-3117,,,Rockwall,Rockwall,,,1982,Pecos Housing Finance Corporation,S2 Capital,HFC,Ch.394,1,yes,True,,unknown,,HB21 §13(i),2027-01-01,,,,single-source,1,
TX-38-740,1505 Exchange,1505 HOMEDALE DR,Fort Worth,Tarrant,4402324,256,1980,Pecos Housing Finance Corporation,Argentic Real Estate Investment,HFC,Ch.394,1,yes,True,21000000,,,HB21 §13(i) 1/1/2027 + §13(e) capital-event,already (pre-2027),True,,"Haltom City v. Pecos HFC — temporary injunction granted 6/3/2025 (docs/phase1_verdict.md); City of Arlington v. Pecos/Pleasanton/Maverick/La Villa HFC coalition — 15-25-00111-CV (15th Court of Appeals); Tarrant County ARB petitions filed 5/28/2025: 28 travelling-HFC sites, $974M total 2025 appraised value, seeking up to 5-yr back-assessment under Tax Code §11.43(i) (tarrantcountytx.gov news release 2025; Fort Worth Report/KERA 6/23-24/2025); Texas Workforce Housing Coalition HB21 constitutional challenge (Cameron Co., filed ~9/2025); TAD shows NO active section 11.11 exemption for this account as of the TY2026 notice (4/15/2026) -- fully taxable now per TAD's own record, independent of any court order. Deed recorded 2025-03-19.",cross-validated,4,"TAD account page shows NO section 11.11 exemption on file as of the TY2026 notice (sent 4/15/2026) -- property is fully taxable in TAD's system NOW, ahead of the 1/1/2027 HB21 cliff. Deed recorded 2025-03-19. TAD data shows this administrative non-grant pattern applies broadly to deeds recorded on/after ~Feb 2025 across nearly every sponsor in this sweep, not only Haltom City/Arlington-litigated parcels."
TX-38-818,Azora Ranch,3665 MARINE CREEK PKWY,Fort Worth,Tarrant,42793929,270,2021,Pecos Housing Finance Corporation,,HFC,Ch.394,1,yes,True,4180000,,,HB21 §13(i) 1/1/2027 + §13(e) capital-event,already (pre-2027),True,,"Haltom City v. Pecos HFC — temporary injunction granted 6/3/2025 (docs/phase1_verdict.md); City of Arlington v. Pecos/Pleasanton/Maverick/La Villa HFC coalition — 15-25-00111-CV (15th Court of Appeals); Tarrant County ARB petitions filed 5/28/2025: 28 travelling-HFC sites, $974M total 2025 appraised value, seeking up to 5-yr back-assessment under Tax Code §11.43(i) (tarrantcountytx.gov news release 2025; Fort Worth Report/KERA 6/23-24/2025); Texas Workforce Housing Coalition HB21 constitutional challenge (Cameron Co., filed ~9/2025); TAD shows NO active section 11.11 exemption for this account as of the TY2026 notice (4/15/2026) -- fully taxable now per TAD's own record, independent of any court order. Deed recorded 2025-05-16.",cross-validated,4,"TAD account page shows NO section 11.11 exemption on file as of the TY2026 notice (sent 4/15/2026) -- property is fully taxable in TAD's system NOW, ahead of the 1/1/2027 HB21 cliff. Deed recorded 2025-05-16. TAD data shows this administrative non-grant pattern applies broadly to deeds recorded on/after ~Feb 2025 across nearly every sponsor in this sweep, not only Haltom City/Arlington-litigated parcels."
TX-38-850,500 FLATS (woodridge),500 E LOOP 820,Fort Worth,Tarrant,4325893,248,1982,La Villa Housing Finance Corporation,Good Life Housing Partners,HFC,Ch.394,1,yes,True,18400000,,,HB21 §13(i)/§13(e),already (pre-2027),True,,"Fort Worth-area temporary-order effort (13 props/$3.2M per phase1 profile); Bexar AD suit; Tarrant County ARB petitions (28-site/$974M action); TWHC coalition; TAD shows NO active section 11.11 exemption for this account as of the TY2026 notice (4/15/2026) -- fully taxable now per TAD's own record, independent of any court order. Deed recorded 2025-04-04.",cross-validated,3,"TAD account page shows NO section 11.11 exemption on file as of the TY2026 notice (sent 4/15/2026) -- property is fully taxable in TAD's system NOW, ahead of the 1/1/2027 HB21 cliff. Deed recorded 2025-04-04. TAD data shows this administrative non-grant pattern applies broadly to deeds recorded on/after ~Feb 2025 across nearly every sponsor in this sweep, not only Haltom City/Arlington-litigated parcels."
TX-38-854,Emmit Luxury Apts,5613 COVENTRY PARK DR; 5744 COVENTRY PARK DR,Haltom City,Tarrant,4986261; 4986288,402,1980,Pecos Housing Finance Corporation,Ashland Greene Capital,HFC,Ch.394,1,yes,True,41860000,,,HB21 §13(i) 1/1/2027 + §13(e) capital-event,already (pre-2027),True,,"Haltom City v. Pecos HFC — temporary injunction granted 6/3/2025 (docs/phase1_verdict.md); City of Arlington v. Pecos/Pleasanton/Maverick/La Villa HFC coalition — 15-25-00111-CV (15th Court of Appeals); Tarrant County ARB petitions filed 5/28/2025: 28 travelling-HFC sites, $974M total 2025 appraised value, seeking up to 5-yr back-assessment under Tax Code §11.43(i) (tarrantcountytx.gov news release 2025; Fort Worth Report/KERA 6/23-24/2025); Texas Workforce Housing Coalition HB21 constitutional challenge (Cameron Co., filed ~9/2025); Property sits in Haltom City, which won a temporary injunction against Pecos HFC's traveling exemption (6/3/2025, docs/phase1_verdict.md). TAD exemption status for this account: DENIED/absent (no exemption on TAD record)",cross-validated,4,"TAD account page shows NO section 11.11 exemption on file as of the TY2026 notice (sent 4/15/2026) -- property is fully taxable in TAD's system NOW, ahead of the 1/1/2027 HB21 cliff. Deed recorded 2025-05-16. TAD data shows this administrative non-grant pattern applies broadly to deeds recorded on/after ~Feb 2025 across nearly every sponsor in this sweep, not only Haltom City/Arlington-litigated parcels."
TX-38-856,0 Blue Mound Rd,0 BLUE MOUND RD,Fort Worth,Tarrant,42721201,,,Pleasanton Housing Finance Corporation,,HFC,Ch.394,1,yes,True,451037,,2026,HB21 §13(i) 1/1/2027 + §13(e); Lake Worth/Arlington/Fort Worth/Missouri City temporary injunctions now STAND — PHFC abandoned its appeals (15-25-00110-CV/-00111-CV),2027-01-01,True,,15-25-00110-CV / 15-25-00111-CV (appeals abandoned; injunctions stand); Hays Co. 25-1185-DCB TRO; Tarrant County ARB petitions (same 28-site/$974M action covers multiple Tarrant HFC sponsors incl. Pleasanton); AG RQ-0566-KP pending,cross-validated,3,"HB21 §13(i): HFC-owned, out-of-jurisdiction as of 9/1/2025, no host resolutions found -> exemption ineligible after 1/1/2027. TAD currently still shows an active section 11.11 public-property exemption for this account (deed 2025-01-27)."
TX-38-862,Athena,5524 CROSSCREEK LN,Benbrook,Tarrant,640654,288,1980,Pecos Housing Finance Corporation,Ashland Greene Capital,HFC,Ch.394,1,yes,True,27600000,,,HB21 §13(i) 1/1/2027 + §13(e) capital-event,already (pre-2027),True,,"Haltom City v. Pecos HFC — temporary injunction granted 6/3/2025 (docs/phase1_verdict.md); City of Arlington v. Pecos/Pleasanton/Maverick/La Villa HFC coalition — 15-25-00111-CV (15th Court of Appeals); Tarrant County ARB petitions filed 5/28/2025: 28 travelling-HFC sites, $974M total 2025 appraised value, seeking up to 5-yr back-assessment under Tax Code §11.43(i) (tarrantcountytx.gov news release 2025; Fort Worth Report/KERA 6/23-24/2025); Texas Workforce Housing Coalition HB21 constitutional challenge (Cameron Co., filed ~9/2025); TAD shows NO active section 11.11 exemption for this account as of the TY2026 notice (4/15/2026) -- fully taxable now per TAD's own record, independent of any court order. Deed recorded 2025-05-19.",cross-validated,4,"TAD account page shows NO section 11.11 exemption on file as of the TY2026 notice (sent 4/15/2026) -- property is fully taxable in TAD's system NOW, ahead of the 1/1/2027 HB21 cliff. Deed recorded 2025-05-19. TAD data shows this administrative non-grant pattern applies broadly to deeds recorded on/after ~Feb 2025 across nearly every sponsor in this sweep, not only Haltom City/Arlington-litigated parcels."
TX-38-864,Lawson,5608 ROYAL LN,Benbrook,Tarrant,4770773,166,1980,Pecos Housing Finance Corporation,Brazos Residential,HFC,Ch.394,1,yes,True,18200000,,,HB21 §13(i) 1/1/2027 + §13(e) capital-event,already (pre-2027),True,,"Haltom City v. Pecos HFC — temporary injunction granted 6/3/2025 (docs/phase1_verdict.md); City of Arlington v. Pecos/Pleasanton/Maverick/La Villa HFC coalition — 15-25-00111-CV (15th Court of Appeals); Tarrant County ARB petitions filed 5/28/2025: 28 travelling-HFC sites, $974M total 2025 appraised value, seeking up to 5-yr back-assessment under Tax Code §11.43(i) (tarrantcountytx.gov news release 2025; Fort Worth Report/KERA 6/23-24/2025); Texas Workforce Housing Coalition HB21 constitutional challenge (Cameron Co., filed ~9/2025); TAD shows NO active section 11.11 exemption for this account as of the TY2026 notice (4/15/2026) -- fully taxable now per TAD's own record, independent of any court order. Deed recorded 2025-04-25.",cross-validated,4,"TAD account page shows NO section 11.11 exemption on file as of the TY2026 notice (sent 4/15/2026) -- property is fully taxable in TAD's system NOW, ahead of the 1/1/2027 HB21 cliff. Deed recorded 2025-04-25. TAD data shows this administrative non-grant pattern applies broadly to deeds recorded on/after ~Feb 2025 across nearly every sponsor in this sweep, not only Haltom City/Arlington-litigated parcels."
TX-38-865,Leander Apt Homes,5707 BELLAIRE DR S,Benbrook,Tarrant,640816,168,1980,Pecos Housing Finance Corporation,Brazos Residential,HFC,Ch.394,1,yes,True,17300000,,,HB21 §13(i) 1/1/2027 + §13(e) capital-event,already (pre-2027),True,,"Haltom City v. Pecos HFC — temporary injunction granted 6/3/2025 (docs/phase1_verdict.md); City of Arlington v. Pecos/Pleasanton/Maverick/La Villa HFC coalition — 15-25-00111-CV (15th Court of Appeals); Tarrant County ARB petitions filed 5/28/2025: 28 travelling-HFC sites, $974M total 2025 appraised value, seeking up to 5-yr back-assessment under Tax Code §11.43(i) (tarrantcountytx.gov news release 2025; Fort Worth Report/KERA 6/23-24/2025); Texas Workforce Housing Coalition HB21 constitutional challenge (Cameron Co., filed ~9/2025); TAD shows NO active section 11.11 exemption for this account as of the TY2026 notice (4/15/2026) -- fully taxable now per TAD's own record, independent of any court order. Deed recorded 2025-04-25.",cross-validated,4,"TAD account page shows NO section 11.11 exemption on file as of the TY2026 notice (sent 4/15/2026) -- property is fully taxable in TAD's system NOW, ahead of the 1/1/2027 HB21 cliff. Deed recorded 2025-04-25. TAD data shows this administrative non-grant pattern applies broadly to deeds recorded on/after ~Feb 2025 across nearly every sponsor in this sweep, not only Haltom City/Arlington-litigated parcels."
TX-38-867,Sagamore Apartment Homes,5643 BELLAIRE DR S; 5644 RIVER WALK DR,Benbrook,Tarrant,640794; 640808,400,1980,Pecos Housing Finance Corporation,Ashland Greene Capital,HFC,Ch.394,1,yes,True,35200000,,,HB21 §13(i) 1/1/2027 + §13(e) capital-event,already (pre-2027),True,,"Haltom City v. Pecos HFC — temporary injunction granted 6/3/2025 (docs/phase1_verdict.md); City of Arlington v. Pecos/Pleasanton/Maverick/La Villa HFC coalition — 15-25-00111-CV (15th Court of Appeals); Tarrant County ARB petitions filed 5/28/2025: 28 travelling-HFC sites, $974M total 2025 appraised value, seeking up to 5-yr back-assessment under Tax Code §11.43(i) (tarrantcountytx.gov news release 2025; Fort Worth Report/KERA 6/23-24/2025); Texas Workforce Housing Coalition HB21 constitutional challenge (Cameron Co., filed ~9/2025); TAD shows NO active section 11.11 exemption for this account as of the TY2026 notice (4/15/2026) -- fully taxable now per TAD's own record, independent of any court order. Deed recorded 2025-05-19.",cross-validated,4,"TAD account page shows NO section 11.11 exemption on file as of the TY2026 notice (sent 4/15/2026) -- property is fully taxable in TAD's system NOW, ahead of the 1/1/2027 HB21 cliff. Deed recorded 2025-05-19. TAD data shows this administrative non-grant pattern applies broadly to deeds recorded on/after ~Feb 2025 across nearly every sponsor in this sweep, not only Haltom City/Arlington-litigated parcels."
TX-38-923,5300 Village Ln Apts,5200 VILLAGE LN; 5221 VILLAGE LN; 5300 VILLAGE LN; 5301 VILLAGE LN,Fort Worth,Tarrant,4705912; 4705920; 4705939; 4705947,136,1980,Cameron County Housing Finance Corporation,,HFC,Ch.394,1,yes,True,20100000,,2023,HB21 §13(i)/§13(e),2027-01-01,True,,Williamson County v. Cameron County HFC (TRO); Bexar AD suit (27 complexes/$26M); Tarrant County ARB petitions (28-site/$974M action); TWHC HB21 constitutional challenge,cross-validated,4,"HB21 §13(i): HFC-owned, out-of-jurisdiction as of 9/1/2025, no host resolutions found -> exemption ineligible after 1/1/2027. TAD currently still shows an active section 11.11 public-property exemption for this account (deed 2022-06-13)."
TX-38-931,Bridge Hollow Apartments,5801 BRIDGE ST,Fort Worth,Tarrant,4972759,280,1984,Pecos Housing Finance Corporation,Cottonwood Group,HFC,Ch.394,1,yes,True,24000000,,2026,HB21 §13(i) 1/1/2027 + §13(e) capital-event,2027-01-01,True,,"Haltom City v. Pecos HFC — temporary injunction granted 6/3/2025 (docs/phase1_verdict.md); City of Arlington v. Pecos/Pleasanton/Maverick/La Villa HFC coalition — 15-25-00111-CV (15th Court of Appeals); Tarrant County ARB petitions filed 5/28/2025: 28 travelling-HFC sites, $974M total 2025 appraised value, seeking up to 5-yr back-assessment under Tax Code §11.43(i) (tarrantcountytx.gov news release 2025; Fort Worth Report/KERA 6/23-24/2025); Texas Workforce Housing Coalition HB21 constitutional challenge (Cameron Co., filed ~9/2025)",cross-validated,4,"HB21 §13(i): HFC-owned, out-of-jurisdiction as of 9/1/2025, no host resolutions found -> exemption ineligible after 1/1/2027. TAD currently still shows an active section 11.11 public-property exemption for this account (deed 2025-01-15)."
TX-38-1046,Palace Of Arlington,1601 REGENCY CT,Arlington,Tarrant,1181793; 4620070,280,1970,Texas Essential Housing Public Facility Corporation,Nitya Capital,PFC,Ch.303,2,yes,True,43300000,,2024,"NO 2027 cliff (HB21 is HFC-only). Event-driven: 99-yr ground-lease term, capital event, §303.0426 audit failure, CAD/AG challenge (KP-0437)",,,,"TEHPFC v. Williamson CAD 24-0022-C395 & 24-1698-C395; AG KP-0437; Property sits in Arlington, plaintiff in the 15-25-00111-CV coalition suit/TRO against traveling HFCs (docs/phase1_verdict.md). TAD exemption status for this account: ACTIVE (section 11.11 still on file)",cross-validated,3,"Ch.303 PFC -- HB21 does not reach it; unwinds on 99-yr ground-lease term, capital event, section 303.0426 audit failure, or CAD/AG challenge. No fixed statutory date."
TX-38-1047,Cortland Riverside,6032 TRAVERTINE LN,Fort Worth,Tarrant,42220791; 42220783,374,2017,Pleasanton Housing Finance Corporation,RPM Living,HFC,Ch.394,1,yes,True,65400000,,,HB21 §13(i) 1/1/2027 + §13(e); Lake Worth/Arlington/Fort Worth/Missouri City temporary injunctions now STAND — PHFC abandoned its appeals (15-25-00110-CV/-00111-CV),already (pre-2027),True,,"15-25-00110-CV / 15-25-00111-CV (appeals abandoned; injunctions stand); Hays Co. 25-1185-DCB TRO; Tarrant County ARB petitions (same 28-site/$974M action covers multiple Tarrant HFC sponsors incl. Pleasanton); AG RQ-0566-KP pending; TAD shows NO active section 11.11 exemption for this account as of the TY2026 notice (4/15/2026) -- fully taxable now per TAD's own record, independent of any court order. Deed recorded 2025-03-07.",cross-validated,4,"TAD account page shows NO section 11.11 exemption on file as of the TY2026 notice (sent 4/15/2026) -- property is fully taxable in TAD's system NOW, ahead of the 1/1/2027 HB21 cliff. Deed recorded 2025-03-07. TAD data shows this administrative non-grant pattern applies broadly to deeds recorded on/after ~Feb 2025 across nearly every sponsor in this sweep, not only Haltom City/Arlington-litigated parcels."
TX-38-1111,Hills At Ironhorse,6424 INDUSTRIAL PARK BLVD,North Richland Hills,Tarrant,4986776,238,1983,Pecos Housing Finance Corporation,Anterra,HFC,Ch.394,1,yes,True,31600000,,,HB21 §13(i) 1/1/2027 + §13(e) capital-event,already (pre-2027),True,,"Haltom City v. Pecos HFC — temporary injunction granted 6/3/2025 (docs/phase1_verdict.md); City of Arlington v. Pecos/Pleasanton/Maverick/La Villa HFC coalition — 15-25-00111-CV (15th Court of Appeals); Tarrant County ARB petitions filed 5/28/2025: 28 travelling-HFC sites, $974M total 2025 appraised value, seeking up to 5-yr back-assessment under Tax Code §11.43(i) (tarrantcountytx.gov news release 2025; Fort Worth Report/KERA 6/23-24/2025); Texas Workforce Housing Coalition HB21 constitutional challenge (Cameron Co., filed ~9/2025); TAD shows NO active section 11.11 exemption for this account as of the TY2026 notice (4/15/2026) -- fully taxable now per TAD's own record, independent of any court order. Deed recorded 2025-04-29.",cross-validated,4,"TAD account page shows NO section 11.11 exemption on file as of the TY2026 notice (sent 4/15/2026) -- property is fully taxable in TAD's system NOW, ahead of the 1/1/2027 HB21 cliff. Deed recorded 2025-04-29. TAD data shows this administrative non-grant pattern applies broadly to deeds recorded on/after ~Feb 2025 across nearly every sponsor in this sweep, not only Haltom City/Arlington-litigated parcels."
TX-38-1179,Casa Villa,6130 OAKLAND HILLS DR,Fort Worth,Tarrant,4855280,126,1984,Pecos Housing Finance Corporation,AIC Capital,HFC,Ch.394,1,yes,True,13300000,,,HB21 §13(i) 1/1/2027 + §13(e) capital-event,already (pre-2027),True,,"Haltom City v. Pecos HFC — temporary injunction granted 6/3/2025 (docs/phase1_verdict.md); City of Arlington v. Pecos/Pleasanton/Maverick/La Villa HFC coalition — 15-25-00111-CV (15th Court of Appeals); Tarrant County ARB petitions filed 5/28/2025: 28 travelling-HFC sites, $974M total 2025 appraised value, seeking up to 5-yr back-assessment under Tax Code §11.43(i) (tarrantcountytx.gov news release 2025; Fort Worth Report/KERA 6/23-24/2025); Texas Workforce Housing Coalition HB21 constitutional challenge (Cameron Co., filed ~9/2025); TAD shows NO active section 11.11 exemption for this account as of the TY2026 notice (4/15/2026) -- fully taxable now per TAD's own record, independent of any court order. Deed recorded 2025-04-30.",cross-validated,4,"TAD account page shows NO section 11.11 exemption on file as of the TY2026 notice (sent 4/15/2026) -- property is fully taxable in TAD's system NOW, ahead of the 1/1/2027 HB21 cliff. Deed recorded 2025-04-30. TAD data shows this administrative non-grant pattern applies broadly to deeds recorded on/after ~Feb 2025 across nearly every sponsor in this sweep, not only Haltom City/Arlington-litigated parcels."
TX-38-1260,Cedar Point Apts,2020 CEDAR POINT DR,Arlington,Tarrant,1592742,272,1977,Pecos Housing Finance Corporation,,HFC,Ch.394,1,yes,True,31900000,,2026,HB21 §13(i) 1/1/2027 + §13(e) capital-event,2027-01-01,True,,"Haltom City v. Pecos HFC — temporary injunction granted 6/3/2025 (docs/phase1_verdict.md); City of Arlington v. Pecos/Pleasanton/Maverick/La Villa HFC coalition — 15-25-00111-CV (15th Court of Appeals); Tarrant County ARB petitions filed 5/28/2025: 28 travelling-HFC sites, $974M total 2025 appraised value, seeking up to 5-yr back-assessment under Tax Code §11.43(i) (tarrantcountytx.gov news release 2025; Fort Worth Report/KERA 6/23-24/2025); Texas Workforce Housing Coalition HB21 constitutional challenge (Cameron Co., filed ~9/2025); Property sits in Arlington, plaintiff in the 15-25-00111-CV coalition suit/TRO against traveling HFCs (docs/phase1_verdict.md). TAD exemption status for this account: ACTIVE (section 11.11 still on file)",cross-validated,4,"HB21 §13(i): HFC-owned, out-of-jurisdiction as of 9/1/2025, no host resolutions found -> exemption ineligible after 1/1/2027. TAD currently still shows an active section 11.11 public-property exemption for this account (deed 2025-02-20)."
TX-38-1456,the carmin,723 BRENTFORD PL,Arlington,Tarrant,4761634,188,1983,La Villa Housing Finance Corporation,Tides Equities,HFC,Ch.394,1,yes,True,21100000,,,HB21 §13(i)/§13(e),already (pre-2027),True,,"Fort Worth-area temporary-order effort (13 props/$3.2M per phase1 profile); Bexar AD suit; Tarrant County ARB petitions (28-site/$974M action); TWHC coalition; Property sits in Arlington, plaintiff in the 15-25-00111-CV coalition suit/TRO against traveling HFCs (docs/phase1_verdict.md). TAD exemption status for this account: DENIED/absent (no exemption on TAD record)",cross-validated,4,"TAD account page shows NO section 11.11 exemption on file as of the TY2026 notice (sent 4/15/2026) -- property is fully taxable in TAD's system NOW, ahead of the 1/1/2027 HB21 cliff. Deed recorded 2025-03-24. TAD data shows this administrative non-grant pattern applies broadly to deeds recorded on/after ~Feb 2025 across nearly every sponsor in this sweep, not only Haltom City/Arlington-litigated parcels."
TX-38-1487,Elliot Windsprint Apts,2305 WINDSPRINT WAY,Arlington,Tarrant,4846710,288,1983,Edcouch Community Housing Finance Corporation,Ashcroft Capital,HFC,Ch.394,1,yes,True,34600000,,,HB21 §13(i)/§13(e),already (pre-2027),True,,"Bexar AD suit; Tarrant County ARB petitions (28-site/$974M action); TWHC coalition; Property sits in Arlington, plaintiff in the 15-25-00111-CV coalition suit/TRO against traveling HFCs (docs/phase1_verdict.md). TAD exemption status for this account: DENIED/absent (no exemption on TAD record)",cross-validated,5,"TAD account page shows NO section 11.11 exemption on file as of the TY2026 notice (sent 4/15/2026) -- property is fully taxable in TAD's system NOW, ahead of the 1/1/2027 HB21 cliff. Deed recorded 2025-04-18. TAD data shows this administrative non-grant pattern applies broadly to deeds recorded on/after ~Feb 2025 across nearly every sponsor in this sweep, not only Haltom City/Arlington-litigated parcels."
TX-38-1510,Dylan East Fort Worth,2324 MEADOWBROOK GARDENS DR,Fort Worth,Tarrant,4849264,122,1982,Cameron County Housing Finance Corporation,,HFC,Ch.394,1,yes,True,15200000,,2026,HB21 §13(i)/§13(e),2027-01-01,True,,Williamson County v. Cameron County HFC (TRO); Bexar AD suit (27 complexes/$26M); Tarrant County ARB petitions (28-site/$974M action); TWHC HB21 constitutional challenge,cross-validated,3,"HB21 §13(i): HFC-owned, out-of-jurisdiction as of 9/1/2025, no host resolutions found -> exemption ineligible after 1/1/2027. TAD currently still shows an active section 11.11 public-property exemption for this account (deed 2025-01-17)."
TX-38-1550,Cedar At River Legacy Park,903 ASHFORD LN,Arlington,Tarrant,4970594,296,1983,Pleasanton Housing Finance Corporation,Tides Equities,HFC,Ch.394,1,yes,True,32800000,,,HB21 §13(i) 1/1/2027 + §13(e); Lake Worth/Arlington/Fort Worth/Missouri City temporary injunctions now STAND — PHFC abandoned its appeals (15-25-00110-CV/-00111-CV),already (pre-2027),True,,"15-25-00110-CV / 15-25-00111-CV (appeals abandoned; injunctions stand); Hays Co. 25-1185-DCB TRO; Tarrant County ARB petitions (same 28-site/$974M action covers multiple Tarrant HFC sponsors incl. Pleasanton); AG RQ-0566-KP pending; Property sits in Arlington, plaintiff in the 15-25-00111-CV coalition suit/TRO against traveling HFCs (docs/phase1_verdict.md). TAD exemption status for this account: DENIED/absent (no exemption on TAD record)",cross-validated,3,"TAD account page shows NO section 11.11 exemption on file as of the TY2026 notice (sent 4/15/2026) -- property is fully taxable in TAD's system NOW, ahead of the 1/1/2027 HB21 cliff. Deed recorded 2025-04-17. TAD data shows this administrative non-grant pattern applies broadly to deeds recorded on/after ~Feb 2025 across nearly every sponsor in this sweep, not only Haltom City/Arlington-litigated parcels."
TX-38-1661,Decker Apartment Homes,6351 VEGA DR,Fort Worth,Tarrant,4885953,216,1985,Pecos Housing Finance Corporation,,HFC,Ch.394,1,yes,True,18100000,,,HB21 §13(i) 1/1/2027 + §13(e) capital-event,already (pre-2027),True,,"Haltom City v. Pecos HFC — temporary injunction granted 6/3/2025 (docs/phase1_verdict.md); City of Arlington v. Pecos/Pleasanton/Maverick/La Villa HFC coalition — 15-25-00111-CV (15th Court of Appeals); Tarrant County ARB petitions filed 5/28/2025: 28 travelling-HFC sites, $974M total 2025 appraised value, seeking up to 5-yr back-assessment under Tax Code §11.43(i) (tarrantcountytx.gov news release 2025; Fort Worth Report/KERA 6/23-24/2025); Texas Workforce Housing Coalition HB21 constitutional challenge (Cameron Co., filed ~9/2025); TAD shows NO active section 11.11 exemption for this account as of the TY2026 notice (4/15/2026) -- fully taxable now per TAD's own record, independent of any court order. Deed recorded 2025-05-16.",cross-validated,3,"TAD account page shows NO section 11.11 exemption on file as of the TY2026 notice (sent 4/15/2026) -- property is fully taxable in TAD's system NOW, ahead of the 1/1/2027 HB21 cliff. Deed recorded 2025-05-16. TAD data shows this administrative non-grant pattern applies broadly to deeds recorded on/after ~Feb 2025 across nearly every sponsor in this sweep, not only Haltom City/Arlington-litigated parcels."
TX-38-1744,Parkwyn,4401 GLENVIEW CT,North Richland Hills,Tarrant,5647452,241,1969,Pecos Housing Finance Corporation,Disrupt Equity,HFC,Ch.394,1,yes,True,29300000,,,HB21 §13(i) 1/1/2027 + §13(e) capital-event,already (pre-2027),True,,"Haltom City v. Pecos HFC — temporary injunction granted 6/3/2025 (docs/phase1_verdict.md); City of Arlington v. Pecos/Pleasanton/Maverick/La Villa HFC coalition — 15-25-00111-CV (15th Court of Appeals); Tarrant County ARB petitions filed 5/28/2025: 28 travelling-HFC sites, $974M total 2025 appraised value, seeking up to 5-yr back-assessment under Tax Code §11.43(i) (tarrantcountytx.gov news release 2025; Fort Worth Report/KERA 6/23-24/2025); Texas Workforce Housing Coalition HB21 constitutional challenge (Cameron Co., filed ~9/2025); TAD shows NO active section 11.11 exemption for this account as of the TY2026 notice (4/15/2026) -- fully taxable now per TAD's own record, independent of any court order. Deed recorded 2025-04-29.",cross-validated,4,"TAD account page shows NO section 11.11 exemption on file as of the TY2026 notice (sent 4/15/2026) -- property is fully taxable in TAD's system NOW, ahead of the 1/1/2027 HB21 cliff. Deed recorded 2025-04-29. TAD data shows this administrative non-grant pattern applies broadly to deeds recorded on/after ~Feb 2025 across nearly every sponsor in this sweep, not only Haltom City/Arlington-litigated parcels."
TX-38-2135,Monarch Pass Apartment Homes,4500 CAMPUS DR,Fort Worth,Tarrant,4981812,784,1983,Cameron County Housing Finance Corporation,Post Investment Group,HFC,Ch.394,1,yes,True,96000000,,2023,HB21 §13(i)/§13(e),2027-01-01,True,,Williamson County v. Cameron County HFC (TRO); Bexar AD suit (27 complexes/$26M); Tarrant County ARB petitions (28-site/$974M action); TWHC HB21 constitutional challenge; TAD lists 'Waive Interest due to Litigation Settlement' on this account -- indicates a litigation settlement already reached covering this specific parcel.,cross-validated,3,"HB21 §13(i): HFC-owned, out-of-jurisdiction as of 9/1/2025, no host resolutions found -> exemption ineligible after 1/1/2027. TAD currently still shows an active section 11.11 public-property exemption for this account (deed 2022-12-01)."
TX-38-2158,Stella,8222 CALMONT AVE,Fort Worth,Tarrant,1198998,200,1979,Pecos Housing Finance Corporation,StoneSteps Real Estate,HFC,Ch.394,1,yes,True,14500000,,,HB21 §13(i) 1/1/2027 + §13(e) capital-event,already (pre-2027),True,,"Haltom City v. Pecos HFC — temporary injunction granted 6/3/2025 (docs/phase1_verdict.md); City of Arlington v. Pecos/Pleasanton/Maverick/La Villa HFC coalition — 15-25-00111-CV (15th Court of Appeals); Tarrant County ARB petitions filed 5/28/2025: 28 travelling-HFC sites, $974M total 2025 appraised value, seeking up to 5-yr back-assessment under Tax Code §11.43(i) (tarrantcountytx.gov news release 2025; Fort Worth Report/KERA 6/23-24/2025); Texas Workforce Housing Coalition HB21 constitutional challenge (Cameron Co., filed ~9/2025); TAD shows NO active section 11.11 exemption for this account as of the TY2026 notice (4/15/2026) -- fully taxable now per TAD's own record, independent of any court order. Deed recorded 2025-05-09.",cross-validated,4,"TAD account page shows NO section 11.11 exemption on file as of the TY2026 notice (sent 4/15/2026) -- property is fully taxable in TAD's system NOW, ahead of the 1/1/2027 HB21 cliff. Deed recorded 2025-05-09. TAD data shows this administrative non-grant pattern applies broadly to deeds recorded on/after ~Feb 2025 across nearly every sponsor in this sweep, not only Haltom City/Arlington-litigated parcels."
TX-38-2188,Stillwater Crystal Springs Apts,113 WESTERN SWING WAY,Fort Worth,Tarrant,42699604,387,2021,Pecos Housing Finance Corporation,Stillwater Capital Investments,HFC,Ch.394,1,yes,True,67300000,,,HB21 §13(i) 1/1/2027 + §13(e) capital-event,already (pre-2027),True,,"Haltom City v. Pecos HFC — temporary injunction granted 6/3/2025 (docs/phase1_verdict.md); City of Arlington v. Pecos/Pleasanton/Maverick/La Villa HFC coalition — 15-25-00111-CV (15th Court of Appeals); Tarrant County ARB petitions filed 5/28/2025: 28 travelling-HFC sites, $974M total 2025 appraised value, seeking up to 5-yr back-assessment under Tax Code §11.43(i) (tarrantcountytx.gov news release 2025; Fort Worth Report/KERA 6/23-24/2025); Texas Workforce Housing Coalition HB21 constitutional challenge (Cameron Co., filed ~9/2025); TAD shows NO active section 11.11 exemption for this account as of the TY2026 notice (4/15/2026) -- fully taxable now per TAD's own record, independent of any court order. Deed recorded 2025-03-28.",cross-validated,4,"TAD account page shows NO section 11.11 exemption on file as of the TY2026 notice (sent 4/15/2026) -- property is fully taxable in TAD's system NOW, ahead of the 1/1/2027 HB21 cliff. Deed recorded 2025-03-28. TAD data shows this administrative non-grant pattern applies broadly to deeds recorded on/after ~Feb 2025 across nearly every sponsor in this sweep, not only Haltom City/Arlington-litigated parcels."
TX-38-2280,Taylor Commons Apts.,5600 COTSWOLD HILLS DR,Fort Worth,Tarrant,538744,224,1979,Pecos Housing Finance Corporation,Cottonwood Group,HFC,Ch.394,1,yes,True,20800000,,,HB21 §13(i) 1/1/2027 + §13(e) capital-event,already (pre-2027),True,,"Haltom City v. Pecos HFC — temporary injunction granted 6/3/2025 (docs/phase1_verdict.md); City of Arlington v. Pecos/Pleasanton/Maverick/La Villa HFC coalition — 15-25-00111-CV (15th Court of Appeals); Tarrant County ARB petitions filed 5/28/2025: 28 travelling-HFC sites, $974M total 2025 appraised value, seeking up to 5-yr back-assessment under Tax Code §11.43(i) (tarrantcountytx.gov news release 2025; Fort Worth Report/KERA 6/23-24/2025); Texas Workforce Housing Coalition HB21 constitutional challenge (Cameron Co., filed ~9/2025); TAD shows NO active section 11.11 exemption for this account as of the TY2026 notice (4/15/2026) -- fully taxable now per TAD's own record, independent of any court order. Deed recorded 2025-03-24.",cross-validated,4,"TAD account page shows NO section 11.11 exemption on file as of the TY2026 notice (sent 4/15/2026) -- property is fully taxable in TAD's system NOW, ahead of the 1/1/2027 HB21 cliff. Deed recorded 2025-03-24. TAD data shows this administrative non-grant pattern applies broadly to deeds recorded on/after ~Feb 2025 across nearly every sponsor in this sweep, not only Haltom City/Arlington-litigated parcels."
TX-38-2281,The Falls The Oaks,8901 S NORMANDALE ST; 9051 S NORMANDALE ST,Fort Worth,Tarrant,3435024; 3435075,408,1974,Pecos Housing Finance Corporation,,HFC,Ch.394,1,yes,True,40700000,,2026,HB21 §13(i) 1/1/2027 + §13(e) capital-event,2027-01-01,True,,"Haltom City v. Pecos HFC — temporary injunction granted 6/3/2025 (docs/phase1_verdict.md); City of Arlington v. Pecos/Pleasanton/Maverick/La Villa HFC coalition — 15-25-00111-CV (15th Court of Appeals); Tarrant County ARB petitions filed 5/28/2025: 28 travelling-HFC sites, $974M total 2025 appraised value, seeking up to 5-yr back-assessment under Tax Code §11.43(i) (tarrantcountytx.gov news release 2025; Fort Worth Report/KERA 6/23-24/2025); Texas Workforce Housing Coalition HB21 constitutional challenge (Cameron Co., filed ~9/2025)",cross-validated,4,"HB21 §13(i): HFC-owned, out-of-jurisdiction as of 9/1/2025, no host resolutions found -> exemption ineligible after 1/1/2027. TAD currently still shows an active section 11.11 public-property exemption for this account (deed 2025-02-15)."
TX-38-2289,Lost Spurs Ranch Apts,13450 ALTA VISTA RD,Fort Worth,Tarrant,7830262,240,2001,Maverick County Housing Finance Corporation,Magma Equities,HFC,Ch.394,1,yes,True,37300000,,,HB21 §13(i)/§13(e); chartered 6/24/2024 — acquisitions on/after 5/28/2025 barred outright by §394.031(c)-(d) rather than merely cliffed,already (pre-2027),True,,"Missouri City v. Maverick County HFC (Fort Bend 268th, TRO); Fort Worth-area effort; Bexar AD suit; Tarrant County ARB petitions (28-site/$974M action); TWHC coalition; TAD shows NO active section 11.11 exemption for this account as of the TY2026 notice (4/15/2026) -- fully taxable now per TAD's own record, independent of any court order. Deed recorded 2025-04-30.",cross-validated,4,"TAD account page shows NO section 11.11 exemption on file as of the TY2026 notice (sent 4/15/2026) -- property is fully taxable in TAD's system NOW, ahead of the 1/1/2027 HB21 cliff. Deed recorded 2025-04-30. TAD data shows this administrative non-grant pattern applies broadly to deeds recorded on/after ~Feb 2025 across nearly every sponsor in this sweep, not only Haltom City/Arlington-litigated parcels."
TX-38-2293,The Ryan Apts,6051 BRIDGE ST,Fort Worth,Tarrant,4972848,200,1984,Pecos Housing Finance Corporation,Cottonwood Group,HFC,Ch.394,1,yes,True,16200000,,2026,HB21 §13(i) 1/1/2027 + §13(e) capital-event,2027-01-01,True,,"Haltom City v. Pecos HFC — temporary injunction granted 6/3/2025 (docs/phase1_verdict.md); City of Arlington v. Pecos/Pleasanton/Maverick/La Villa HFC coalition — 15-25-00111-CV (15th Court of Appeals); Tarrant County ARB petitions filed 5/28/2025: 28 travelling-HFC sites, $974M total 2025 appraised value, seeking up to 5-yr back-assessment under Tax Code §11.43(i) (tarrantcountytx.gov news release 2025; Fort Worth Report/KERA 6/23-24/2025); Texas Workforce Housing Coalition HB21 constitutional challenge (Cameron Co., filed ~9/2025)",cross-validated,4,"HB21 §13(i): HFC-owned, out-of-jurisdiction as of 9/1/2025, no host resolutions found -> exemption ineligible after 1/1/2027. TAD currently still shows an active section 11.11 public-property exemption for this account (deed 2025-01-15)."
TX-38-2295,Vine on North Park,601 PARK BLVD,Grapevine,Tarrant,5647622; 5647630,216,1985,Pecos Housing Finance Corporation,Frontline Holdings,HFC,Ch.394,1,yes,True,40900000,,,HB21 §13(i) 1/1/2027 + §13(e) capital-event,already (pre-2027),True,,"Haltom City v. Pecos HFC — temporary injunction granted 6/3/2025 (docs/phase1_verdict.md); City of Arlington v. Pecos/Pleasanton/Maverick/La Villa HFC coalition — 15-25-00111-CV (15th Court of Appeals); Tarrant County ARB petitions filed 5/28/2025: 28 travelling-HFC sites, $974M total 2025 appraised value, seeking up to 5-yr back-assessment under Tax Code §11.43(i) (tarrantcountytx.gov news release 2025; Fort Worth Report/KERA 6/23-24/2025); Texas Workforce Housing Coalition HB21 constitutional challenge (Cameron Co., filed ~9/2025); TAD shows NO active section 11.11 exemption for this account as of the TY2026 notice (4/15/2026) -- fully taxable now per TAD's own record, independent of any court order. Deed recorded 2025-04-29.",cross-validated,4,"TAD account page shows NO section 11.11 exemption on file as of the TY2026 notice (sent 4/15/2026) -- property is fully taxable in TAD's system NOW, ahead of the 1/1/2027 HB21 cliff. Deed recorded 2025-04-29. TAD data shows this administrative non-grant pattern applies broadly to deeds recorded on/after ~Feb 2025 across nearly every sponsor in this sweep, not only Haltom City/Arlington-litigated parcels."
TX-38-2304,Flats On Mill,8925 RANDOL MILL RD,Fort Worth,Tarrant,5550939,192,1984,La Villa Housing Finance Corporation,Tides Equities,HFC,Ch.394,1,yes,True,21300000,,,HB21 §13(i)/§13(e),already (pre-2027),True,,"Fort Worth-area temporary-order effort (13 props/$3.2M per phase1 profile); Bexar AD suit; Tarrant County ARB petitions (28-site/$974M action); TWHC coalition; TAD shows NO active section 11.11 exemption for this account as of the TY2026 notice (4/15/2026) -- fully taxable now per TAD's own record, independent of any court order. Deed recorded 2025-04-30.",cross-validated,3,"TAD account page shows NO section 11.11 exemption on file as of the TY2026 notice (sent 4/15/2026) -- property is fully taxable in TAD's system NOW, ahead of the 1/1/2027 HB21 cliff. Deed recorded 2025-04-30. TAD data shows this administrative non-grant pattern applies broadly to deeds recorded on/after ~Feb 2025 across nearly every sponsor in this sweep, not only Haltom City/Arlington-litigated parcels."
TX-38-2407,The Hudson,6715 BUENOS AIRES DR,North Richland Hills,Tarrant,4987144,240,1985,Pecos Housing Finance Corporation,,HFC,Ch.394,1,yes,True,32500000,,,HB21 §13(i) 1/1/2027 + §13(e) capital-event,already (pre-2027),True,,"Haltom City v. Pecos HFC — temporary injunction granted 6/3/2025 (docs/phase1_verdict.md); City of Arlington v. Pecos/Pleasanton/Maverick/La Villa HFC coalition — 15-25-00111-CV (15th Court of Appeals); Tarrant County ARB petitions filed 5/28/2025: 28 travelling-HFC sites, $974M total 2025 appraised value, seeking up to 5-yr back-assessment under Tax Code §11.43(i) (tarrantcountytx.gov news release 2025; Fort Worth Report/KERA 6/23-24/2025); Texas Workforce Housing Coalition HB21 constitutional challenge (Cameron Co., filed ~9/2025); TAD shows NO active section 11.11 exemption for this account as of the TY2026 notice (4/15/2026) -- fully taxable now per TAD's own record, independent of any court order. Deed recorded 2025-04-29.",cross-validated,3,"TAD account page shows NO section 11.11 exemption on file as of the TY2026 notice (sent 4/15/2026) -- property is fully taxable in TAD's system NOW, ahead of the 1/1/2027 HB21 cliff. Deed recorded 2025-04-29. TAD data shows this administrative non-grant pattern applies broadly to deeds recorded on/after ~Feb 2025 across nearly every sponsor in this sweep, not only Haltom City/Arlington-litigated parcels."
TX-38-2481,Jefferson North Collins,735 WASHINGTON DR,Arlington,Tarrant,42642581,346,2020,Pecos Housing Finance Corporation,JPI,HFC,Ch.394,1,yes,True,68000000,,2025,HB21 §13(i) 1/1/2027 + §13(e) capital-event,2027-01-01,True,,"Haltom City v. Pecos HFC — temporary injunction granted 6/3/2025 (docs/phase1_verdict.md); City of Arlington v. Pecos/Pleasanton/Maverick/La Villa HFC coalition — 15-25-00111-CV (15th Court of Appeals); Tarrant County ARB petitions filed 5/28/2025: 28 travelling-HFC sites, $974M total 2025 appraised value, seeking up to 5-yr back-assessment under Tax Code §11.43(i) (tarrantcountytx.gov news release 2025; Fort Worth Report/KERA 6/23-24/2025); Texas Workforce Housing Coalition HB21 constitutional challenge (Cameron Co., filed ~9/2025); Property sits in Arlington, plaintiff in the 15-25-00111-CV coalition suit/TRO against traveling HFCs (docs/phase1_verdict.md). TAD exemption status for this account: ACTIVE (section 11.11 still on file)",cross-validated,4,"HB21 §13(i): HFC-owned, out-of-jurisdiction as of 9/1/2025, no host resolutions found -> exemption ineligible after 1/1/2027. TAD currently still shows an active section 11.11 public-property exemption for this account (deed 2024-12-13)."
TX-38-2533,,,Roanoke,Tarrant,,,,Maverick County Housing Finance Corporation,,HFC,Ch.394,1,yes,True,,,,HB21 §13(i)/§13(e); chartered 6/24/2024 — acquisitions on/after 5/28/2025 barred outright by §394.031(c)-(d) rather than merely cliffed,2027-01-01 (sponsor-level default; NOT property-confirmed),,,"Missouri City v. Maverick County HFC (Fort Bend 268th, TRO); Fort Worth-area effort; Bexar AD suit; Tarrant County ARB petitions (28-site/$974M action); TWHC coalition",seed,2,"Sponsor is a verified Tier-1 HFC facing the HB21 section 13(i) cliff, but this specific property could not be located in Tarrant CAD -- see gaps."
TX-38-2606,Mag and May Apts,300 W MORPHY ST,Fort Worth,Tarrant,42332301,240,2017,Maverick County Housing Finance Corporation,,HFC,Ch.394,1,yes,True,38700000,,2025,HB21 §13(i)/§13(e); chartered 6/24/2024 — acquisitions on/after 5/28/2025 barred outright by §394.031(c)-(d) rather than merely cliffed,2027-01-01,True,,"Missouri City v. Maverick County HFC (Fort Bend 268th, TRO); Fort Worth-area effort; Bexar AD suit; Tarrant County ARB petitions (28-site/$974M action); TWHC coalition",cross-validated,3,"HB21 §13(i): HFC-owned, out-of-jurisdiction as of 9/1/2025, no host resolutions found -> exemption ineligible after 1/1/2027. TAD currently still shows an active section 11.11 public-property exemption for this account (deed 2024-12-20)."
TX-38-2699,Flats At Brentwood,2188 E LOOP 820,Fort Worth,Tarrant,1184954,180,1970,Pleasanton Housing Finance Corporation,,HFC,Ch.394,1,yes,True,15100000,,2025,HB21 §13(i) 1/1/2027 + §13(e); Lake Worth/Arlington/Fort Worth/Missouri City temporary injunctions now STAND — PHFC abandoned its appeals (15-25-00110-CV/-00111-CV),2027-01-01,True,,15-25-00110-CV / 15-25-00111-CV (appeals abandoned; injunctions stand); Hays Co. 25-1185-DCB TRO; Tarrant County ARB petitions (same 28-site/$974M action covers multiple Tarrant HFC sponsors incl. Pleasanton); AG RQ-0566-KP pending; TAD lists 'Waive Interest due to Litigation Settlement' on this account -- indicates a litigation settlement already reached covering this specific parcel.,cross-validated,3,"HB21 §13(i): HFC-owned, out-of-jurisdiction as of 9/1/2025, no host resolutions found -> exemption ineligible after 1/1/2027. TAD currently still shows an active section 11.11 public-property exemption for this account (deed 2024-11-15)."
TX-38-2732,Meadow Ridge,3001 W NORMANDALE ST,Fort Worth,Tarrant,41525787; 41564685,484,1980,Edcouch Community Housing Finance Corporation,Sahara Equity,HFC,Ch.394,1,yes,True,38600000,,2026,HB21 §13(i)/§13(e),2027-01-01,True,,Bexar AD suit; Tarrant County ARB petitions (28-site/$974M action); TWHC coalition,cross-validated,3,"HB21 §13(i): HFC-owned, out-of-jurisdiction as of 9/1/2025, no host resolutions found -> exemption ineligible after 1/1/2027. TAD currently still shows an active section 11.11 public-property exemption for this account (deed 2025-02-07)."
TX-38-2748,The Sovereign,5301 NORTH TARRANT PKWY,Fort Worth,Tarrant,41652207,322,2014,Maverick County Housing Finance Corporation,West Shore,HFC,Ch.394,1,yes,True,60500000,,2025,HB21 §13(i)/§13(e); chartered 6/24/2024 — acquisitions on/after 5/28/2025 barred outright by §394.031(c)-(d) rather than merely cliffed,2027-01-01,True,,"Missouri City v. Maverick County HFC (Fort Bend 268th, TRO); Fort Worth-area effort; Bexar AD suit; Tarrant County ARB petitions (28-site/$974M action); TWHC coalition",cross-validated,3,"HB21 §13(i): HFC-owned, out-of-jurisdiction as of 9/1/2025, no host resolutions found -> exemption ineligible after 1/1/2027. TAD currently still shows an active section 11.11 public-property exemption for this account (deed 2024-10-09)."
TX-38-2811,Sierra Gardens,2006 TAXCO RD; 2200 RIDGMAR PLZ; 2200 TAXCO RD,Fort Worth,Tarrant,2445921; 5968631; 4691865,235,1968,Cameron County Housing Finance Corporation,,HFC,Ch.394,1,yes,True,18100000,,,HB21 §13(i)/§13(e),already (pre-2027),True,,"Williamson County v. Cameron County HFC (TRO); Bexar AD suit (27 complexes/$26M); Tarrant County ARB petitions (28-site/$974M action); TWHC HB21 constitutional challenge; TAD shows NO active section 11.11 exemption for this account as of the TY2026 notice (4/15/2026) -- fully taxable now per TAD's own record, independent of any court order. Deed recorded 2025-05-22.",cross-validated,3,"TAD account page shows NO section 11.11 exemption on file as of the TY2026 notice (sent 4/15/2026) -- property is fully taxable in TAD's system NOW, ahead of the 1/1/2027 HB21 cliff. Deed recorded 2025-05-22. TAD data shows this administrative non-grant pattern applies broadly to deeds recorded on/after ~Feb 2025 across nearly every sponsor in this sweep, not only Haltom City/Arlington-litigated parcels."
TX-38-2869,Tides At North Arlington,2201 PRESIDENTS CORNER DR; 707 WASHINGTON DR,Arlington,Tarrant,2146436; 2146290,436,1978,Pleasanton Housing Finance Corporation,Tides Equities,HFC,Ch.394,1,yes,True,37100000,,,HB21 §13(i) 1/1/2027 + §13(e); Lake Worth/Arlington/Fort Worth/Missouri City temporary injunctions now STAND — PHFC abandoned its appeals (15-25-00110-CV/-00111-CV),already (pre-2027),True,,"15-25-00110-CV / 15-25-00111-CV (appeals abandoned; injunctions stand); Hays Co. 25-1185-DCB TRO; Tarrant County ARB petitions (same 28-site/$974M action covers multiple Tarrant HFC sponsors incl. Pleasanton); AG RQ-0566-KP pending; Property sits in Arlington, plaintiff in the 15-25-00111-CV coalition suit/TRO against traveling HFCs (docs/phase1_verdict.md). TAD exemption status for this account: DENIED/absent (no exemption on TAD record)",cross-validated,3,"TAD account page shows NO section 11.11 exemption on file as of the TY2026 notice (sent 4/15/2026) -- property is fully taxable in TAD's system NOW, ahead of the 1/1/2027 HB21 cliff. Deed recorded 2025-02-07. TAD data shows this administrative non-grant pattern applies broadly to deeds recorded on/after ~Feb 2025 across nearly every sponsor in this sweep, not only Haltom City/Arlington-litigated parcels."
TX-38-2879,The Woodlands,6991 ANDERSON BLVD; 7030 JOHN T WHITE RD; 7040 JOHN T WHITE RD,Fort Worth,Tarrant,4447727; 6468071; 5654394,386,1979,Pecos Housing Finance Corporation,,HFC,Ch.394,1,yes,True,25500000,,,HB21 §13(i) 1/1/2027 + §13(e) capital-event,already (pre-2027),True,,"Haltom City v. Pecos HFC — temporary injunction granted 6/3/2025 (docs/phase1_verdict.md); City of Arlington v. Pecos/Pleasanton/Maverick/La Villa HFC coalition — 15-25-00111-CV (15th Court of Appeals); Tarrant County ARB petitions filed 5/28/2025: 28 travelling-HFC sites, $974M total 2025 appraised value, seeking up to 5-yr back-assessment under Tax Code §11.43(i) (tarrantcountytx.gov news release 2025; Fort Worth Report/KERA 6/23-24/2025); Texas Workforce Housing Coalition HB21 constitutional challenge (Cameron Co., filed ~9/2025); TAD shows NO active section 11.11 exemption for this account as of the TY2026 notice (4/15/2026) -- fully taxable now per TAD's own record, independent of any court order. Deed recorded 2025-03-19.",cross-validated,4,"TAD account page shows NO section 11.11 exemption on file as of the TY2026 notice (sent 4/15/2026) -- property is fully taxable in TAD's system NOW, ahead of the 1/1/2027 HB21 cliff. Deed recorded 2025-03-19. TAD data shows this administrative non-grant pattern applies broadly to deeds recorded on/after ~Feb 2025 across nearly every sponsor in this sweep, not only Haltom City/Arlington-litigated parcels."
TX-38-383621,Tides at Eastchase,8900 RANDOL MILL RD,Fort Worth,Tarrant,5682045,340,1984,Pecos Housing Finance Corporation,Trez Capital,HFC,Ch.394,1,yes,True,25500000,,,HB21 §13(i) 1/1/2027 + §13(e) capital-event,already (pre-2027),True,,"Haltom City v. Pecos HFC — temporary injunction granted 6/3/2025 (docs/phase1_verdict.md); City of Arlington v. Pecos/Pleasanton/Maverick/La Villa HFC coalition — 15-25-00111-CV (15th Court of Appeals); Tarrant County ARB petitions filed 5/28/2025: 28 travelling-HFC sites, $974M total 2025 appraised value, seeking up to 5-yr back-assessment under Tax Code §11.43(i) (tarrantcountytx.gov news release 2025; Fort Worth Report/KERA 6/23-24/2025); Texas Workforce Housing Coalition HB21 constitutional challenge (Cameron Co., filed ~9/2025); TAD shows NO active section 11.11 exemption for this account as of the TY2026 notice (4/15/2026) -- fully taxable now per TAD's own record, independent of any court order. Deed recorded 2025-03-24.",cross-validated,5,"TAD account page shows NO section 11.11 exemption on file as of the TY2026 notice (sent 4/15/2026) -- property is fully taxable in TAD's system NOW, ahead of the 1/1/2027 HB21 cliff. Deed recorded 2025-03-24. TAD data shows this administrative non-grant pattern applies broadly to deeds recorded on/after ~Feb 2025 across nearly every sponsor in this sweep, not only Haltom City/Arlington-litigated parcels."
TX-38-939526,Westley Apts,2419 SPANISH TR; 2612 SPANISH TR,Arlington,Tarrant,2930528; 2930536,272,1984,Pecos Housing Finance Corporation,S2 Capital,HFC,Ch.394,1,yes,True,37800000,,,HB21 §13(i) 1/1/2027 + §13(e) capital-event,already (pre-2027),True,,"Haltom City v. Pecos HFC — temporary injunction granted 6/3/2025 (docs/phase1_verdict.md); City of Arlington v. Pecos/Pleasanton/Maverick/La Villa HFC coalition — 15-25-00111-CV (15th Court of Appeals); Tarrant County ARB petitions filed 5/28/2025: 28 travelling-HFC sites, $974M total 2025 appraised value, seeking up to 5-yr back-assessment under Tax Code §11.43(i) (tarrantcountytx.gov news release 2025; Fort Worth Report/KERA 6/23-24/2025); Texas Workforce Housing Coalition HB21 constitutional challenge (Cameron Co., filed ~9/2025); Property sits in Arlington, plaintiff in the 15-25-00111-CV coalition suit/TRO against traveling HFCs (docs/phase1_verdict.md). TAD exemption status for this account: DENIED/absent (no exemption on TAD record)",cross-validated,4,"TAD account page shows NO section 11.11 exemption on file as of the TY2026 notice (sent 4/15/2026) -- property is fully taxable in TAD's system NOW, ahead of the 1/1/2027 HB21 cliff. Deed recorded 2025-04-01. TAD data shows this administrative non-grant pattern applies broadly to deeds recorded on/after ~Feb 2025 across nearly every sponsor in this sweep, not only Haltom City/Arlington-litigated parcels."
TX-38-1154678,Legacy Riverside Senior Living,8050 N RIVERSIDE DR,Fort Worth,Tarrant,42717874,264,2022,Garland Housing Finance Corporation,Legacy Multifamily Development,HFC,Ch.394,1,yes,True,19038359,,2021,HB21 §13(i)/§13(e),2027-01-01,True,,Collin CAD v. GHFC 05-19-01417-CV (GHFC won pre-HB21; HB21 now overrides),cross-validated,3,"HB21 §13(i): HFC-owned, out-of-jurisdiction as of 9/1/2025, no host resolutions found -> exemption ineligible after 1/1/2027. TAD currently still shows an active section 11.11 public-property exemption for this account (deed 2020-12-21)."
TX-38-1154934,Remi Apartments,704 DALE LN,White Settlement,Tarrant,5677483; 5676002,255,2016,Pecos Housing Finance Corporation,,HFC,Ch.394,1,yes,True,32000000,,,HB21 §13(i) 1/1/2027 + §13(e) capital-event,already (pre-2027),True,,"Haltom City v. Pecos HFC — temporary injunction granted 6/3/2025 (docs/phase1_verdict.md); City of Arlington v. Pecos/Pleasanton/Maverick/La Villa HFC coalition — 15-25-00111-CV (15th Court of Appeals); Tarrant County ARB petitions filed 5/28/2025: 28 travelling-HFC sites, $974M total 2025 appraised value, seeking up to 5-yr back-assessment under Tax Code §11.43(i) (tarrantcountytx.gov news release 2025; Fort Worth Report/KERA 6/23-24/2025); Texas Workforce Housing Coalition HB21 constitutional challenge (Cameron Co., filed ~9/2025); TAD shows NO active section 11.11 exemption for this account as of the TY2026 notice (4/15/2026) -- fully taxable now per TAD's own record, independent of any court order. Deed recorded 2025-05-16.",cross-validated,4,"TAD account page shows NO section 11.11 exemption on file as of the TY2026 notice (sent 4/15/2026) -- property is fully taxable in TAD's system NOW, ahead of the 1/1/2027 HB21 cliff. Deed recorded 2025-05-16. TAD data shows this administrative non-grant pattern applies broadly to deeds recorded on/after ~Feb 2025 across nearly every sponsor in this sweep, not only Haltom City/Arlington-litigated parcels."
TX-38-1184276,Landmark At Crowley,305 W FM 1187,Crowley,Tarrant,42687789,267,2021,Maverick County Housing Finance Corporation,Paceline Equity Partners,HFC,Ch.394,1,yes,True,45000000,,,HB21 §13(i)/§13(e); chartered 6/24/2024 — acquisitions on/after 5/28/2025 barred outright by §394.031(c)-(d) rather than merely cliffed,already (pre-2027),True,,"Missouri City v. Maverick County HFC (Fort Bend 268th, TRO); Fort Worth-area effort; Bexar AD suit; Tarrant County ARB petitions (28-site/$974M action); TWHC coalition; TAD shows NO active section 11.11 exemption for this account as of the TY2026 notice (4/15/2026) -- fully taxable now per TAD's own record, independent of any court order. Deed recorded 2025-04-11.",cross-validated,3,"TAD account page shows NO section 11.11 exemption on file as of the TY2026 notice (sent 4/15/2026) -- property is fully taxable in TAD's system NOW, ahead of the 1/1/2027 HB21 cliff. Deed recorded 2025-04-11. TAD data shows this administrative non-grant pattern applies broadly to deeds recorded on/after ~Feb 2025 across nearly every sponsor in this sweep, not only Haltom City/Arlington-litigated parcels."
TX-38-1215326,Northpoint Villas,8100 N RIVERSIDE DR,Fort Worth,Tarrant,41410475,276,2009,Pleasanton Housing Finance Corporation,Equity Partnership Holdings,HFC,Ch.394,1,yes,True,49600000,,2025,HB21 §13(i) 1/1/2027 + §13(e); Lake Worth/Arlington/Fort Worth/Missouri City temporary injunctions now STAND — PHFC abandoned its appeals (15-25-00110-CV/-00111-CV),2027-01-01,True,,15-25-00110-CV / 15-25-00111-CV (appeals abandoned; injunctions stand); Hays Co. 25-1185-DCB TRO; Tarrant County ARB petitions (same 28-site/$974M action covers multiple Tarrant HFC sponsors incl. Pleasanton); AG RQ-0566-KP pending,cross-validated,3,"HB21 §13(i): HFC-owned, out-of-jurisdiction as of 9/1/2025, no host resolutions found -> exemption ineligible after 1/1/2027. TAD currently still shows an active section 11.11 public-property exemption for this account (deed 2024-10-31)."
TX-38-1225261,Rocklyn Apartments,637 SAMUELS AVE,Fort Worth,Tarrant,42402920; 42402938; 42402946,274,2019,Pleasanton Housing Finance Corporation,Equity Partnership Holdings,HFC,Ch.394,1,yes,True,53400000,,2026,HB21 §13(i) 1/1/2027 + §13(e); Lake Worth/Arlington/Fort Worth/Missouri City temporary injunctions now STAND — PHFC abandoned its appeals (15-25-00110-CV/-00111-CV),2027-01-01,True,,15-25-00110-CV / 15-25-00111-CV (appeals abandoned; injunctions stand); Hays Co. 25-1185-DCB TRO; Tarrant County ARB petitions (same 28-site/$974M action covers multiple Tarrant HFC sponsors incl. Pleasanton); AG RQ-0566-KP pending,cross-validated,4,"HB21 §13(i): HFC-owned, out-of-jurisdiction as of 9/1/2025, no host resolutions found -> exemption ineligible after 1/1/2027. TAD currently still shows an active section 11.11 public-property exemption for this account (deed 2025-01-24)."
TX-38-1307454,Jefferson Fossil Creek,5500 N BEACH ST,Haltom City,Tarrant,43027850,386,2022,Pecos Housing Finance Corporation,JPI,HFC,Ch.394,1,yes,True,73200000,,2025,HB21 §13(i) 1/1/2027 + §13(e) capital-event,2027-01-01,True,,"Haltom City v. Pecos HFC — temporary injunction granted 6/3/2025 (docs/phase1_verdict.md); City of Arlington v. Pecos/Pleasanton/Maverick/La Villa HFC coalition — 15-25-00111-CV (15th Court of Appeals); Tarrant County ARB petitions filed 5/28/2025: 28 travelling-HFC sites, $974M total 2025 appraised value, seeking up to 5-yr back-assessment under Tax Code §11.43(i) (tarrantcountytx.gov news release 2025; Fort Worth Report/KERA 6/23-24/2025); Texas Workforce Housing Coalition HB21 constitutional challenge (Cameron Co., filed ~9/2025); Property sits in Haltom City, which won a temporary injunction against Pecos HFC's traveling exemption (6/3/2025, docs/phase1_verdict.md). TAD exemption status for this account: ACTIVE (section 11.11 still on file)",cross-validated,4,"HB21 §13(i): HFC-owned, out-of-jurisdiction as of 9/1/2025, no host resolutions found -> exemption ineligible after 1/1/2027. TAD currently still shows an active section 11.11 public-property exemption for this account (deed 2024-12-18)."
TX-38-1314388,,,Burleson,Tarrant,,,,Pleasanton Housing Finance Corporation,,HFC,Ch.394,1,yes,True,,,,HB21 §13(i) 1/1/2027 + §13(e); Lake Worth/Arlington/Fort Worth/Missouri City temporary injunctions now STAND — PHFC abandoned its appeals (15-25-00110-CV/-00111-CV),2027-01-01 (sponsor-level default; NOT property-confirmed),,,15-25-00110-CV / 15-25-00111-CV (appeals abandoned; injunctions stand); Hays Co. 25-1185-DCB TRO; Tarrant County ARB petitions (same 28-site/$974M action covers multiple Tarrant HFC sponsors incl. Pleasanton); AG RQ-0566-KP pending,seed,2,"Sponsor is a verified Tier-1 HFC facing the HB21 section 13(i) cliff, but this specific property could not be located in Tarrant CAD -- see gaps."
TX-38-1357393,Tides On Randol Mill Apts,8900 COTTONWOOD VILLAGE DR; 8951 RANDOL MILL RD,Fort Worth,Tarrant,5682460; 6493777,354,1984,Pleasanton Housing Finance Corporation,,HFC,Ch.394,1,yes,True,32000000,,,HB21 §13(i) 1/1/2027 + §13(e); Lake Worth/Arlington/Fort Worth/Missouri City temporary injunctions now STAND — PHFC abandoned its appeals (15-25-00110-CV/-00111-CV),already (pre-2027),True,,"15-25-00110-CV / 15-25-00111-CV (appeals abandoned; injunctions stand); Hays Co. 25-1185-DCB TRO; Tarrant County ARB petitions (same 28-site/$974M action covers multiple Tarrant HFC sponsors incl. Pleasanton); AG RQ-0566-KP pending; TAD shows NO active section 11.11 exemption for this account as of the TY2026 notice (4/15/2026) -- fully taxable now per TAD's own record, independent of any court order. Deed recorded 2025-02-06.",cross-validated,3,"TAD account page shows NO section 11.11 exemption on file as of the TY2026 notice (sent 4/15/2026) -- property is fully taxable in TAD's system NOW, ahead of the 1/1/2027 HB21 cliff. Deed recorded 2025-02-06. TAD data shows this administrative non-grant pattern applies broadly to deeds recorded on/after ~Feb 2025 across nearly every sponsor in this sweep, not only Haltom City/Arlington-litigated parcels."
TX-38-1402209,The Dawnson at Berksire,9632 BERKSHIRE LAKE BLVD,Fort Worth,Tarrant,42729627,340,2021,Pleasanton Housing Finance Corporation,,HFC,Ch.394,1,yes,True,66500000,,2026,HB21 §13(i) 1/1/2027 + §13(e); Lake Worth/Arlington/Fort Worth/Missouri City temporary injunctions now STAND — PHFC abandoned its appeals (15-25-00110-CV/-00111-CV),2027-01-01,True,,15-25-00110-CV / 15-25-00111-CV (appeals abandoned; injunctions stand); Hays Co. 25-1185-DCB TRO; Tarrant County ARB petitions (same 28-site/$974M action covers multiple Tarrant HFC sponsors incl. Pleasanton); AG RQ-0566-KP pending,cross-validated,4,"HB21 §13(i): HFC-owned, out-of-jurisdiction as of 9/1/2025, no host resolutions found -> exemption ineligible after 1/1/2027. TAD currently still shows an active section 11.11 public-property exemption for this account (deed 2025-03-18)."
TX-38-1483823,Western Station At Fossil Creek,3391 WESTERN CENTER BLVD,Fort Worth,Tarrant,7008937,202,1997,Pecos Housing Finance Corporation,Daniel Twito,HFC,Ch.394,1,yes,True,36200000,,2026,HB21 §13(i) 1/1/2027 + §13(e) capital-event,2027-01-01,True,,"Haltom City v. Pecos HFC — temporary injunction granted 6/3/2025 (docs/phase1_verdict.md); City of Arlington v. Pecos/Pleasanton/Maverick/La Villa HFC coalition — 15-25-00111-CV (15th Court of Appeals); Tarrant County ARB petitions filed 5/28/2025: 28 travelling-HFC sites, $974M total 2025 appraised value, seeking up to 5-yr back-assessment under Tax Code §11.43(i) (tarrantcountytx.gov news release 2025; Fort Worth Report/KERA 6/23-24/2025); Texas Workforce Housing Coalition HB21 constitutional challenge (Cameron Co., filed ~9/2025)",cross-validated,4,"HB21 §13(i): HFC-owned, out-of-jurisdiction as of 9/1/2025, no host resolutions found -> exemption ineligible after 1/1/2027. TAD currently still shows an active section 11.11 public-property exemption for this account (deed 2025-02-27)."
TX-38-1495418,Neuhaus Lake Worth Apts,6201 AZLE AVE,Lake Worth,Tarrant,43008758,288,2022,Pleasanton Housing Finance Corporation,Flournoy Development Group,HFC,Ch.394,1,yes,True,54700000,,,HB21 §13(i) 1/1/2027 + §13(e); Lake Worth/Arlington/Fort Worth/Missouri City temporary injunctions now STAND — PHFC abandoned its appeals (15-25-00110-CV/-00111-CV),already (pre-2027),True,,"15-25-00110-CV / 15-25-00111-CV (appeals abandoned; injunctions stand); Hays Co. 25-1185-DCB TRO; Tarrant County ARB petitions (same 28-site/$974M action covers multiple Tarrant HFC sponsors incl. Pleasanton); AG RQ-0566-KP pending; TAD shows NO active section 11.11 exemption for this account as of the TY2026 notice (4/15/2026) -- fully taxable now per TAD's own record, independent of any court order. Deed recorded 2025-04-09.",cross-validated,3,"TAD account page shows NO section 11.11 exemption on file as of the TY2026 notice (sent 4/15/2026) -- property is fully taxable in TAD's system NOW, ahead of the 1/1/2027 HB21 cliff. Deed recorded 2025-04-09. TAD data shows this administrative non-grant pattern applies broadly to deeds recorded on/after ~Feb 2025 across nearly every sponsor in this sweep, not only Haltom City/Arlington-litigated parcels."
TX-38-1506024,Range West,0 SAGINAW SQUARE BLVD; 701 SAGINAW SQUARE BLVD,Saginaw,Tarrant,42987235; 42987243,261,2024,Texas Essential Housing Public Facility Corporation,Alpine Start Development,PFC,Ch.303,2,yes,True,44631500,,2024,"NO 2027 cliff (HB21 is HFC-only). Event-driven: 99-yr ground-lease term, capital event, §303.0426 audit failure, CAD/AG challenge (KP-0437)",,,,TEHPFC v. Williamson CAD 24-0022-C395 & 24-1698-C395; AG KP-0437,cross-validated,3,"Ch.303 PFC -- HB21 does not reach it; unwinds on 99-yr ground-lease term, capital event, section 303.0426 audit failure, or CAD/AG challenge. No fixed statutory date."
TX-NEW-TARRANT-1,Oak Park,106 E ASH LN; 1350 N MAIN ST; 1390 N MAIN ST,Euless,Tarrant,2054183; 2054191; 7049498,608,1978,Cameron County Housing Finance Corporation,Bedrock Holdings II,HFC,Ch.394,1,yes,True,81900000,,2024,HB21 §13(i)/§13(e),2027-01-01,True,,Williamson County v. Cameron County HFC (TRO); Bexar AD suit (27 complexes/$26M); Tarrant County ARB petitions (28-site/$974M action); TWHC HB21 constitutional challenge; TAD lists 'Waive Interest due to Litigation Settlement' on this account -- indicates a litigation settlement already reached covering this specific parcel.,single-source,6,"HB21 §13(i): HFC-owned, out-of-jurisdiction as of 9/1/2025, no host resolutions found -> exemption ineligible after 1/1/2027. TAD currently still shows an active section 11.11 public-property exemption for this account (deed 2023-03-15)."
TX-NEW-TARRANT-2,Lofts At Grand Prairie (vacant land),1101 N DAY MIAR RD; 1105 N DAY MIRAR RD,Grand Prairie,Tarrant,43255054; 43255062,676,,Cameron County Housing Finance Corporation,WB Property Group,HFC,Ch.394,1,yes,True,288117,,,HB21 §13(i)/§13(e),already (pre-2027),True,,"Williamson County v. Cameron County HFC (TRO); Bexar AD suit (27 complexes/$26M); Tarrant County ARB petitions (28-site/$974M action); TWHC HB21 constitutional challenge; TAD shows NO active section 11.11 exemption for this account as of the TY2026 notice (4/15/2026) -- fully taxable now per TAD's own record, independent of any court order. Deed recorded unknown.",single-source,6,"TAD account page shows NO section 11.11 exemption on file as of the TY2026 notice (sent 4/15/2026) -- property is fully taxable in TAD's system NOW, ahead of the 1/1/2027 HB21 cliff. Deed recorded unknown. TAD data shows this administrative non-grant pattern applies broadly to deeds recorded on/after ~Feb 2025 across nearly every sponsor in this sweep, not only Haltom City/Arlington-litigated parcels."
TX-NEW-TARRANT-3,infinity on the landing,3720 POST OAK BLVD,Fort Worth,Tarrant,4971493,267,1983,Edcouch Community Housing Finance Corporation,ShainRealty Capital,HFC,Ch.394,1,yes,True,33500000,,2026,HB21 §13(i)/§13(e),2027-01-01,True,,Bexar AD suit; Tarrant County ARB petitions (28-site/$974M action); TWHC coalition; TAD lists 'Waive Interest due to Litigation Settlement' on this account -- indicates a litigation settlement already reached covering this specific parcel.,single-source,6,"HB21 §13(i): HFC-owned, out-of-jurisdiction as of 9/1/2025, no host resolutions found -> exemption ineligible after 1/1/2027. TAD currently still shows an active section 11.11 public-property exemption for this account (deed 2025-02-07)."
TX-NEW-TARRANT-4,The Sydney,401 N STATE HWY 360,Mansfield,Tarrant,42662484,354,2021,Pleasanton Housing Finance Corporation,,HFC,Ch.394,1,yes,True,70900000,,2025,HB21 §13(i) 1/1/2027 + §13(e); Lake Worth/Arlington/Fort Worth/Missouri City temporary injunctions now STAND — PHFC abandoned its appeals (15-25-00110-CV/-00111-CV),2027-01-01,True,,15-25-00110-CV / 15-25-00111-CV (appeals abandoned; injunctions stand); Hays Co. 25-1185-DCB TRO; Tarrant County ARB petitions (same 28-site/$974M action covers multiple Tarrant HFC sponsors incl. Pleasanton); AG RQ-0566-KP pending,single-source,6,"HB21 §13(i): HFC-owned, out-of-jurisdiction as of 9/1/2025, no host resolutions found -> exemption ineligible after 1/1/2027. TAD currently still shows an active section 11.11 public-property exemption for this account (deed 2024-09-07)."
TX-NEW-TARRANT-5,Chapparal Apts,1817 E LOOP 820,Fort Worth,Tarrant,7245637,135,1969,Texas Essential Housing Public Facility Corporation,Nitya Capital,PFC,Ch.303,2,yes,True,12400000,,2024,"NO 2027 cliff (HB21 is HFC-only). Event-driven: 99-yr ground-lease term, capital event, §303.0426 audit failure, CAD/AG challenge (KP-0437)",,,,TEHPFC v. Williamson CAD 24-0022-C395 & 24-1698-C395; AG KP-0437,single-source,6,"Ch.303 PFC -- HB21 does not reach it; unwinds on 99-yr ground-lease term, capital event, section 303.0426 audit failure, or CAD/AG challenge. No fixed statutory date."
TX-36-535,Arboretum Oaks,9617 GREAT HILLS TRL,Austin,Travis,154607,252,1983,Texas Essential Housing Public Facility Corporation,Embrey,PFC,Ch.303,2,no,False,61054267,,2023,HB2071 grandfathered — NO 2027 cliff (HB21 is HFC-only),,,,,cross-validated,3,"No statutory cliff. Event-driven: 99-yr ground-lease/contract term, capital event (sale/refi), §303.0426 audit failure, or CAD/AG challenge (KP-0437; Williamson CAD suits 24-0022/24-1698-C395). Per-deal vintage risk: any TEH deal approved after 6/18/2023 (§303.021(d) in-boundary rule) is boundary-attackable. TEH deeds here are 2023 (grandfather-era) but board-approval date per deal is the controlling test — GAP."
TX-36-1395069,Timbercreek Apartments,614 S 1ST ST,Austin,Travis,101697,198,1972,Texas Essential Housing Public Facility Corporation,,PFC,Ch.303,2,no,False,38250000,,2023,HB2071 grandfathered — NO 2027 cliff (HB21 is HFC-only),,,,,cross-validated,3,"No statutory cliff. Event-driven: 99-yr ground-lease/contract term, capital event (sale/refi), §303.0426 audit failure, or CAD/AG challenge (KP-0437; Williamson CAD suits 24-0022/24-1698-C395). Per-deal vintage risk: any TEH deal approved after 6/18/2023 (§303.021(d) in-boundary rule) is boundary-attackable. TEH deeds here are 2023 (grandfather-era) but board-approval date per deal is the controlling test — GAP."
TX-36-1314832,The Hedge Apartments,8300 & 8216 N INTERSTATE HWY 35,Austin,Travis,238208+238211,227,1980,Texas Essential Housing Public Facility Corporation,SHIR Capital,PFC,Ch.303,2,no,False,40110000,,2023,HB2071 grandfathered — NO 2027 cliff (HB21 is HFC-only),,,,,cross-validated,3,"No statutory cliff. Event-driven: 99-yr ground-lease/contract term, capital event (sale/refi), §303.0426 audit failure, or CAD/AG challenge (KP-0437; Williamson CAD suits 24-0022/24-1698-C395). Per-deal vintage risk: any TEH deal approved after 6/18/2023 (§303.021(d) in-boundary rule) is boundary-attackable. TEH deeds here are 2023 (grandfather-era) but board-approval date per deal is the controlling test — GAP."
TX-36-1510489,Flats on Shady Lane,1125 SHADY LN,Austin,Travis,192591,290,2026,Texas Essential Housing Public Facility Corporation,Barton Creek Capital,PFC,Ch.303,2,no,False,35795394,,2023,HB2071 grandfathered — NO 2027 cliff (HB21 is HFC-only),,,,,cross-validated,3,"No statutory cliff. Event-driven: 99-yr ground-lease/contract term, capital event (sale/refi), §303.0426 audit failure, or CAD/AG challenge (KP-0437; Williamson CAD suits 24-0022/24-1698-C395). Per-deal vintage risk: any TEH deal approved after 6/18/2023 (§303.021(d) in-boundary rule) is boundary-attackable. TEH deeds here are 2023 (grandfather-era) but board-approval date per deal is the controlling test — GAP."
TX-36-1527161,The Lively at Gilbert,7100 & 7200 GILBERT RD,Manor,Travis,994526+994523,372,2025,Texas Essential Housing Public Facility Corporation,Civicap Partners,PFC,Ch.303,2,no,False,34165058,,,HB2071 grandfathered — NO 2027 cliff (HB21 is HFC-only),,,,,cross-validated,3,"No statutory cliff. Event-driven: 99-yr ground-lease/contract term, capital event (sale/refi), §303.0426 audit failure, or CAD/AG challenge (KP-0437; Williamson CAD suits 24-0022/24-1698-C395). Per-deal vintage risk: any TEH deal approved after 6/18/2023 (§303.021(d) in-boundary rule) is boundary-attackable. TEH deeds here are 2023 (grandfather-era) but board-approval date per deal is the controlling test — GAP."
TX-36-1527165,Centro Studio Homes,824 CAMINO LA COSTA,Austin,Travis,845440,306,2011,Texas Essential Housing Public Facility Corporation,Firmus Equity Partners,PFC,Ch.303,2,no,False,25660000,,2023,HB2071 grandfathered — NO 2027 cliff (HB21 is HFC-only),,,,,cross-validated,3,"No statutory cliff. Event-driven: 99-yr ground-lease/contract term, capital event (sale/refi), §303.0426 audit failure, or CAD/AG challenge (KP-0437; Williamson CAD suits 24-0022/24-1698-C395). Per-deal vintage risk: any TEH deal approved after 6/18/2023 (§303.021(d) in-boundary rule) is boundary-attackable. TEH deeds here are 2023 (grandfather-era) but board-approval date per deal is the controlling test — GAP."
TX-NEW-TRAVIS-1,Alma Apartments,9220 N INTERSTATE HWY 35,Austin,Travis,243367,171,2010,Texas Essential Housing Public Facility Corporation,SHIR Capital,PFC,Ch.303,2,no,False,17250000,,2023,HB2071 grandfathered — NO 2027 cliff (HB21 is HFC-only),,,,,single-source,3,"No statutory cliff. Event-driven: 99-yr ground-lease/contract term, capital event (sale/refi), §303.0426 audit failure, or CAD/AG challenge (KP-0437; Williamson CAD suits 24-0022/24-1698-C395). Per-deal vintage risk: any TEH deal approved after 6/18/2023 (§303.021(d) in-boundary rule) is boundary-attackable. TEH deeds here are 2023 (grandfather-era) but board-approval date per deal is the controlling test — GAP."
TX-NEW-TRAVIS-2,VEER Apartments,7928 GESSNER DR,Austin,Travis,236544,174,1986,Texas Essential Housing Public Facility Corporation,SHIR Capital,PFC,Ch.303,2,no,False,15770000,,2023,HB2071 grandfathered — NO 2027 cliff (HB21 is HFC-only),,,,,single-source,3,"No statutory cliff. Event-driven: 99-yr ground-lease/contract term, capital event (sale/refi), §303.0426 audit failure, or CAD/AG challenge (KP-0437; Williamson CAD suits 24-0022/24-1698-C395). Per-deal vintage risk: any TEH deal approved after 6/18/2023 (§303.021(d) in-boundary rule) is boundary-attackable. TEH deeds here are 2023 (grandfather-era) but board-approval date per deal is the controlling test — GAP."
TX-36-528,The Park at Walnut Creek (formerly Madison at Walnut Creek),12113 METRIC BLVD,Austin,Travis,262009,342,1995,Cameron County Housing Finance Corporation,LoanCore Capital,HFC,Ch.394,1,yes,True,54710000,,,HB21 §13(i) 1/1/2027 (+ §13(e) capital-event early death),2027-01-01,True,2024-12-23,,cross-validated,3,"HFC-owned, out-of-jurisdiction (sponsor home county != Travis), no host resolutions found -> §394.905 exemption ineligible after 1/1/2027 (HB21 §13(i)). §13(e): 2024-2025 SWD/recap to the HFC is a title-conveyance capital event that independently starts an early-death clock. NOTE: TCAD 2026 preliminary roll shows this parcel FULLY TAXABLE (no exemption granted) — if the exemption is never granted/denied, there is no exemption to lose in 2027."
TX-36-1466,Capital Hills Apartments,8527 N CAPITAL OF TEXAS HWY,Austin,Travis,497709,206,1983,Cameron County Housing Finance Corporation,LoanCore Capital,HFC,Ch.394,1,yes,True,35270000,,,HB21 §13(i) 1/1/2027 (+ §13(e) capital-event early death),2027-01-01,True,2024-12-26,,cross-validated,3,"HFC-owned, out-of-jurisdiction (sponsor home county != Travis), no host resolutions found -> §394.905 exemption ineligible after 1/1/2027 (HB21 §13(i)). §13(e): 2024-2025 SWD/recap to the HFC is a title-conveyance capital event that independently starts an early-death clock. NOTE: TCAD 2026 preliminary roll shows this parcel FULLY TAXABLE (no exemption granted) — if the exemption is never granted/denied, there is no exemption to lose in 2027."
TX-36-370218,Tides at South Lamar (formerly Artisan at South Lamar),3506 & 3622 MENCHACA RD,Austin,Travis,305344+306014,217,1977,Cameron County Housing Finance Corporation,Tides Equities,HFC,Ch.394,1,yes,True,17772480,,,HB21 §13(i) 1/1/2027 (+ §13(e) capital-event early death),2027-01-01,True,2025-03-28,,cross-validated,3,"HFC-owned, out-of-jurisdiction (sponsor home county != Travis), no host resolutions found -> §394.905 exemption ineligible after 1/1/2027 (HB21 §13(i)). §13(e): 2024-2025 SWD/recap to the HFC is a title-conveyance capital event that independently starts an early-death clock. NOTE: TCAD 2026 preliminary roll shows this parcel FULLY TAXABLE (no exemption granted) — if the exemption is never granted/denied, there is no exemption to lose in 2027."
TX-36-1345319,The Bower (404 E Olympic Dr) + Brio (705 E Olympic Dr) — two Wilson Capital communities on a combined CAD parcel/account,404 & 705 E OLYMPIC DR,Austin,Travis,953959+974441,630,2024,Edcouch Community Housing Finance Corporation,Wilson Capital,HFC,Ch.394,1,yes,True,66522813,,,HB21 §13(i) 1/1/2027 (+ §13(e) capital-event early death),2027-01-01,True,2025-02-25,,cross-validated,3,"HFC-owned, out-of-jurisdiction (sponsor home county != Travis), no host resolutions found -> §394.905 exemption ineligible after 1/1/2027 (HB21 §13(i)). §13(e): 2024-2025 SWD/recap to the HFC is a title-conveyance capital event that independently starts an early-death clock. NOTE: TCAD 2026 preliminary roll shows this parcel FULLY TAXABLE (no exemption granted) — if the exemption is never granted/denied, there is no exemption to lose in 2027."
TX-36-1228395,The Jovie at Pflugerville (aka Jolie Pflugerville),1305 E WELLS BRANCH PKWY,Pflugerville,Travis,944112,182,2021,Edcouch Community Housing Finance Corporation,Wilson Capital,HFC,Ch.394,1,yes,True,16802944,,,HB21 §13(i) 1/1/2027 (+ §13(e) capital-event early death),2027-01-01,True,2025-03-12,,cross-validated,3,"HFC-owned, out-of-jurisdiction (sponsor home county != Travis), no host resolutions found -> §394.905 exemption ineligible after 1/1/2027 (HB21 §13(i)). §13(e): 2024-2025 SWD/recap to the HFC is a title-conveyance capital event that independently starts an early-death clock. NOTE: TCAD 2026 preliminary roll shows this parcel FULLY TAXABLE (no exemption granted) — if the exemption is never granted/denied, there is no exemption to lose in 2027."
TX-NEW-TRAVIS-3,Spectra Park Apartments (formerly Citizen House Decker; also seen as 'Residences at Decker'),5301 DECKER LN,Austin,Travis,881289,324,2021,Edcouch Community Housing Finance Corporation,Prism Multifamily Group,HFC,Ch.394,1,yes,True,528372,,,HB21 §13(i) 1/1/2027 (+ §13(e) capital-event early death),2027-01-01,True,2025-05-19,,single-source,4,"HFC-owned, out-of-jurisdiction (sponsor home county != Travis), no host resolutions found -> §394.905 exemption ineligible after 1/1/2027 (HB21 §13(i)). §13(e): 2024-2025 SWD/recap to the HFC is a title-conveyance capital event that independently starts an early-death clock. NOTE: TCAD 2026 preliminary roll shows this parcel FULLY TAXABLE (no exemption granted) — if the exemption is never granted/denied, there is no exemption to lose in 2027."
TX-36-927014,Ellwood at Lake Travis,7655 N FM 620,Austin,Travis,497787,553,2001,La Villa Housing Finance Corporation,,HFC,Ch.394,1,yes,True,92960000,,,HB21 §13(i) 1/1/2027 (+ §13(e) capital-event early death),2027-01-01,True,2025-05-16,,cross-validated,3,"HFC-owned, out-of-jurisdiction (sponsor home county != Travis), no host resolutions found -> §394.905 exemption ineligible after 1/1/2027 (HB21 §13(i)). §13(e): 2024-2025 SWD/recap to the HFC is a title-conveyance capital event that independently starts an early-death clock. NOTE: TCAD 2026 preliminary roll shows this parcel FULLY TAXABLE (no exemption granted) — if the exemption is never granted/denied, there is no exemption to lose in 2027."
TX-NEW-TRAVIS-4,The Shoal,827 W 12TH ST,Austin,Travis,196630,143,2022,La Villa Housing Finance Corporation,,HFC,Ch.394,1,yes,True,4808600,,,HB21 §13(i) 1/1/2027 (+ §13(e) capital-event early death),2027-01-01,True,2025-04-14,,single-source,4,"HFC-owned, out-of-jurisdiction (sponsor home county != Travis), no host resolutions found -> §394.905 exemption ineligible after 1/1/2027 (HB21 §13(i)). §13(e): 2024-2025 SWD/recap to the HFC is a title-conveyance capital event that independently starts an early-death clock. NOTE: TCAD 2026 preliminary roll shows this parcel FULLY TAXABLE (no exemption granted) — if the exemption is never granted/denied, there is no exemption to lose in 2027."
TX-36-1508,Array,2101 BURTON DR,Austin,Travis,287604,369,1971,Pecos Housing Finance Corporation,,HFC,Ch.394,1,yes,True,49080000,,,HB21 §13(i) 1/1/2027 (+ §13(e) capital-event early death),2027-01-01,True,2025-04-23,,cross-validated,4,"HFC-owned, out-of-jurisdiction (sponsor home county != Travis), no host resolutions found -> §394.905 exemption ineligible after 1/1/2027 (HB21 §13(i)). §13(e): 2024-2025 SWD/recap to the HFC is a title-conveyance capital event that independently starts an early-death clock. NOTE: TCAD 2026 preliminary roll shows this parcel FULLY TAXABLE (no exemption granted) — if the exemption is never granted/denied, there is no exemption to lose in 2027."
TX-36-1194,The Mont,2405 MONTOPOLIS DR,Austin,Travis,920583,288,2020,Pecos Housing Finance Corporation,Arbor Management Acquisition Co,HFC,Ch.394,1,yes,True,44650000,,,HB21 §13(i) 1/1/2027 (+ §13(e) capital-event early death),2027-01-01,True,2025-03-17,,cross-validated,4,"HFC-owned, out-of-jurisdiction (sponsor home county != Travis), no host resolutions found -> §394.905 exemption ineligible after 1/1/2027 (HB21 §13(i)). §13(e): 2024-2025 SWD/recap to the HFC is a title-conveyance capital event that independently starts an early-death clock. NOTE: TCAD 2026 preliminary roll shows this parcel FULLY TAXABLE (no exemption granted) — if the exemption is never granted/denied, there is no exemption to lose in 2027."
TX-36-377618,Hillside on Cannon (formerly Cannon Oaks),2302 E WILLIAM CANNON DR,Austin,Travis,336592,230,2001,Pecos Housing Finance Corporation,TruAmerica Multifamily,HFC,Ch.394,1,yes,True,37000000,,,HB21 §13(i) 1/1/2027 (+ §13(e) capital-event early death),2027-01-01,True,2025-04-30,,cross-validated,4,"HFC-owned, out-of-jurisdiction (sponsor home county != Travis), no host resolutions found -> §394.905 exemption ineligible after 1/1/2027 (HB21 §13(i)). §13(e): 2024-2025 SWD/recap to the HFC is a title-conveyance capital event that independently starts an early-death clock. NOTE: TCAD 2026 preliminary roll shows this parcel FULLY TAXABLE (no exemption granted) — if the exemption is never granted/denied, there is no exemption to lose in 2027."
TX-36-1604,Casa Hills at 290 (aka Val Dor II),1500 REAGAN HILL DR,Austin,Travis,228220,178,1970,Pecos Housing Finance Corporation,,HFC,Ch.394,1,yes,True,17990000,,,HB21 §13(i) 1/1/2027 (+ §13(e) capital-event early death),2027-01-01,True,2025-04-30,,cross-validated,4,"HFC-owned, out-of-jurisdiction (sponsor home county != Travis), no host resolutions found -> §394.905 exemption ineligible after 1/1/2027 (HB21 §13(i)). §13(e): 2024-2025 SWD/recap to the HFC is a title-conveyance capital event that independently starts an early-death clock. NOTE: TCAD 2026 preliminary roll shows this parcel FULLY TAXABLE (no exemption granted) — if the exemption is never granted/denied, there is no exemption to lose in 2027."
TX-36-1179,Sage Hill Apartment Homes (formerly Seventytwo27),7227 E US HWY 290,Austin,Travis,852233,160,1984,Pecos Housing Finance Corporation,,HFC,Ch.394,1,yes,True,17398449,,,HB21 §13(i) 1/1/2027 (+ §13(e) capital-event early death),2027-01-01,True,2024-12-19,,cross-validated,4,"HFC-owned, out-of-jurisdiction (sponsor home county != Travis), no host resolutions found -> §394.905 exemption ineligible after 1/1/2027 (HB21 §13(i)). §13(e): 2024-2025 SWD/recap to the HFC is a title-conveyance capital event that independently starts an early-death clock. NOTE: TCAD 2026 preliminary roll shows this parcel FULLY TAXABLE (no exemption granted) — if the exemption is never granted/denied, there is no exemption to lose in 2027."
TX-36-1875,The Axel (formerly Northgate Hills),9024 NORTHGATE BLVD,Austin,Travis,248790,415,1982,Pecos Housing Finance Corporation,,HFC,Ch.394,1,yes,True,17294194,,,HB21 §13(i) 1/1/2027 (+ §13(e) capital-event early death),2027-01-01,True,2025-03-25,,cross-validated,4,"HFC-owned, out-of-jurisdiction (sponsor home county != Travis), no host resolutions found -> §394.905 exemption ineligible after 1/1/2027 (HB21 §13(i)). §13(e): 2024-2025 SWD/recap to the HFC is a title-conveyance capital event that independently starts an early-death clock. NOTE: TCAD 2026 preliminary roll shows this parcel FULLY TAXABLE (no exemption granted) — if the exemption is never granted/denied, there is no exemption to lose in 2027."
TX-36-1403,,12704 HARRIS BRANCH PKWY,Austin,Travis,247934,,,Pecos Housing Finance Corporation,,HFC,Ch.394,1,yes,True,6925604,,,HB21 §13(i) 1/1/2027 (+ §13(e) capital-event early death),2027-01-01,True,2025-01-31,,cross-validated,4,"HFC-owned, out-of-jurisdiction (sponsor home county != Travis), no host resolutions found -> §394.905 exemption ineligible after 1/1/2027 (HB21 §13(i)). §13(e): 2024-2025 SWD/recap to the HFC is a title-conveyance capital event that independently starts an early-death clock. NOTE: TCAD 2026 preliminary roll shows this parcel FULLY TAXABLE (no exemption granted) — if the exemption is never granted/denied, there is no exemption to lose in 2027."
TX-NEW-TRAVIS-5,The Morgan,1801 WELLS BRANCH PKWY,Austin,Travis,272667,504,1984,Pecos Housing Finance Corporation,Joint venture of CAF Companies,HFC,Ch.394,1,yes,True,5227200,,,HB21 §13(i) 1/1/2027 (+ §13(e) capital-event early death),2027-01-01,True,2025-04-28,,single-source,4,"HFC-owned, out-of-jurisdiction (sponsor home county != Travis), no host resolutions found -> §394.905 exemption ineligible after 1/1/2027 (HB21 §13(i)). §13(e): 2024-2025 SWD/recap to the HFC is a title-conveyance capital event that independently starts an early-death clock. NOTE: TCAD 2026 preliminary roll shows this parcel FULLY TAXABLE (no exemption granted) — if the exemption is never granted/denied, there is no exemption to lose in 2027."
TX-36-375983,Presidium 183,9111 RESEARCH BLVD,Austin,Travis,252833,374,2024,Pleasanton Housing Finance Corporation,Presidium,HFC,Ch.394,1,yes,True,96626183,,,HB21 §13(i) 1/1/2027 (+ §13(e) capital-event early death),2027-01-01,True,2024-12-31,,cross-validated,4,"HFC-owned, out-of-jurisdiction (sponsor home county != Travis), no host resolutions found -> §394.905 exemption ineligible after 1/1/2027 (HB21 §13(i)). §13(e): 2024-2025 SWD/recap to the HFC is a title-conveyance capital event that independently starts an early-death clock. NOTE: TCAD 2026 preliminary roll shows this parcel FULLY TAXABLE (no exemption granted) — if the exemption is never granted/denied, there is no exemption to lose in 2027."
TX-36-568,The Langdon at Walnut Park,12101 N LAMAR BLVD,Austin,Travis,864982,277,2017,Pleasanton Housing Finance Corporation,Langdon Street Capital,HFC,Ch.394,1,yes,True,71490000,,,HB21 §13(i) 1/1/2027 (+ §13(e) capital-event early death),2027-01-01,True,2024-08-29,,cross-validated,4,"HFC-owned, out-of-jurisdiction (sponsor home county != Travis), no host resolutions found -> §394.905 exemption ineligible after 1/1/2027 (HB21 §13(i)). §13(e): 2024-2025 SWD/recap to the HFC is a title-conveyance capital event that independently starts an early-death clock. NOTE: TCAD 2026 preliminary roll shows this parcel FULLY TAXABLE (no exemption granted) — if the exemption is never granted/denied, there is no exemption to lose in 2027."
TX-36-1526,Presidium Waterford,9127 RESEARCH BLVD,Austin,Travis,252834,283,2022,Pleasanton Housing Finance Corporation,Presidium,HFC,Ch.394,1,yes,True,70610000,,,HB21 §13(i) 1/1/2027 (+ §13(e) capital-event early death),2027-01-01,True,2025-04-03,,cross-validated,4,"HFC-owned, out-of-jurisdiction (sponsor home county != Travis), no host resolutions found -> §394.905 exemption ineligible after 1/1/2027 (HB21 §13(i)). §13(e): 2024-2025 SWD/recap to the HFC is a title-conveyance capital event that independently starts an early-death clock. NOTE: TCAD 2026 preliminary roll shows this parcel FULLY TAXABLE (no exemption granted) — if the exemption is never granted/denied, there is no exemption to lose in 2027."
TX-36-1838,"Del Via Apartments (marketed by Presidium as ""Del Via"")",11600 SPIRIT DR,Austin,Travis,974493+1001590+1001591+1001592+1001593,307,2024,Pleasanton Housing Finance Corporation,Presidium,HFC,Ch.394,1,yes,True,67080619,,,HB21 §13(i) 1/1/2027 (+ §13(e) capital-event early death),2027-01-01,True,2025-01-31,,cross-validated,4,"HFC-owned, out-of-jurisdiction (sponsor home county != Travis), no host resolutions found -> §394.905 exemption ineligible after 1/1/2027 (HB21 §13(i)). §13(e): 2024-2025 SWD/recap to the HFC is a title-conveyance capital event that independently starts an early-death clock. NOTE: TCAD 2026 preliminary roll shows this parcel FULLY TAXABLE (no exemption granted) — if the exemption is never granted/denied, there is no exemption to lose in 2027."
TX-36-1155680,Camille Farms (formerly The Sage at 1825 / Sage Cottages / The Place at 1825),15835 FOOTHILL FARMS LOOP,Austin,Travis,481431+277030+277031,455,1986,Pleasanton Housing Finance Corporation,MC Companies,HFC,Ch.394,1,yes,True,59499999,,,HB21 §13(i) 1/1/2027 (+ §13(e) capital-event early death),2027-01-01,True,2025-01-24,,cross-validated,4,"HFC-owned, out-of-jurisdiction (sponsor home county != Travis), no host resolutions found -> §394.905 exemption ineligible after 1/1/2027 (HB21 §13(i)). §13(e): 2024-2025 SWD/recap to the HFC is a title-conveyance capital event that independently starts an early-death clock. NOTE: TCAD 2026 preliminary roll shows this parcel FULLY TAXABLE (no exemption granted) — if the exemption is never granted/denied, there is no exemption to lose in 2027."
TX-36-1357295,The Grand at Manor,10700 GENOME DR,Manor,Travis,938136,271,2022,Pleasanton Housing Finance Corporation,Presidium,HFC,Ch.394,1,yes,True,43340000,,,HB21 §13(i) 1/1/2027 (+ §13(e) capital-event early death),2027-01-01,True,2024-12-31,,cross-validated,4,"HFC-owned, out-of-jurisdiction (sponsor home county != Travis), no host resolutions found -> §394.905 exemption ineligible after 1/1/2027 (HB21 §13(i)). §13(e): 2024-2025 SWD/recap to the HFC is a title-conveyance capital event that independently starts an early-death clock. NOTE: TCAD 2026 preliminary roll shows this parcel FULLY TAXABLE (no exemption granted) — if the exemption is never granted/denied, there is no exemption to lose in 2027."
TX-36-1417384,Waterford Studios,9013 UNITED DR,Austin,Travis,1004086,125,1995,Pleasanton Housing Finance Corporation,Presidium,HFC,Ch.394,1,yes,True,8556152,,,HB21 §13(i) 1/1/2027 (+ §13(e) capital-event early death),2027-01-01,True,2025-03-17,,cross-validated,4,"HFC-owned, out-of-jurisdiction (sponsor home county != Travis), no host resolutions found -> §394.905 exemption ineligible after 1/1/2027 (HB21 §13(i)). §13(e): 2024-2025 SWD/recap to the HFC is a title-conveyance capital event that independently starts an early-death clock. NOTE: TCAD 2026 preliminary roll shows this parcel FULLY TAXABLE (no exemption granted) — if the exemption is never granted/denied, there is no exemption to lose in 2027."
TX-36-1549620,The Enclave,1005 W STASSNEY LN,Austin,Travis,319611,90,1982,Pleasanton Housing Finance Corporation,Polaris Real Estate Partners,HFC,Ch.394,1,yes,True,7880000,,,HB21 §13(i) 1/1/2027 (+ §13(e) capital-event early death),2027-01-01,True,2025-04-11,,cross-validated,4,"HFC-owned, out-of-jurisdiction (sponsor home county != Travis), no host resolutions found -> §394.905 exemption ineligible after 1/1/2027 (HB21 §13(i)). §13(e): 2024-2025 SWD/recap to the HFC is a title-conveyance capital event that independently starts an early-death clock. NOTE: TCAD 2026 preliminary roll shows this parcel FULLY TAXABLE (no exemption granted) — if the exemption is never granted/denied, there is no exemption to lose in 2027."
TX-NEW-TRAVIS-6,The Orion,3101 SHORELINE DR,Austin,Travis,379417,384,1986,Pleasanton Housing Finance Corporation,Polaris Real Estate Partners,HFC,Ch.394,1,yes,True,2222475,,,HB21 §13(i) 1/1/2027 (+ §13(e) capital-event early death),2027-01-01,True,2025-04-09,,single-source,4,"HFC-owned, out-of-jurisdiction (sponsor home county != Travis), no host resolutions found -> §394.905 exemption ineligible after 1/1/2027 (HB21 §13(i)). §13(e): 2024-2025 SWD/recap to the HFC is a title-conveyance capital event that independently starts an early-death clock. NOTE: TCAD 2026 preliminary roll shows this parcel FULLY TAXABLE (no exemption granted) — if the exemption is never granted/denied, there is no exemption to lose in 2027."
TX-NEW-TRAVIS-7,,1600 S PLEASANT VALLEY RD,Austin,Travis,285506,,1984,Pleasanton Housing Finance Corporation,Presidium,HFC,Ch.394,1,yes,True,11000000,,,HB21 §13(i) 1/1/2027 (+ §13(e) capital-event early death),2027-01-01,True,2025-01-15,,single-source,4,"HFC-owned, out-of-jurisdiction (sponsor home county != Travis), no host resolutions found -> §394.905 exemption ineligible after 1/1/2027 (HB21 §13(i)). §13(e): 2024-2025 SWD/recap to the HFC is a title-conveyance capital event that independently starts an early-death clock. NOTE: TCAD 2026 preliminary roll shows this parcel FULLY TAXABLE (no exemption granted) — if the exemption is never granted/denied, there is no exemption to lose in 2027."
TX-36-2088,Legends Lake Creek,10015 Lake Creek Pkwy,Austin,Williamson,R392272,170,2000,Texas Essential Housing Public Facility Corporation,The Lynd Company,PFC,Ch.303,2,yes,True,40750000.0,,,HB2071 (Ch.303 PFC) -- NO 2027 cliff (HB21 is HFC-only),,False,,"AG KP-0437 (sponsor-wide, not property-specific)",single-source,3,"Event-driven: 99-yr ground-lease term, capital event, Sec.303.0426 audit failure, or CAD/AG challenge (per Phase-1 Tier-2 treatment). No property-specific litigation found for this address (distinguish from Enclave/Lakeside at La Frontera, which ARE named in active Williamson CAD litigation -- see those records)."
TX-36-2231,,,Austin,Williamson,,,,Texas Essential Housing Public Facility Corporation,,PFC,Ch.303,2,yes,True,,,,HB2071 (Ch.303 PFC) -- NO 2027 cliff,,False,,AG KP-0437 (sponsor-wide),seed,3,Event-driven per Phase-1 Tier-2 treatment; cannot refine further without a confirmed property match.
TX-36-1968,Enclave at La Frontera,2800 La Frontera Blvd,Round Rock,Williamson,R401785,411,2001,Texas Essential Housing Public Facility Corporation,The Lynd Company,PFC,Ch.303,2,yes,True,68000000.0,,,HB2071 (Ch.303 PFC) -- NO 2027 cliff,,False,,"TEHPFC v. Williamson CAD, Cause No. 24-1698-C395 (395th Judicial District Court, Williamson Co.) -- 'Texas Essential Housing Public Facility Corporation Enclave La Frontera vs. Williamson Central Appraisal District' -- names THIS property directly (Trellis/court docket); TEHPFC v. Williamson CAD, Cause No. 24-0022-C395 (395th Judicial District Court) -- companion/broader TEH PFC exemption dispute; AG KP-0437 (sponsor-wide)",cross-validated,3,"Event-driven; this specific property is under ACTIVE LITIGATION (Williamson CAD exemption dispute, case 24-1698-C395 names 'Enclave La Frontera' directly), which is the real near-term unwind vector for this record, not a statutory date."
TX-36-2017,Lakeside at La Frontera,941 Hesters Crossing Rd,Round Rock,Williamson,R417224,366,2002,Texas Essential Housing Public Facility Corporation,The Lynd Company,PFC,Ch.303,2,yes,True,64000000.0,,,HB2071 (Ch.303 PFC) -- NO 2027 cliff,,False,,"TEHPFC v. Williamson CAD, Cause No. 24-0022-C395 (possible/unconfirmed -- see gaps); AG KP-0437 (sponsor-wide)",single-source,4,"Event-driven; located in the same La Frontera master-planned area as the actively-litigated Enclave property (24-1698-C395) -- likely within scope of the broader 24-0022-C395 TEH PFC v. Williamson CAD dispute, though not independently confirmed as a named party to either docket from free sources."
TX-NEW-WILLIAMSON-1,Siena Round Rock,6531 County Road 110,Round Rock,Williamson,R599112,198,2021,Cameron County Housing Finance Corporation,River Rock Capital,HFC,Ch.394,1,yes,True,31000000.0,,,HB21 §13(i) 2027-01-01 + §13(e) capital-event,2027-01-01,True,,"Williamson County v. Cameron County Housing Finance Corporation (TRO granted ~early March 2025, Williamson Co. district court) -- Siena Round Rock named directly as one of two target properties (the other being 'The Sommery', 5540 Sofia Pl, Round Rock -- see gaps, that acquisition does NOT appear to have closed); Bexar AD suit (27 complexes/$26M) -- sponsor-wide; TWHC HB21 constitutional challenge (Cameron Co., 9/9/2025) -- sponsor-wide",cross-validated,5,"HB21 §13(i) statutory cliff applies as the primary/backstop date, but this property's REAL near-term unwind vector is the active Williamson County lawsuit (TRO granted ~early March 2025) alleging Cameron County HFC exploited the out-of-jurisdiction exemption loophole -- a court order could force divestiture well before 2027."
