census_id,name,address,city,county,cad_account,units,sponsor,species,tier,traveling,current_status,appraised_value,tax_at_stake,tax_basis,kill_regime,kill_date,exemption_status,litigation,confidence,gaps_n
TX-NEW-BEXAR-1,Residences at Medical,"2502 Babcock Rd, San Antonio, TX 78240",San Antonio,Bexar,487392,276,Cameron County Housing Finance Corporation,HFC,1,yes,unknown,23500000.0,540500,estimated (2.3% representative rate),HB21 §13(i),2027-01-01,,"Bexar Appraisal District v. [sponsor HFC] -- Chief Appraiser Rogelio Sandoval suit seeking to return ~27 Bexar apartment complexes (~$26M+ in exempted value) to the tax rolls (News4SanAntonio, 'Legal battle over ""traveling housing agencies"" and property taxes', accessed 2026-07-11); sponsor is named in press coverage of this suit. Specific complex-level plaintiff exhibit list not published in free sources -- this property is flagged as a likely/possible member of that 27-complex set, not confirmed by name.",single-source,1
TX-61-1675,Willow Bend,"8330 Potranco Rd, San Antonio, TX 78251",San Antonio,Bexar,"1129457, 1039279",250,Cameron County Housing Finance Corporation,HFC,1,yes,unknown,9200000.0,211600,estimated (2.3% representative rate),HB21 §13(i),2027-01-01,,"Bexar Appraisal District v. [sponsor HFC] -- Chief Appraiser Rogelio Sandoval suit seeking to return ~27 Bexar apartment complexes (~$26M+ in exempted value) to the tax rolls (News4SanAntonio, 'Legal battle over ""traveling housing agencies"" and property taxes', accessed 2026-07-11); sponsor is named in press coverage of this suit. Specific complex-level plaintiff exhibit list not published in free sources -- this property is flagged as a likely/possible member of that 27-complex set, not confirmed by name.",single-source,1
TX-61-1707,Dalian 151,"10018 Ingram Rd, San Antonio, TX 78245",San Antonio,Bexar,1248651,360,Cameron County Housing Finance Corporation,HFC,1,yes,exempt_at_2027_risk,54500000.0,1248145,precise (per-account rate),HB21 §13(i),2027-01-01,,"Bexar Appraisal District v. [sponsor HFC] -- Chief Appraiser Rogelio Sandoval suit seeking to return ~27 Bexar apartment complexes (~$26M+ in exempted value) to the tax rolls (News4SanAntonio, 'Legal battle over ""traveling housing agencies"" and property taxes', accessed 2026-07-11); sponsor is named in press coverage of this suit. Specific complex-level plaintiff exhibit list not published in free sources -- this property is flagged as a likely/possible member of that 27-complex set, not confirmed by name.",single-source,1
TX-61-614,Solara,"11710 Parliament St, San Antonio, TX 78213",San Antonio,Bexar,609239,285,Cameron County Housing Finance Corporation,HFC,1,yes,unknown,26000000.0,598000,estimated (2.3% representative rate),HB21 §13(i),2027-01-01,,"Bexar Appraisal District v. [sponsor HFC] -- Chief Appraiser Rogelio Sandoval suit seeking to return ~27 Bexar apartment complexes (~$26M+ in exempted value) to the tax rolls (News4SanAntonio, 'Legal battle over ""traveling housing agencies"" and property taxes', accessed 2026-07-11); sponsor is named in press coverage of this suit. Specific complex-level plaintiff exhibit list not published in free sources -- this property is flagged as a likely/possible member of that 27-complex set, not confirmed by name.",cross-validated,0
TX-NEW-BEXAR-2,Highland Ridge,"1700 Jackson Keller Rd, San Antonio, TX 78213",San Antonio,Bexar,489629,736,Cameron County Housing Finance Corporation,HFC,1,yes,unknown,42500000.0,977500,estimated (2.3% representative rate),HB21 §13(i),2027-01-01,,"Bexar Appraisal District v. [sponsor HFC] -- Chief Appraiser Rogelio Sandoval suit seeking to return ~27 Bexar apartment complexes (~$26M+ in exempted value) to the tax rolls (News4SanAntonio, 'Legal battle over ""traveling housing agencies"" and property taxes', accessed 2026-07-11); sponsor is named in press coverage of this suit. Specific complex-level plaintiff exhibit list not published in free sources -- this property is flagged as a likely/possible member of that 27-complex set, not confirmed by name.",single-source,1
TX-NEW-BEXAR-3,Dalian Monterrey Village,"10102 Ingram Rd, San Antonio, TX 78245",San Antonio,Bexar,1207284,360,Cameron County Housing Finance Corporation,HFC,1,yes,exempt_at_2027_risk,51500000.0,1179440,precise (per-account rate),HB21 §13(i),2027-01-01,,"Bexar Appraisal District v. [sponsor HFC] -- Chief Appraiser Rogelio Sandoval suit seeking to return ~27 Bexar apartment complexes (~$26M+ in exempted value) to the tax rolls (News4SanAntonio, 'Legal battle over ""traveling housing agencies"" and property taxes', accessed 2026-07-11); sponsor is named in press coverage of this suit. Specific complex-level plaintiff exhibit list not published in free sources -- this property is flagged as a likely/possible member of that 27-complex set, not confirmed by name.",single-source,1
TX-61-1237,Maxwell Townhomes,"11146 Vance Jackson Rd, San Antonio, TX 78230",San Antonio,Bexar,641263,314,Edcouch Community Housing Finance Corporation,HFC,1,yes,unknown,40500000.0,931500,estimated (2.3% representative rate),HB21 §13(i),2027-01-01,,"Bexar Appraisal District v. [sponsor HFC] -- Chief Appraiser Rogelio Sandoval suit seeking to return ~27 Bexar apartment complexes (~$26M+ in exempted value) to the tax rolls (News4SanAntonio, 'Legal battle over ""traveling housing agencies"" and property taxes', accessed 2026-07-11); sponsor is named in press coverage of this suit. Specific complex-level plaintiff exhibit list not published in free sources -- this property is flagged as a likely/possible member of that 27-complex set, not confirmed by name.",single-source,2
TX-61-1653,Tara,"Broadway St, San Antonio, TX 78209",San Antonio,Bexar,1446279,234,Edcouch Community Housing Finance Corporation,HFC,1,yes,unknown,9012040.0,207277,estimated (2.3% representative rate),HB21 §13(i),2027-01-01,,"Bexar Appraisal District v. [sponsor HFC] -- Chief Appraiser Rogelio Sandoval suit seeking to return ~27 Bexar apartment complexes (~$26M+ in exempted value) to the tax rolls (News4SanAntonio, 'Legal battle over ""traveling housing agencies"" and property taxes', accessed 2026-07-11); sponsor is named in press coverage of this suit. Specific complex-level plaintiff exhibit list not published in free sources -- this property is flagged as a likely/possible member of that 27-complex set, not confirmed by name.",single-source,2
TX-61-1757,Acadia on the Lake,"4031 Thousand Oaks Dr, San Antonio, TX 78217",San Antonio,Bexar,642630,304,Edcouch Community Housing Finance Corporation,HFC,1,yes,unknown,,,,HB21 §13(i),2027-01-01,,"Bexar Appraisal District v. [sponsor HFC] -- Chief Appraiser Rogelio Sandoval suit seeking to return ~27 Bexar apartment complexes (~$26M+ in exempted value) to the tax rolls (News4SanAntonio, 'Legal battle over ""traveling housing agencies"" and property taxes', accessed 2026-07-11); sponsor is named in press coverage of this suit. Specific complex-level plaintiff exhibit list not published in free sources -- this property is flagged as a likely/possible member of that 27-complex set, not confirmed by name.",single-source,2
TX-61-250,Elevate at Huebner Grove,"11500 Huebner Rd, San Antonio, TX 78230",San Antonio,Bexar,565843,210,La Villa Housing Finance Corporation,HFC,1,yes,unknown,17000000.0,391000,estimated (2.3% representative rate),HB21 §13(i),2027-01-01,,"Bexar Appraisal District v. [sponsor HFC] -- Chief Appraiser Rogelio Sandoval suit seeking to return ~27 Bexar apartment complexes (~$26M+ in exempted value) to the tax rolls (News4SanAntonio, 'Legal battle over ""traveling housing agencies"" and property taxes', accessed 2026-07-11); sponsor is named in press coverage of this suit. Specific complex-level plaintiff exhibit list not published in free sources -- this property is flagged as a likely/possible member of that 27-complex set, not confirmed by name.",single-source,1
TX-NEW-BEXAR-4,5 Fifty,"550 Heimer Rd, San Antonio, TX 78232",San Antonio,Bexar,646352,204,La Villa Housing Finance Corporation,HFC,1,yes,unknown,18500000.0,425500,estimated (2.3% representative rate),HB21 §13(i),2027-01-01,,"Bexar Appraisal District v. [sponsor HFC] -- Chief Appraiser Rogelio Sandoval suit seeking to return ~27 Bexar apartment complexes (~$26M+ in exempted value) to the tax rolls (News4SanAntonio, 'Legal battle over ""traveling housing agencies"" and property taxes', accessed 2026-07-11); sponsor is named in press coverage of this suit. Specific complex-level plaintiff exhibit list not published in free sources -- this property is flagged as a likely/possible member of that 27-complex set, not confirmed by name.",single-source,1
TX-61-2718,Sterling at Oak Hills,"7714 Louis Pasteur Dr, San Antonio, TX 78229",San Antonio,Bexar,1254484,330,Maverick County Housing Finance Corporation,HFC,1,yes,exempt_at_2027_risk,57000000.0,1305399,precise (per-account rate),HB21 §13(i),2027-01-01,,"Bexar Appraisal District v. [sponsor HFC] -- Chief Appraiser Rogelio Sandoval suit seeking to return ~27 Bexar apartment complexes (~$26M+ in exempted value) to the tax rolls (News4SanAntonio, 'Legal battle over ""traveling housing agencies"" and property taxes', accessed 2026-07-11); sponsor is named in press coverage of this suit. Specific complex-level plaintiff exhibit list not published in free sources -- this property is flagged as a likely/possible member of that 27-complex set, not confirmed by name.",single-source,1
TX-61-1394163,Alamo Residences at Spurs Lane,"1 Spurs Lane, San Antonio, TX 78240",San Antonio,Bexar,1395697,120,Maverick County Housing Finance Corporation,HFC,1,yes,unknown,15889210.0,365452,estimated (2.3% representative rate),HB21 §13(i),2027-01-01,,"Bexar Appraisal District v. [sponsor HFC] -- Chief Appraiser Rogelio Sandoval suit seeking to return ~27 Bexar apartment complexes (~$26M+ in exempted value) to the tax rolls (News4SanAntonio, 'Legal battle over ""traveling housing agencies"" and property taxes', accessed 2026-07-11); sponsor is named in press coverage of this suit. Specific complex-level plaintiff exhibit list not published in free sources -- this property is flagged as a likely/possible member of that 27-complex set, not confirmed by name.",single-source,1
TX-61-2092,Melia,"3434 Oakdale St, San Antonio, TX 78229",San Antonio,Bexar,"522684, 522690",300,Pecos Housing Finance Corporation,HFC,1,yes,unknown,14057700.0,323327,estimated (2.3% representative rate),HB21 §13(i),2027-01-01,,"Haltom City v. Pecos HFC (injunction 6/3/2025); Arlington 15-25-00111-CV; Hays Co. suit (~$230M); Tarrant ARB 5-yr back-assessment ($974M/28 sites); TWHC HB21 constitutional challenge (Cameron Co., filed 9/9/2025); NOT independently confirmed as named in the Bexar Appraisal District 27-complex/$26M suit (Sandoval) -- that suit's press coverage names Maverick, Cameron, Pleasanton, La Villa, Edcouch only",single-source,1
TX-61-1487,Seville,"13330 Blanco Rd, San Antonio, TX 78216",San Antonio,Bexar,639271,200,Pecos Housing Finance Corporation,HFC,1,yes,unknown,22000000.0,506000,estimated (2.3% representative rate),HB21 §13(i),2027-01-01,,"Haltom City v. Pecos HFC (injunction 6/3/2025); Arlington 15-25-00111-CV; Hays Co. suit (~$230M); Tarrant ARB 5-yr back-assessment ($974M/28 sites); TWHC HB21 constitutional challenge (Cameron Co., filed 9/9/2025); NOT independently confirmed as named in the Bexar Appraisal District 27-complex/$26M suit (Sandoval) -- that suit's press coverage names Maverick, Cameron, Pleasanton, La Villa, Edcouch only",single-source,1
TX-61-557312,Timberhill Commons,"5072 Timberhill, Leon Valley, TX 78238",Leon Valley,Bexar,"1300448, 1444456",,Pecos Housing Finance Corporation,HFC,1,yes,unknown,40500000.0,931500,estimated (2.3% representative rate),HB21 §13(i),2027-01-01,,"Haltom City v. Pecos HFC (injunction 6/3/2025); Arlington 15-25-00111-CV; Hays Co. suit (~$230M); Tarrant ARB 5-yr back-assessment ($974M/28 sites); TWHC HB21 constitutional challenge (Cameron Co., filed 9/9/2025); NOT independently confirmed as named in the Bexar Appraisal District 27-complex/$26M suit (Sandoval) -- that suit's press coverage names Maverick, Cameron, Pleasanton, La Villa, Edcouch only",cross-validated,1
TX-61-1746,Vistas Two 52,"3787 Perrin Central Blvd, San Antonio, TX 78217",San Antonio,Bexar,595581,252,Pecos Housing Finance Corporation,HFC,1,yes,unknown,27000000.0,621000,estimated (2.3% representative rate),HB21 §13(i),2027-01-01,,"Haltom City v. Pecos HFC (injunction 6/3/2025); Arlington 15-25-00111-CV; Hays Co. suit (~$230M); Tarrant ARB 5-yr back-assessment ($974M/28 sites); TWHC HB21 constitutional challenge (Cameron Co., filed 9/9/2025); NOT independently confirmed as named in the Bexar Appraisal District 27-complex/$26M suit (Sandoval) -- that suit's press coverage names Maverick, Cameron, Pleasanton, La Villa, Edcouch only",single-source,1
TX-61-384,Mission Villas,"247 W Dickson Ave, San Antonio, TX 78214",San Antonio,Bexar,1444640,176,Pecos Housing Finance Corporation,HFC,1,yes,unknown,932350.0,21444,estimated (2.3% representative rate),HB21 §13(i),2027-01-01,,"Haltom City v. Pecos HFC (injunction 6/3/2025); Arlington 15-25-00111-CV; Hays Co. suit (~$230M); Tarrant ARB 5-yr back-assessment ($974M/28 sites); TWHC HB21 constitutional challenge (Cameron Co., filed 9/9/2025); NOT independently confirmed as named in the Bexar Appraisal District 27-complex/$26M suit (Sandoval) -- that suit's press coverage names Maverick, Cameron, Pleasanton, La Villa, Edcouch only",single-source,2
TX-61-1321,Brixton Apartments,"2555 NE Loop 410, San Antonio, TX 78217",San Antonio,Bexar,"500195, 1444659",384,Pecos Housing Finance Corporation,HFC,1,yes,unknown,23500000.0,540500,estimated (2.3% representative rate),HB21 §13(i),2027-01-01,,"Haltom City v. Pecos HFC (injunction 6/3/2025); Arlington 15-25-00111-CV; Hays Co. suit (~$230M); Tarrant ARB 5-yr back-assessment ($974M/28 sites); TWHC HB21 constitutional challenge (Cameron Co., filed 9/9/2025); NOT independently confirmed as named in the Bexar Appraisal District 27-complex/$26M suit (Sandoval) -- that suit's press coverage names Maverick, Cameron, Pleasanton, La Villa, Edcouch only",single-source,2
TX-61-387177,Durrington Ridge,"21915 N US Hwy 281, San Antonio, TX 78258",San Antonio,Bexar,1352388,398,Pleasanton Housing Finance Corporation,HFC,1,yes,exempt_at_2027_risk,69000000.0,1564557,precise (per-account rate),HB21 §13(i),2027-01-01,,"Bexar Appraisal District v. [sponsor HFC] -- Chief Appraiser Rogelio Sandoval suit seeking to return ~27 Bexar apartment complexes (~$26M+ in exempted value) to the tax rolls (News4SanAntonio, 'Legal battle over ""traveling housing agencies"" and property taxes', accessed 2026-07-11); sponsor is named in press coverage of this suit. Specific complex-level plaintiff exhibit list not published in free sources -- this property is flagged as a likely/possible member of that 27-complex set, not confirmed by name.",single-source,1
TX-61-1709,Nova Apartments,"14200 Vance Jackson Rd, San Antonio, TX 78249",San Antonio,Bexar,1117284,412,Pleasanton Housing Finance Corporation,HFC,1,yes,exempt_at_2027_risk,53500000.0,1225243,precise (per-account rate),HB21 §13(i),2027-01-01,,"Bexar Appraisal District v. [sponsor HFC] -- Chief Appraiser Rogelio Sandoval suit seeking to return ~27 Bexar apartment complexes (~$26M+ in exempted value) to the tax rolls (News4SanAntonio, 'Legal battle over ""traveling housing agencies"" and property taxes', accessed 2026-07-11); sponsor is named in press coverage of this suit. Specific complex-level plaintiff exhibit list not published in free sources -- this property is flagged as a likely/possible member of that 27-complex set, not confirmed by name.",single-source,1
TX-61-1175498,Med West,"7139 Wurzbach Rd, San Antonio, TX 78240",San Antonio,Bexar,1284640,131,Pleasanton Housing Finance Corporation,HFC,1,yes,unknown,19900000.0,457700,estimated (2.3% representative rate),HB21 §13(i),2027-01-01,,"Bexar Appraisal District v. [sponsor HFC] -- Chief Appraiser Rogelio Sandoval suit seeking to return ~27 Bexar apartment complexes (~$26M+ in exempted value) to the tax rolls (News4SanAntonio, 'Legal battle over ""traveling housing agencies"" and property taxes', accessed 2026-07-11); sponsor is named in press coverage of this suit. Specific complex-level plaintiff exhibit list not published in free sources -- this property is flagged as a likely/possible member of that 27-complex set, not confirmed by name.",single-source,1
TX-61-533,Summit at Henderson Pass,"16465 Henderson Pass, San Antonio, TX 78232",San Antonio,Bexar,606514,228,Pleasanton Housing Finance Corporation,HFC,1,yes,unknown,21791110.0,501196,estimated (2.3% representative rate),HB21 §13(i),2027-01-01,,"Bexar Appraisal District v. [sponsor HFC] -- Chief Appraiser Rogelio Sandoval suit seeking to return ~27 Bexar apartment complexes (~$26M+ in exempted value) to the tax rolls (News4SanAntonio, 'Legal battle over ""traveling housing agencies"" and property taxes', accessed 2026-07-11); sponsor is named in press coverage of this suit. Specific complex-level plaintiff exhibit list not published in free sources -- this property is flagged as a likely/possible member of that 27-complex set, not confirmed by name.",single-source,1
TX-61-659,Oasis,"6023 UTSA Blvd, San Antonio, TX 78249",San Antonio,Bexar,1193224,260,Pleasanton Housing Finance Corporation,HFC,1,yes,unknown,42500000.0,977500,estimated (2.3% representative rate),HB21 §13(i),2027-01-01,,"Bexar Appraisal District v. [sponsor HFC] -- Chief Appraiser Rogelio Sandoval suit seeking to return ~27 Bexar apartment complexes (~$26M+ in exempted value) to the tax rolls (News4SanAntonio, 'Legal battle over ""traveling housing agencies"" and property taxes', accessed 2026-07-11); sponsor is named in press coverage of this suit. Specific complex-level plaintiff exhibit list not published in free sources -- this property is flagged as a likely/possible member of that 27-complex set, not confirmed by name.",single-source,1
TX-61-1955,Trailside,"8120 Mainland Dr, San Antonio, TX 78240",San Antonio,Bexar,685075,240,Pleasanton Housing Finance Corporation,HFC,1,yes,unknown,23520000.0,540960,estimated (2.3% representative rate),HB21 §13(i),2027-01-01,,"Bexar Appraisal District v. [sponsor HFC] -- Chief Appraiser Rogelio Sandoval suit seeking to return ~27 Bexar apartment complexes (~$26M+ in exempted value) to the tax rolls (News4SanAntonio, 'Legal battle over ""traveling housing agencies"" and property taxes', accessed 2026-07-11); sponsor is named in press coverage of this suit. Specific complex-level plaintiff exhibit list not published in free sources -- this property is flagged as a likely/possible member of that 27-complex set, not confirmed by name.",single-source,1
TX-61-374106,Abacus Alamo Ranch,"11788 Culebra Rd, San Antonio, TX 78253",San Antonio,Bexar,1304106,320,Texas Essential Housing Public Facility Corporation,PFC,2,yes,unknown,61095110.0,,,HB2071 grandfather (Ch.303 PFC) -- no HB21 cliff,,,"TEHPFC v. Williamson CAD 24-0022-C395 & 24-1698-C395; AG opinion request KP-0437; Not named in the Bexar Appraisal District HFC suit (that suit targets Ch.394 HFCs; TEHPFC is a Ch.303 PFC, a different statutory regime)",single-source,1
TX-61-1521,Atlee,"402 Holland Ave, San Antonio, TX 78212",San Antonio,Bexar,"369472, 369485, 369492",144,Texas Essential Housing Public Facility Corporation,PFC,2,yes,unknown,11441855.0,,,HB2071 grandfather (Ch.303 PFC) -- no HB21 cliff,,,"TEHPFC v. Williamson CAD 24-0022-C395 & 24-1698-C395; AG opinion request KP-0437; Not named in the Bexar Appraisal District HFC suit (that suit targets Ch.394 HFCs; TEHPFC is a Ch.303 PFC, a different statutory regime)",cross-validated,0
TX-NEW-BEXAR-5,Alaro,"7310 Culebra Commons, San Antonio, TX 78250",San Antonio,Bexar,1390520,248,Texas Essential Housing Public Facility Corporation,PFC,2,yes,unknown,54461070.0,,,HB2071 grandfather (Ch.303 PFC) -- no HB21 cliff,,,"TEHPFC v. Williamson CAD 24-0022-C395 & 24-1698-C395; AG opinion request KP-0437; Not named in the Bexar Appraisal District HFC suit (that suit targets Ch.394 HFCs; TEHPFC is a Ch.303 PFC, a different statutory regime)",single-source,1
TX-61-457,Copper Mill,"5827 NW Loop 410, San Antonio, TX 78238",San Antonio,Bexar,617253,342,Texas Essential Housing Public Facility Corporation,PFC,2,yes,unknown,35500000.0,,,HB2071 grandfather (Ch.303 PFC) -- no HB21 cliff,,,"TEHPFC v. Williamson CAD 24-0022-C395 & 24-1698-C395; AG opinion request KP-0437; Not named in the Bexar Appraisal District HFC suit (that suit targets Ch.394 HFCs; TEHPFC is a Ch.303 PFC, a different statutory regime)",cross-validated,0
TX-NEW-BEXAR-6,410 Probandt,"410 Probandt St, San Antonio, TX 78204",San Antonio,Bexar,1399472,,Texas Essential Housing Public Facility Corporation,PFC,2,yes,unknown,5517690.0,,,HB2071 grandfather (Ch.303 PFC) -- no HB21 cliff,,,"TEHPFC v. Williamson CAD 24-0022-C395 & 24-1698-C395; AG opinion request KP-0437; Not named in the Bexar Appraisal District HFC suit (that suit targets Ch.394 HFCs; TEHPFC is a Ch.303 PFC, a different statutory regime)",single-source,2
TX-61-531,,,San Antonio,Bexar,,,Edcouch Community Housing Finance Corporation,HFC,1,yes,unknown,,,,HB21 §13(i),2027-01-01,,Bexar Appraisal District v. Edcouch Community HFC -- sponsor named in the ~27-complex/$26M Sandoval suit (News4SanAntonio); this specific property not confirmed on the (unpublished) plaintiff list.,seed,2
TX-37-109,Spring Pointe Apartments,"3501 N Jupiter Rd, Richardson, TX 75082",Richardson,Collin,1615274,208,Cameron County Housing Finance Corporation,HFC,1,yes,unknown,25558696.0,587850,estimated (2.3% representative rate),HB21 §13(i),2027-01-01,,,cross-validated,0
TX-37-8327,Oaks of North Dallas Apartments,"4701 Haverwood Ln, Dallas, TX 75287",Dallas,Collin,1571748,168,Cameron County Housing Finance Corporation,HFC,1,yes,unknown,16760321.0,385487,estimated (2.3% representative rate),HB21 §13(i),2027-01-01,,,single-source,1
TX-37-8328,4804 Haverwood Apartments,"4804 Haverwood Ln, Dallas, TX 75287",Dallas,Collin,1708824,180,Cameron County Housing Finance Corporation,HFC,1,yes,unknown,15751585.0,362286,estimated (2.3% representative rate),HB21 §13(i),2027-01-01,,,single-source,1
TX-37-8332,380 Villas,"1101 N Throckmorton St, McKinney, TX 75069",McKinney,Collin,2905902,220,Cameron County Housing Finance Corporation,HFC,1,yes,unknown,48859852.0,1123777,estimated (2.3% representative rate),HB21 §13(i),2027-01-01,,,cross-validated,0
TX-37-1228308,Montgomery at Watters Creek,"1280 Montgomery Blvd, Allen, TX 75013",Allen,Collin,2834129,370,Garland Housing Finance Corporation,HFC,1,yes,unknown,87659189.0,2016161,estimated (2.3% representative rate),HB21 §13(i),2027-01-01,,,cross-validated,0
TX-37-1480322,Savannah at Gateway Senior Apartments,"401 Shiloh Rd, Plano, TX 75074",Plano,Collin,2630081,,Garland Housing Finance Corporation,HFC,1,yes,unknown,4654168.0,107046,estimated (2.3% representative rate),HB21 §13(i),2027-01-01,,"Likely subject property of Collin CAD v. Garland Housing Finance Corp., 05-19-01417-CV (GHFC won pre-HB21; HB21 §13(i) now overrides per Phase 1 verdict) -- not independently confirmed by parcel-level court filing review.",cross-validated,0
TX-37-4164,Twin Creeks Crossing I Apartments,"1090 W Exchange Pkwy, Allen, TX 75013",Allen,Collin,2731037,347,La Villa Housing Finance Corporation,HFC,1,yes,unknown,60528188.0,1392148,estimated (2.3% representative rate),HB21 §13(i),2027-01-01,,,cross-validated,0
TX-37-1180,Palencia Apartments,"17817 Coit Rd, Dallas, TX 75252",Dallas,Collin,2018449,281,Maverick County Housing Finance Corporation,HFC,1,yes,unknown,32936817.0,757547,estimated (2.3% representative rate),HB21 §13(i),2027-01-01,,,cross-validated,0
TX-37-369642,Alma Hub 121 Apartments,"7201 Henneman Way, McKinney, TX 75070",McKinney,Collin,2820606,286,Maverick County Housing Finance Corporation,HFC,1,yes,unknown,50321895.0,1157404,estimated (2.3% representative rate),HB21 §13(i),2027-01-01,,,cross-validated,0
TX-37-3204,Larkin,"2301 W White Ave, McKinney, TX 75071",McKinney,Collin,2057207,240,Pecos Housing Finance Corporation,HFC,1,yes,unknown,38218870.0,879034,estimated (2.3% representative rate),HB21 §13(i),2027-01-01,,,cross-validated,0
TX-37-3160,The Dayton,"6000 Ohio Dr, Plano, TX 75093",Plano,Collin,1627494,389,Pecos Housing Finance Corporation,HFC,1,yes,unknown,47324508.0,1088464,estimated (2.3% representative rate),HB21 §13(i),2027-01-01,,,single-source,1
TX-37-4378,Carson at Twin Creeks,"659 Junction Dr, Allen, TX 75013",Allen,Collin,2856059,374,Pecos Housing Finance Corporation,HFC,1,yes,unknown,67847411.0,1560490,estimated (2.3% representative rate),HB21 §13(i),2027-01-01,,,cross-validated,0
TX-37-3179,Adriane,"2000 FM 1378, Wylie, TX 75098",Wylie,Collin,2526594,180,Pecos Housing Finance Corporation,HFC,1,yes,unknown,26575673.0,611240,estimated (2.3% representative rate),HB21 §13(i),2027-01-01,,,cross-validated,0
TX-NEW-COLLIN-1,Oaks of North Dallas Apartments,"5075 Pear Ridge Dr, Dallas, TX 75287",Dallas,Collin,1650804,144,Cameron County Housing Finance Corporation,HFC,1,yes,unknown,14002575.0,322059,estimated (2.3% representative rate),HB21 §13(i),2027-01-01,,,single-source,1
TX-NEW-COLLIN-2,Oaks of North Dallas Apartments,"5055 Pear Ridge Dr, Dallas, TX 75287",Dallas,Collin,1650813,144,Cameron County Housing Finance Corporation,HFC,1,yes,unknown,13788728.0,317141,estimated (2.3% representative rate),HB21 §13(i),2027-01-01,,,single-source,1
TX-NEW-COLLIN-3,The Riley,"3551 Wilshire Way 1, Richardson, TX 75082",Richardson,Collin,2924643,269,Garland Housing Finance Corporation,HFC,1,yes,unknown,62918060.0,1447115,estimated (2.3% representative rate),HB21 §13(i),2027-01-01,,,single-source,2
TX-NEW-COLLIN-4,Twin Creeks Crossing II Apartments,"1301 Bray Central Dr, Allen, TX 75013",Allen,Collin,2735309,330,La Villa Housing Finance Corporation,HFC,1,yes,unknown,57575594.0,1324239,estimated (2.3% representative rate),HB21 §13(i),2027-01-01,,,single-source,1
TX-NEW-COLLIN-5,,"Bray Central Dr, Allen, TX 75013",Allen,Collin,2735311,,La Villa Housing Finance Corporation,HFC,1,yes,unknown,6338.0,146,estimated (2.3% representative rate),HB21 §13(i),2027-01-01,,,single-source,2
TX-NEW-COLLIN-6,,"17817 Coit Rd, Dallas, TX 75252",Dallas,Collin,2040610,,Maverick County Housing Finance Corporation,HFC,1,yes,unknown,70276.0,1616,estimated (2.3% representative rate),HB21 §13(i),2027-01-01,,,single-source,2
TX-NEW-COLLIN-7,,"McCallum Blvd, Dallas, TX 75252",Dallas,Collin,1970815,,Pecos Housing Finance Corporation,HFC,1,yes,unknown,99461.0,2288,estimated (2.3% representative rate),HB21 §13(i),2027-01-01,,,single-source,2
TX-NEW-COLLIN-8,The Junction at 7760,"7760 McCallum Blvd, Dallas, TX 75252",Dallas,Collin,1963419,297,Pecos Housing Finance Corporation,HFC,1,yes,unknown,22642344.0,520774,estimated (2.3% representative rate),HB21 §13(i),2027-01-01,,,single-source,1
TX-NEW-COLLIN-9,Hathaway at Willow Bend,"2525 Preston Rd, Plano, TX 75093",Plano,Collin,1716655,229,Pecos Housing Finance Corporation,HFC,1,yes,unknown,34500000.0,793500,estimated (2.3% representative rate),HB21 §13(e) (capital-event early death) -- already occurred,2026-06-24,,,single-source,3
TX-43-1496,LAS COLINAS HEIGHTS,3701 N OCONNOR RD,Irving,Dallas,32065600000010000,513,Cameron County Housing Finance Corporation,HFC,1,yes,billed_now,87210000.0,1865492,precise (per-account rate),HB21 §13(i),2027-01-01,,"Williamson County v. Cameron County HFC (TRO); Bexar AD suit (27 complexes/$26M); TWHC HB21 constitutional challenge (Cameron Co., 9/9/2025)",single-source,3
TX-43-1599,MONTORO APARTMENTS,3701 W PIONEER DR,Irving,Dallas,32441150000000000,324,Cameron County Housing Finance Corporation,HFC,1,yes,billed_now,48600000.0,1039593,precise (per-account rate),HB21 §13(i),2027-01-01,,"Williamson County v. Cameron County HFC (TRO); Bexar AD suit (27 complexes/$26M); TWHC HB21 constitutional challenge (Cameron Co., 9/9/2025)",single-source,3
TX-37-772,INFINITY ON THE OAKS,9236 CHURCH RD,Dallas,Dallas,00000792887000000,208,Cameron County Housing Finance Corporation,HFC,1,yes,unknown,28500000.0,655500,estimated (2.3% representative rate),HB21 §13(i),2027-01-01,,"Williamson County v. Cameron County HFC (TRO); Bexar AD suit (27 complexes/$26M); TWHC HB21 constitutional challenge (Cameron Co., 9/9/2025)",single-source,3
TX-37-7585,TIDES ON PARK LANE,8780 PARK LN,Dallas,Dallas,00000368152000000,343,Cameron County Housing Finance Corporation,HFC,1,yes,unknown,36325970.0,835497,estimated (2.3% representative rate),HB21 §13(i),2027-01-01,,"Williamson County v. Cameron County HFC (TRO); Bexar AD suit (27 complexes/$26M); TWHC HB21 constitutional challenge (Cameron Co., 9/9/2025)",single-source,3
TX-43-592,LBJ STATION PARKING GARAGE,8997 VANTAGE POINT DR,Dallas,Dallas,008408000C0090000,249,Cameron County Housing Finance Corporation,HFC,1,yes,unknown,40375000.0,928625,estimated (2.3% representative rate),HB21 §13(i),2027-01-01,,"Williamson County v. Cameron County HFC (TRO); Bexar AD suit (27 complexes/$26M); TWHC HB21 constitutional challenge (Cameron Co., 9/9/2025)",single-source,3
TX-43-1510,DEVON ON NORTHGATE,4013 W NORTHGATE DR,Irving,Dallas,321100000A0010000,260,Edcouch Community Housing Finance Corporation,HFC,1,yes,unknown,38883930.0,894330,estimated (2.3% representative rate),HB21 §13(i),2027-01-01,,Bexar AD suit; TWHC coalition,single-source,3
TX-43-3829,INFINITY ON YORKTOWN,660 YORKTOWN ST,Dallas,Dallas,006816000A0010000,226,Edcouch Community Housing Finance Corporation,HFC,1,yes,unknown,38500000.0,885500,estimated (2.3% representative rate),HB21 §13(i),2027-01-01,,Bexar AD suit; TWHC coalition,single-source,3
TX-43-3702,LANDMARK AT LAKE VILLAGE EAST - 60 UNITS,4366 POINT BLVD,Garland,Dallas,26178690010030000,60,Edcouch Community Housing Finance Corporation,HFC,1,yes,unknown,7820160.0,179864,estimated (2.3% representative rate),HB21 §13(i),2027-01-01,,Bexar AD suit; TWHC coalition,single-source,3
TX-37-1314,GREENTREE APTS,1120 MAC ARTHUR DR,Carrollton,Dallas,14065900000010000,237,Garland Housing Finance Corporation,HFC,1,yes,unknown,33439520.0,769109,estimated (2.3% representative rate),HB21 §13(i),2027-01-01,,Collin CAD v. GHFC 05-19-01417-CV (GHFC won pre-HB21; now overridden by §13(i)),single-source,3
TX-37-1116,JEFFERSON AT MONTFORT APT,14332 MONTFORT DR,Dallas,Dallas,008166000B01B0000,336,La Villa Housing Finance Corporation,HFC,1,yes,billed_now,66082800.0,1471472,precise (per-account rate),HB21 §13(i),2027-01-01,,Fort Worth temporary-order effort (13 props/$3.2M); Bexar AD suit; TWHC coalition,single-source,3
TX-37-4241,Ash at the Branch,4646 Amesbury Dr,Dallas,Dallas,005403000B0020000,402,La Villa Housing Finance Corporation,HFC,1,yes,unknown,,,,HB21 §13(i),2027-01-01,,Fort Worth temporary-order effort (13 props/$3.2M); Bexar AD suit; TWHC coalition,cross-validated,2
TX-37-4277,Cedar at the Branch,4606 Amesbury Dr,Dallas,Dallas,005403000B0030000,321,La Villa Housing Finance Corporation,HFC,1,yes,unknown,,,,HB21 §13(i),2027-01-01,,Fort Worth temporary-order effort (13 props/$3.2M); Bexar AD suit; TWHC coalition,cross-validated,2
TX-37-4278,TEAK APTS,4601 AMESBURY DR,Dallas,Dallas,005403000A0010000,316,La Villa Housing Finance Corporation,HFC,1,yes,billed_now,73000000.0,1625498,precise (per-account rate),HB21 §13(i),2027-01-01,,Fort Worth temporary-order effort (13 props/$3.2M); Bexar AD suit; TWHC coalition,cross-validated,2
TX-37-563,CAROUSEL COURT/LOW HOUSING,3800 S TYLER ST,Dallas,Dallas,005984000007A0000,278,La Villa Housing Finance Corporation,HFC,1,yes,unknown,28877680.0,664187,estimated (2.3% representative rate),HB21 §13(i),2027-01-01,,Fort Worth temporary-order effort (13 props/$3.2M); Bexar AD suit; TWHC coalition,single-source,3
TX-37-564,THE BROOKMOORE (59% OCCUPIED),706 FAWN RIDGE DR,Dallas,Dallas,00000474118000000,152,La Villa Housing Finance Corporation,HFC,1,yes,unknown,20927220.0,481326,estimated (2.3% representative rate),HB21 §13(i),2027-01-01,,Fort Worth temporary-order effort (13 props/$3.2M); Bexar AD suit; TWHC coalition,single-source,3
TX-37-567,SPANISH PUEBLO,9727 DALE CREST DR,Dallas,Dallas,00000595780580000,128,La Villa Housing Finance Corporation,HFC,1,yes,unknown,20041330.0,460951,estimated (2.3% representative rate),HB21 §13(i),2027-01-01,,Fort Worth temporary-order effort (13 props/$3.2M); Bexar AD suit; TWHC coalition,single-source,3
TX-37-568,CHASE PLACE,3304 CHAPEL CREEK DR,Dallas,Dallas,00000595729000000,125,La Villa Housing Finance Corporation,HFC,1,yes,unknown,19375000.0,445625,estimated (2.3% representative rate),HB21 §13(i),2027-01-01,,Fort Worth temporary-order effort (13 props/$3.2M); Bexar AD suit; TWHC coalition,single-source,3
TX-37-570,ANDORA,3302 LINDA DR,Dallas,Dallas,00000595753420000,136,La Villa Housing Finance Corporation,HFC,1,yes,unknown,18128980.0,416967,estimated (2.3% representative rate),HB21 §13(i),2027-01-01,,Fort Worth temporary-order effort (13 props/$3.2M); Bexar AD suit; TWHC coalition,single-source,3
TX-43-496,LIVE OAKS AT THE BRANCH,4670 AMESBURY DR,Dallas,Dallas,005403000B0010000,196,La Villa Housing Finance Corporation,HFC,1,yes,billed_now,49500000.0,1102221,precise (per-account rate),HB21 §13(i),2027-01-01,,Fort Worth temporary-order effort (13 props/$3.2M); Bexar AD suit; TWHC coalition,single-source,3
TX-43-498,SPANISH CREEK APTS-TXA19950410,3109 CHAPEL CREEK DR,Dallas,Dallas,00000595754000000,302,La Villa Housing Finance Corporation,HFC,1,yes,unknown,33220000.0,764060,estimated (2.3% representative rate),HB21 §13(i),2027-01-01,,Fort Worth temporary-order effort (13 props/$3.2M); Bexar AD suit; TWHC coalition,single-source,3
TX-43-1340126,JEFFERSON AT MONTFORT II,5711 PRESTON OAKS RD,Dallas,Dallas,008166000F01B0000,326,La Villa Housing Finance Corporation,HFC,1,yes,billed_now,64116050.0,1427678,precise (per-account rate),HB21 §13(i),2027-01-01,,Fort Worth temporary-order effort (13 props/$3.2M); Bexar AD suit; TWHC coalition,single-source,3
TX-43-3448,LA COSTA VILLA,12500 MERIT DR,Dallas,Dallas,007731000A0010000,260,Maverick County Housing Finance Corporation,HFC,1,yes,billed_now,53840380.0,1258831,precise (per-account rate),HB21 §13(i),2027-01-01,,"Missouri City v. Maverick County HFC (Fort Bend 268th, TRO); Fort Worth effort; Bexar AD suit; TWHC coalition",single-source,3
TX-43-3798,GABLES UPTOWN TOWER,3227 MCKINNEY AVE,Dallas,Dallas,000970001207A0000,196,Maverick County Housing Finance Corporation,HFC,1,yes,unknown,42343390.0,973898,estimated (2.3% representative rate),HB21 §13(i),2027-01-01,,"Missouri City v. Maverick County HFC (Fort Bend 268th, TRO); Fort Worth effort; Bexar AD suit; TWHC coalition",single-source,3
TX-43-1614,CASA VALLEY APTS,500 SANTA FE TRL,Irving,Dallas,320558000A0010000,151,Pecos Housing Finance Corporation,HFC,1,yes,unknown,30652500.0,705008,estimated (2.3% representative rate),HB21 §13(i),2027-01-01,,Haltom City v. Pecos HFC (injunction 6/3/2025); Arlington 15-25-00111-CV; Hays Co. (~$230M); Tarrant ARB $974M/28 sites; TWHC HB21 challenge,single-source,3
TX-37-1315615,The Bernard Apartments,11991 Audelia Rd,Dallas,Dallas,00842100060020000,314,Pecos Housing Finance Corporation,HFC,1,yes,unknown,38342570.0,881879,estimated (2.3% representative rate),HB21 §13(i) (1/1/2027 cliff) superseded by §13(e) capital-event early death,2026-04-07,,Haltom City v. Pecos HFC (injunction 6/3/2025); Arlington 15-25-00111-CV; Hays Co. (~$230M); Tarrant ARB $974M/28 sites; TWHC HB21 challenge,cross-validated,3
TX-37-1315617,The Beckham Apartments,12111 Audelia Rd,Dallas,Dallas,00842100060070000,260,Pecos Housing Finance Corporation,HFC,1,yes,unknown,38923350.0,895237,estimated (2.3% representative rate),HB21 §13(i) (1/1/2027 cliff) superseded by §13(e) capital-event early death,2026-04-07,,Haltom City v. Pecos HFC (injunction 6/3/2025); Arlington 15-25-00111-CV; Hays Co. (~$230M); Tarrant ARB $974M/28 sites; TWHC HB21 challenge,cross-validated,3
TX-37-1315618,The Blake Apartments,9669 Forest Ln,Dallas,Dallas,00842100060010000,309,Pecos Housing Finance Corporation,HFC,1,yes,unknown,40177090.0,924073,estimated (2.3% representative rate),HB21 §13(i) (1/1/2027 cliff) superseded by §13(e) capital-event early death,2026-04-07,,Haltom City v. Pecos HFC (injunction 6/3/2025); Arlington 15-25-00111-CV; Hays Co. (~$230M); Tarrant ARB $974M/28 sites; TWHC HB21 challenge,cross-validated,3
TX-37-1315619,The Bentley Apartments,12121 Audelia Rd,Dallas,Dallas,00842100060060200,284,Pecos Housing Finance Corporation,HFC,1,yes,unknown,35269050.0,811188,estimated (2.3% representative rate),HB21 §13(i) (1/1/2027 cliff) superseded by §13(e) capital-event early death,2026-04-07,,Haltom City v. Pecos HFC (injunction 6/3/2025); Arlington 15-25-00111-CV; Hays Co. (~$230M); Tarrant ARB $974M/28 sites; TWHC HB21 challenge,cross-validated,3
TX-37-1315620,The Baxter Apartments,"Audelia Rd area (Block 6/8421, Lot 3)",Dallas,Dallas,00842100060030000,270,Pecos Housing Finance Corporation,HFC,1,yes,unknown,29537650.0,679366,estimated (2.3% representative rate),HB21 §13(i) (1/1/2027 cliff) superseded by §13(e) capital-event early death,2026-04-07,,Haltom City v. Pecos HFC (injunction 6/3/2025); Arlington 15-25-00111-CV; Hays Co. (~$230M); Tarrant ARB $974M/28 sites; TWHC HB21 challenge,cross-validated,3
TX-37-826,CASA BELLA (2019 RENO),2970 PEAVY RD,Dallas,Dallas,00000725357000000,176,Pecos Housing Finance Corporation,HFC,1,yes,unknown,25000000.0,575000,estimated (2.3% representative rate),HB21 §13(i),2027-01-01,,Haltom City v. Pecos HFC (injunction 6/3/2025); Arlington 15-25-00111-CV; Hays Co. (~$230M); Tarrant ARB $974M/28 sites; TWHC HB21 challenge,single-source,3
TX-43-712,HOLBROOK,9860 SCYENE RD,Dallas,Dallas,00675500020020000,232,Pecos Housing Finance Corporation,HFC,1,yes,unknown,26295160.0,604789,estimated (2.3% representative rate),HB21 §13(i),2027-01-01,,Haltom City v. Pecos HFC (injunction 6/3/2025); Arlington 15-25-00111-CV; Hays Co. (~$230M); Tarrant ARB $974M/28 sites; TWHC HB21 challenge,single-source,3
TX-37-1089,THE EMERSON,9900 ADLETA BLVD,Dallas,Dallas,0080690B0001A0000,486,Pecos Housing Finance Corporation,HFC,1,yes,billed_now,56303680.0,1316425,precise (per-account rate),HB21 §13(i),2027-01-01,,Haltom City v. Pecos HFC (injunction 6/3/2025); Arlington 15-25-00111-CV; Hays Co. (~$230M); Tarrant ARB $974M/28 sites; TWHC HB21 challenge,single-source,3
TX-37-1415,REPUBLIC WEST APARTMENTS,241 E IH 30,Garland,Dallas,26178370010010000,410,Pecos Housing Finance Corporation,HFC,1,yes,billed_now,50090050.0,1199516,precise (per-account rate),HB21 §13(i),2027-01-01,,Haltom City v. Pecos HFC (injunction 6/3/2025); Arlington 15-25-00111-CV; Hays Co. (~$230M); Tarrant ARB $974M/28 sites; TWHC HB21 challenge,single-source,3
TX-37-3376,DEDICATED CONSERVATION EASEMET/ESCARPMENT,7455 W CAMP WISDOM RD,Dallas,Dallas,00000818285800000,196,Pecos Housing Finance Corporation,HFC,1,yes,unknown,37129080.0,853969,estimated (2.3% representative rate),HB21 §13(i),2027-01-01,,Haltom City v. Pecos HFC (injunction 6/3/2025); Arlington 15-25-00111-CV; Hays Co. (~$230M); Tarrant ARB $974M/28 sites; TWHC HB21 challenge,single-source,4
TX-43-1005,INNOVA,2781 N CARROLL AVE,Dallas,Dallas,002006001801D0000,430,Pecos Housing Finance Corporation,HFC,1,yes,billed_now,113950000.0,2537336,precise (per-account rate),HB21 §13(i),2027-01-01,,Haltom City v. Pecos HFC (injunction 6/3/2025); Arlington 15-25-00111-CV; Hays Co. (~$230M); Tarrant ARB $974M/28 sites; TWHC HB21 challenge,single-source,3
TX-43-1523,AVALON 8801,8801 RODEO DR,Irving,Dallas,325597700A0010000,212,Pecos Housing Finance Corporation,HFC,1,yes,unknown,47000000.0,1081000,estimated (2.3% representative rate),HB21 §13(i),2027-01-01,,Haltom City v. Pecos HFC (injunction 6/3/2025); Arlington 15-25-00111-CV; Hays Co. (~$230M); Tarrant ARB $974M/28 sites; TWHC HB21 challenge,single-source,3
TX-37-1473208,Knowlton Apartment Homes,5925 / 5800 Frontier Blvd / Northwest Dr,Mesquite,Dallas,382165600001D0000,412,Pecos Housing Finance Corporation,HFC,1,yes,unknown,46500000.0,1069500,estimated (2.3% representative rate),HB21 §13(i) (1/1/2027 cliff) superseded by §13(e) capital-event early death,2026-06-03,,Haltom City v. Pecos HFC (injunction 6/3/2025); Arlington 15-25-00111-CV; Hays Co. (~$230M); Tarrant ARB $974M/28 sites; TWHC HB21 challenge,cross-validated,4
TX-43-1065,KENDRICK,7324 SKILLMAN ST,Dallas,Dallas,008125000501D0000,405,Pecos Housing Finance Corporation,HFC,1,yes,billed_now,68850000.0,1609768,precise (per-account rate),HB21 §13(i),2027-01-01,,Haltom City v. Pecos HFC (injunction 6/3/2025); Arlington 15-25-00111-CV; Hays Co. (~$230M); Tarrant ARB $974M/28 sites; TWHC HB21 challenge,single-source,3
TX-37-939198,ESTERA LEASING OFFICE,11321 WOODMEADOW PKWY,Dallas,Dallas,00000815847130000,100,Pecos Housing Finance Corporation,HFC,1,yes,unknown,18720440.0,430570,estimated (2.3% representative rate),HB21 §13(i),2027-01-01,,Haltom City v. Pecos HFC (injunction 6/3/2025); Arlington 15-25-00111-CV; Hays Co. (~$230M); Tarrant ARB $974M/28 sites; TWHC HB21 challenge,single-source,4
TX-37-4271,THE MARION,9750 FOREST LN,Dallas,Dallas,00000791059100000,326,Pecos Housing Finance Corporation,HFC,1,yes,unknown,29446970.0,677280,estimated (2.3% representative rate),HB21 §13(i),2027-01-01,,Haltom City v. Pecos HFC (injunction 6/3/2025); Arlington 15-25-00111-CV; Hays Co. (~$230M); Tarrant ARB $974M/28 sites; TWHC HB21 challenge,single-source,3
TX-37-1294,BRIARCREST APTS,1330 MAC ARTHUR DR,Carrollton,Dallas,14006580000000000,238,Pecos Housing Finance Corporation,HFC,1,yes,billed_now,47450990.0,958358,precise (per-account rate),HB21 §13(i),2027-01-01,,Haltom City v. Pecos HFC (injunction 6/3/2025); Arlington 15-25-00111-CV; Hays Co. (~$230M); Tarrant ARB $974M/28 sites; TWHC HB21 challenge,single-source,3
TX-37-3624,GREENS OF HICKORY TRAIL,8609 OLD HICKORY TRL,Dallas,Dallas,007553000A0080000,250,Pecos Housing Finance Corporation,HFC,1,yes,unknown,35000000.0,805000,estimated (2.3% representative rate),HB21 §13(i),2027-01-01,,Haltom City v. Pecos HFC (injunction 6/3/2025); Arlington 15-25-00111-CV; Hays Co. (~$230M); Tarrant ARB $974M/28 sites; TWHC HB21 challenge,single-source,3
TX-37-1155,THE CHARLIE,13015 AUDELIA RD,Dallas,Dallas,0086780A000020000,314,Pecos Housing Finance Corporation,HFC,1,yes,unknown,24500000.0,563500,estimated (2.3% representative rate),HB21 §13(i),2027-01-01,,Haltom City v. Pecos HFC (injunction 6/3/2025); Arlington 15-25-00111-CV; Hays Co. (~$230M); Tarrant ARB $974M/28 sites; TWHC HB21 challenge,cross-validated,2
TX-37-1173,VILLAGE ON THE GREEN,5301 ALPHA RD,Dallas,Dallas,00C79640000000100,202,Pecos Housing Finance Corporation,HFC,1,yes,unknown,39200000.0,901600,estimated (2.3% representative rate),HB21 §13(i),2027-01-01,,Haltom City v. Pecos HFC (injunction 6/3/2025); Arlington 15-25-00111-CV; Hays Co. (~$230M); Tarrant ARB $974M/28 sites; TWHC HB21 challenge,single-source,3
TX-37-696,Melville Apartments,11160 & 11201 E LAKE HIGHLANDS DR,Dallas,Dallas,00000737176000000,356,Pecos Housing Finance Corporation,HFC,1,yes,unknown,40000000.0,920000,estimated (2.3% representative rate),HB21 §13(i),2027-01-01,,Haltom City v. Pecos HFC (injunction 6/3/2025); Arlington 15-25-00111-CV; Hays Co. (~$230M); Tarrant ARB $974M/28 sites; TWHC HB21 challenge,cross-validated,3
TX-37-803,WESTWOOD APTS,3315 W PENTAGON PKWY,Dallas,Dallas,00000660352500000,187,Pecos Housing Finance Corporation,HFC,1,yes,unknown,25071420.0,576643,estimated (2.3% representative rate),HB21 §13(i),2027-01-01,,Haltom City v. Pecos HFC (injunction 6/3/2025); Arlington 15-25-00111-CV; Hays Co. (~$230M); Tarrant ARB $974M/28 sites; TWHC HB21 challenge,single-source,3
TX-37-1111,PRESTON GREENS,5990 ARAPAHO RD,Dallas,Dallas,00000799898000000,257,Pecos Housing Finance Corporation,HFC,1,yes,unknown,47204360.0,1085700,estimated (2.3% representative rate),HB21 §13(i),2027-01-01,,Haltom City v. Pecos HFC (injunction 6/3/2025); Arlington 15-25-00111-CV; Hays Co. (~$230M); Tarrant ARB $974M/28 sites; TWHC HB21 challenge,single-source,3
TX-37-1320,THE HOLDEN,2500 GUERRERO DR,Carrollton,Dallas,14107320000010000,320,Pecos Housing Finance Corporation,HFC,1,yes,unknown,44400000.0,1021200,estimated (2.3% representative rate),HB21 §13(i),2027-01-01,,Haltom City v. Pecos HFC (injunction 6/3/2025); Arlington 15-25-00111-CV; Hays Co. (~$230M); Tarrant ARB $974M/28 sites; TWHC HB21 challenge,cross-validated,3
TX-37-1438,THE HUXLEY,1802 APOLLO RD,Garland,Dallas,26578520010010000,236,Pecos Housing Finance Corporation,HFC,1,yes,unknown,30000000.0,690000,estimated (2.3% representative rate),HB21 §13(i),2027-01-01,,Haltom City v. Pecos HFC (injunction 6/3/2025); Arlington 15-25-00111-CV; Hays Co. (~$230M); Tarrant ARB $974M/28 sites; TWHC HB21 challenge,single-source,3
TX-43-1495,RANCHO MIRAGE,1200 HIDDEN RIDGE DR,Irving,Dallas,32023410000020000,310,Pecos Housing Finance Corporation,HFC,1,yes,billed_now,65086730.0,1348128,precise (per-account rate),HB21 §13(i),2027-01-01,,Haltom City v. Pecos HFC (injunction 6/3/2025); Arlington 15-25-00111-CV; Hays Co. (~$230M); Tarrant ARB $974M/28 sites; TWHC HB21 challenge,single-source,3
TX-43-1702,THE RALEIGH,2305 DRIFTWOOD DR,Mesquite,Dallas,382160000A03A0000,264,Pecos Housing Finance Corporation,HFC,1,yes,unknown,40680000.0,935640,estimated (2.3% representative rate),HB21 §13(i),2027-01-01,,Haltom City v. Pecos HFC (injunction 6/3/2025); Arlington 15-25-00111-CV; Hays Co. (~$230M); Tarrant ARB $974M/28 sites; TWHC HB21 challenge,single-source,3
TX-37-680,HOLBROOK,9760 SCYENE RD,Dallas,Dallas,00675500020010000,232,Pecos Housing Finance Corporation,HFC,1,yes,unknown,26295380.0,604794,estimated (2.3% representative rate),HB21 §13(i),2027-01-01,,Haltom City v. Pecos HFC (injunction 6/3/2025); Arlington 15-25-00111-CV; Hays Co. (~$230M); Tarrant ARB $974M/28 sites; TWHC HB21 challenge,single-source,3
TX-43-613,TIDES OF LAWLER EAST,13030 AUDELIA RD,Dallas,Dallas,008432000C0010000,220,Pecos Housing Finance Corporation,HFC,1,yes,unknown,27000000.0,621000,estimated (2.3% representative rate),HB21 §13(i),2027-01-01,,Haltom City v. Pecos HFC (injunction 6/3/2025); Arlington 15-25-00111-CV; Hays Co. (~$230M); Tarrant ARB $974M/28 sites; TWHC HB21 challenge,single-source,4
TX-43-1625,WYTHE APTS (2018 RENO),1814 ESTRADA PKWY,Irving,Dallas,325355400A0010000,248,Pecos Housing Finance Corporation,HFC,1,yes,unknown,29850000.0,686550,estimated (2.3% representative rate),HB21 §13(i),2027-01-01,,Haltom City v. Pecos HFC (injunction 6/3/2025); Arlington 15-25-00111-CV; Hays Co. (~$230M); Tarrant ARB $974M/28 sites; TWHC HB21 challenge,single-source,3
TX-37-1153309,,,Rowlett,Dallas,,,Pecos Housing Finance Corporation,HFC,1,yes,unknown,,,,HB21 §13(i),2027-01-01,,Haltom City v. Pecos HFC (injunction 6/3/2025); Arlington 15-25-00111-CV; Hays Co. (~$230M); Tarrant ARB $974M/28 sites; TWHC HB21 challenge,seed,1
TX-43-1153801,JEFFERSON VINE,1225 IH 20,Grand Prairie,Dallas,28103730010020000,380,Pecos Housing Finance Corporation,HFC,1,yes,billed_now,76000000.0,1715138,precise (per-account rate),HB21 §13(i),2027-01-01,,Haltom City v. Pecos HFC (injunction 6/3/2025); Arlington 15-25-00111-CV; Hays Co. (~$230M); Tarrant ARB $974M/28 sites; TWHC HB21 challenge,single-source,3
TX-43-1479,JEFFERSON PROMENADE II,515 PROMENADE PKWY,Irving,Dallas,322422200A0020000,433,Pecos Housing Finance Corporation,HFC,1,yes,billed_now,101520700.0,2882254,precise (per-account rate),HB21 §13(i),2027-01-01,,Haltom City v. Pecos HFC (injunction 6/3/2025); Arlington 15-25-00111-CV; Hays Co. (~$230M); Tarrant ARB $974M/28 sites; TWHC HB21 challenge,single-source,3
TX-43-1324461,MARIPOSA VILLA APTS HOMES,1531 DUNCANVILLE RD,Dallas,Dallas,00767100130010000,216,Pecos Housing Finance Corporation,HFC,1,yes,unknown,39000000.0,897000,estimated (2.3% representative rate),HB21 §13(i),2027-01-01,,Haltom City v. Pecos HFC (injunction 6/3/2025); Arlington 15-25-00111-CV; Hays Co. (~$230M); Tarrant ARB $974M/28 sites; TWHC HB21 challenge,single-source,3
TX-37-1092,THE ABBOTT,4599 W DAVIS ST,Dallas,Dallas,007209000A0040000,332,Pecos Housing Finance Corporation,HFC,1,yes,billed_now,53500000.0,1191290,precise (per-account rate),HB21 §13(i),2027-01-01,,Haltom City v. Pecos HFC (injunction 6/3/2025); Arlington 15-25-00111-CV; Hays Co. (~$230M); Tarrant ARB $974M/28 sites; TWHC HB21 challenge,single-source,3
TX-37-1094,THE EVERLY,9350 SKILLMAN ST,Dallas,Dallas,0080700A000010100,420,Pecos Housing Finance Corporation,HFC,1,yes,billed_now,51234870.0,1197912,precise (per-account rate),HB21 §13(i),2027-01-01,,Haltom City v. Pecos HFC (injunction 6/3/2025); Arlington 15-25-00111-CV; Hays Co. (~$230M); Tarrant ARB $974M/28 sites; TWHC HB21 challenge,single-source,3
TX-37-4261,BARRETT APARTMENT HOMES,238 E OATES RD,Garland,Dallas,26381700010010000,200,Pecos Housing Finance Corporation,HFC,1,yes,unknown,28500000.0,655500,estimated (2.3% representative rate),HB21 §13(i),2027-01-01,,Haltom City v. Pecos HFC (injunction 6/3/2025); Arlington 15-25-00111-CV; Hays Co. (~$230M); Tarrant ARB $974M/28 sites; TWHC HB21 challenge,single-source,3
TX-43-1043,ARBORSTONE II   CORAL CREEK APTS,6500 S COCKRELL HILL RD,Dallas,Dallas,006938000A01A0000,536,Pecos Housing Finance Corporation,HFC,1,yes,billed_now,75000000.0,1670032,precise (per-account rate),HB21 §13(i),2027-01-01,,Haltom City v. Pecos HFC (injunction 6/3/2025); Arlington 15-25-00111-CV; Hays Co. (~$230M); Tarrant ARB $974M/28 sites; TWHC HB21 challenge,single-source,3
TX-43-1071,KADE,3301 HUDNALL ST,Dallas,Dallas,005703004A0010000,348,Pecos Housing Finance Corporation,HFC,1,yes,billed_now,64000000.0,1425094,precise (per-account rate),HB21 §13(i),2027-01-01,,Haltom City v. Pecos HFC (injunction 6/3/2025); Arlington 15-25-00111-CV; Hays Co. (~$230M); Tarrant ARB $974M/28 sites; TWHC HB21 challenge,single-source,3
TX-43-3479,THE ABIGAIL,821 S POLK ST,Desoto,Dallas,200547500A0020000,198,Pecos Housing Finance Corporation,HFC,1,yes,unknown,38000000.0,874000,estimated (2.3% representative rate),HB21 §13(i),2027-01-01,,Haltom City v. Pecos HFC (injunction 6/3/2025); Arlington 15-25-00111-CV; Hays Co. (~$230M); Tarrant ARB $974M/28 sites; TWHC HB21 challenge,single-source,3
TX-37-1112,THE EVERLY,9340 SKILLMAN ST,Dallas,Dallas,0080700A000010000,354,Pecos Housing Finance Corporation,HFC,1,yes,unknown,43439470.0,999108,estimated (2.3% representative rate),HB21 §13(i),2027-01-01,,Haltom City v. Pecos HFC (injunction 6/3/2025); Arlington 15-25-00111-CV; Hays Co. (~$230M); Tarrant ARB $974M/28 sites; TWHC HB21 challenge,single-source,3
TX-37-881,,,Dallas,Dallas,,,Pleasanton Housing Finance Corporation,HFC,1,yes,unknown,,,,HB21 §13(i),2027-01-01,,15-25-00110/-00111-CV (appeals abandoned; TIs stand); Hays Co. 25-1185-DCB TRO; AG RQ-0566-KP pending,seed,1
TX-43-1225449,SPRINGS AT GRAND PRAIRIE,2136 SARA JANE PKY,Grand Prairie,Dallas,220334900A0010000,276,Pleasanton Housing Finance Corporation,HFC,1,yes,billed_now,54898400.0,1238925,precise (per-account rate),HB21 §13(i),2027-01-01,,15-25-00110/-00111-CV (appeals abandoned; TIs stand); Hays Co. 25-1185-DCB TRO; AG RQ-0566-KP pending,single-source,3
TX-37-1385,EQUINOX ON THE PARK,6200 N SHILOH RD,Garland,Dallas,26174700010010000,338,Pleasanton Housing Finance Corporation,HFC,1,yes,billed_now,64000000.0,1532621,precise (per-account rate),HB21 §13(i),2027-01-01,,15-25-00110/-00111-CV (appeals abandoned; TIs stand); Hays Co. 25-1185-DCB TRO; AG RQ-0566-KP pending,single-source,3
TX-43-1468,BELMONT,1920 W TARRANT RD,Grand Prairie,Dallas,282175200A0010000,260,Pleasanton Housing Finance Corporation,HFC,1,yes,unknown,44720000.0,1028560,estimated (2.3% representative rate),HB21 §13(i),2027-01-01,,15-25-00110/-00111-CV (appeals abandoned; TIs stand); Hays Co. 25-1185-DCB TRO; AG RQ-0566-KP pending,single-source,3
TX-37-750,RIVIERIA,11700 AUDELIA RD,Dallas,Dallas,00000787230000000,247,Pleasanton Housing Finance Corporation,HFC,1,yes,unknown,20750000.0,477250,estimated (2.3% representative rate),HB21 §13(i),2027-01-01,,15-25-00110/-00111-CV (appeals abandoned; TIs stand); Hays Co. 25-1185-DCB TRO; AG RQ-0566-KP pending,single-source,3
TX-37-1104,MARQUIS AT PARK CENTRAL,7900 CHURCHILL WAY,Dallas,Dallas,007731000A0020000,308,Pleasanton Housing Finance Corporation,HFC,1,yes,billed_now,76010140.0,1777178,precise (per-account rate),HB21 §13(i),2027-01-01,,15-25-00110/-00111-CV (appeals abandoned; TIs stand); Hays Co. 25-1185-DCB TRO; AG RQ-0566-KP pending,single-source,3
TX-37-1153,WINDHDAM CREST,9600 LBJ FWY,Dallas,Dallas,008097000A01B0000,196,Pleasanton Housing Finance Corporation,HFC,1,yes,unknown,25082420.0,576896,estimated (2.3% representative rate),HB21 §13(i),2027-01-01,,15-25-00110/-00111-CV (appeals abandoned; TIs stand); Hays Co. 25-1185-DCB TRO; AG RQ-0566-KP pending,single-source,3
TX-43-3712,FOREST HILLS APTS,9659 FOREST LN,Dallas,Dallas,008421000702A0000,216,Pleasanton Housing Finance Corporation,HFC,1,yes,unknown,21500000.0,494500,estimated (2.3% representative rate),HB21 §13(i),2027-01-01,,15-25-00110/-00111-CV (appeals abandoned; TIs stand); Hays Co. 25-1185-DCB TRO; AG RQ-0566-KP pending,single-source,3
TX-37-1358481,PRESIDIUM VALLEY VIEW,4040 VALLEY VIEW LN,Farmers Branch,Dallas,241475800A0010000,338,Pleasanton Housing Finance Corporation,HFC,1,yes,unknown,43500000.0,1000500,estimated (2.3% representative rate),HB21 §13(i),2027-01-01,,15-25-00110/-00111-CV (appeals abandoned; TIs stand); Hays Co. 25-1185-DCB TRO; AG RQ-0566-KP pending,single-source,3
TX-43-518,BELLA VIDA,7651 C F HAWN FWY,Dallas,Dallas,00000557891000000,256,Texas Essential Housing Public Facility Corporation,PFC,2,yes,unknown,26400000.0,,,HB2071 grandfather (Ch.303 PFC -- HB21's 1/1/2027 cliff is HFC-only and does not reach PFCs),,,TEHPFC v. Williamson CAD 24-0022-C395 & 24-1698-C395; AG KP-0437; SB 2434 (dissolution) died 88R,single-source,3
TX-43-554,HIGHLAND ROAD VILLAGE,4355 WYOMING ST,Dallas,Dallas,00000660886500000,172,Texas Essential Housing Public Facility Corporation,PFC,2,yes,unknown,21451950.0,,,HB2071 grandfather (Ch.303 PFC -- HB21's 1/1/2027 cliff is HFC-only and does not reach PFCs),,,TEHPFC v. Williamson CAD 24-0022-C395 & 24-1698-C395; AG KP-0437; SB 2434 (dissolution) died 88R,single-source,3
TX-43-616,WESTERN PARK,2704 S COCKRELL HILL RD,Dallas,Dallas,00000660886000000,160,Texas Essential Housing Public Facility Corporation,PFC,2,yes,unknown,19121620.0,,,HB2071 grandfather (Ch.303 PFC -- HB21's 1/1/2027 cliff is HFC-only and does not reach PFCs),,,TEHPFC v. Williamson CAD 24-0022-C395 & 24-1698-C395; AG KP-0437; SB 2434 (dissolution) died 88R,single-source,3
TX-43-1018,THE MUSE,3035 W PENTAGON PKWY,Dallas,Dallas,00000513763000000,804,Texas Essential Housing Public Facility Corporation,PFC,2,yes,unknown,78801260.0,,,HB2071 grandfather (Ch.303 PFC -- HB21's 1/1/2027 cliff is HFC-only and does not reach PFCs),,,TEHPFC v. Williamson CAD 24-0022-C395 & 24-1698-C395; AG KP-0437; SB 2434 (dissolution) died 88R,single-source,4
TX-NEW-DALLAS-1,ESTRELLA  AT KIEST (ALL BILLS),4542 W KIEST BLVD,Dallas,Dallas,00000657048000100,232,Cameron County Housing Finance Corporation,HFC,1,yes,unknown,20533930.0,472280,estimated (2.3% representative rate),HB21 §13(i),2027-01-01,,"Williamson County v. Cameron County HFC (TRO); Bexar AD suit (27 complexes/$26M); TWHC HB21 constitutional challenge (Cameron Co., 9/9/2025)",single-source,3
TX-NEW-DALLAS-2,SPHINX AT FIJI LOFTS,229 AVE A,Dallas,Dallas,00000335533000000,32,Cameron County Housing Finance Corporation,HFC,1,yes,unknown,6755030.0,155366,estimated (2.3% representative rate),HB21 §13(i),2027-01-01,,"Williamson County v. Cameron County HFC (TRO); Bexar AD suit (27 complexes/$26M); TWHC HB21 constitutional challenge (Cameron Co., 9/9/2025)",single-source,3
TX-NEW-DALLAS-3,SPHINX AT FIJI LOFTS,215 S CORINTH ST RD,Dallas,Dallas,00000335536000000,32,Cameron County Housing Finance Corporation,HFC,1,yes,unknown,6741050.0,155044,estimated (2.3% representative rate),HB21 §13(i),2027-01-01,,"Williamson County v. Cameron County HFC (TRO); Bexar AD suit (27 complexes/$26M); TWHC HB21 constitutional challenge (Cameron Co., 9/9/2025)",single-source,3
TX-NEW-DALLAS-4,SPHINX AT FIJI LOFTS,331 AVE A,Dallas,Dallas,00000335560000000,30,Cameron County Housing Finance Corporation,HFC,1,yes,unknown,6736940.0,154950,estimated (2.3% representative rate),HB21 §13(i),2027-01-01,,"Williamson County v. Cameron County HFC (TRO); Bexar AD suit (27 complexes/$26M); TWHC HB21 constitutional challenge (Cameron Co., 9/9/2025)",single-source,3
TX-NEW-DALLAS-5,SPHINX AT FIJI LOFTS,1581 AVE B,Dallas,Dallas,00000335548000000,30,Cameron County Housing Finance Corporation,HFC,1,yes,unknown,6726590.0,154712,estimated (2.3% representative rate),HB21 §13(i),2027-01-01,,"Williamson County v. Cameron County HFC (TRO); Bexar AD suit (27 complexes/$26M); TWHC HB21 constitutional challenge (Cameron Co., 9/9/2025)",single-source,3
TX-NEW-DALLAS-6,LAKE JUNE VILLAGE,1220 N MASTERS DR,Dallas,Dallas,00000624321000000,100,Cameron County Housing Finance Corporation,HFC,1,yes,unknown,3585000.0,82455,estimated (2.3% representative rate),HB21 §13(i),2027-01-01,,"Williamson County v. Cameron County HFC (TRO); Bexar AD suit (27 complexes/$26M); TWHC HB21 constitutional challenge (Cameron Co., 9/9/2025)",single-source,3
TX-NEW-DALLAS-7,SPHINX AT FUJI LOFTS,303 AVE A,Dallas,Dallas,00000335581000000,312,Cameron County Housing Finance Corporation,HFC,1,yes,unknown,3388990.0,77947,estimated (2.3% representative rate),HB21 §13(i),2027-01-01,,"Williamson County v. Cameron County HFC (TRO); Bexar AD suit (27 complexes/$26M); TWHC HB21 constitutional challenge (Cameron Co., 9/9/2025)",single-source,3
TX-NEW-DALLAS-8,SPHINX AT FIJI LOFTS,201 S CORINTH ST RD,Dallas,Dallas,00000335539000000,16,Cameron County Housing Finance Corporation,HFC,1,yes,unknown,3385300.0,77862,estimated (2.3% representative rate),HB21 §13(i),2027-01-01,,"Williamson County v. Cameron County HFC (TRO); Bexar AD suit (27 complexes/$26M); TWHC HB21 constitutional challenge (Cameron Co., 9/9/2025)",single-source,3
TX-NEW-DALLAS-9,SPHINX AT FIJI LOFTS,307 AVE A,Dallas,Dallas,00000335578000000,16,Cameron County Housing Finance Corporation,HFC,1,yes,unknown,3378330.0,77702,estimated (2.3% representative rate),HB21 §13(i),2027-01-01,,"Williamson County v. Cameron County HFC (TRO); Bexar AD suit (27 complexes/$26M); TWHC HB21 constitutional challenge (Cameron Co., 9/9/2025)",single-source,3
TX-NEW-DALLAS-10,SPHINX AT FIJI LOFTS,327 AVE A,Dallas,Dallas,00000335563000000,16,Cameron County Housing Finance Corporation,HFC,1,yes,unknown,3372160.0,77560,estimated (2.3% representative rate),HB21 §13(i),2027-01-01,,"Williamson County v. Cameron County HFC (TRO); Bexar AD suit (27 complexes/$26M); TWHC HB21 constitutional challenge (Cameron Co., 9/9/2025)",single-source,3
TX-NEW-DALLAS-11,SPHINX AT FIJI LOFTS,323 AVE A,Dallas,Dallas,00000335566000000,16,Cameron County Housing Finance Corporation,HFC,1,yes,unknown,3371880.0,77553,estimated (2.3% representative rate),HB21 §13(i),2027-01-01,,"Williamson County v. Cameron County HFC (TRO); Bexar AD suit (27 complexes/$26M); TWHC HB21 constitutional challenge (Cameron Co., 9/9/2025)",single-source,3
TX-NEW-DALLAS-12,AVA WEST I,9750 ROYAL LN,Dallas,Dallas,00000791118050000,272,Edcouch Community Housing Finance Corporation,HFC,1,yes,unknown,25000000.0,575000,estimated (2.3% representative rate),HB21 §13(i),2027-01-01,,Bexar AD suit; TWHC coalition,single-source,3
TX-NEW-DALLAS-13,AVA NORTH,8401 SKILLMAN ST,Dallas,Dallas,00000791118080000,248,Edcouch Community Housing Finance Corporation,HFC,1,yes,unknown,22000000.0,506000,estimated (2.3% representative rate),HB21 §13(i),2027-01-01,,Bexar AD suit; TWHC coalition,single-source,3
TX-NEW-DALLAS-14,AVA WEST II,8201 FAIR OAKS CROSSING,Dallas,Dallas,00000791118060000,200,Edcouch Community Housing Finance Corporation,HFC,1,yes,unknown,20000000.0,460000,estimated (2.3% representative rate),HB21 §13(i),2027-01-01,,Bexar AD suit; TWHC coalition,single-source,3
TX-NEW-DALLAS-15,AVA APARTMENTS,8303 SKILLMAN ST,Dallas,Dallas,008107000C0010000,160,Edcouch Community Housing Finance Corporation,HFC,1,yes,unknown,18000000.0,414000,estimated (2.3% representative rate),HB21 §13(i),2027-01-01,,Bexar AD suit; TWHC coalition,single-source,3
TX-NEW-DALLAS-16,LANDMARK AT LAKE VILLAGE EAST - 57 UNITS,1325 E IH 30,Garland,Dallas,26595600010010000,57,Edcouch Community Housing Finance Corporation,HFC,1,yes,unknown,7302600.0,167960,estimated (2.3% representative rate),HB21 §13(i),2027-01-01,,Bexar AD suit; TWHC coalition,single-source,3
TX-NEW-DALLAS-17,LANDMARK AT LAKE VILLAGE EAST - 54 UNITS,4350 POINT BLVD,Garland,Dallas,26178690010030100,54,Edcouch Community Housing Finance Corporation,HFC,1,yes,unknown,6604800.0,151910,estimated (2.3% representative rate),HB21 §13(i),2027-01-01,,Bexar AD suit; TWHC coalition,single-source,3
TX-NEW-DALLAS-18,LANDMARK AT LAKE VILLAGE EAST - 28 UNITS,5513 LAKE HUBBARD PKWY,Garland,Dallas,26178580030010100,28,Edcouch Community Housing Finance Corporation,HFC,1,yes,unknown,3776670.0,86863,estimated (2.3% representative rate),HB21 §13(i),2027-01-01,,Bexar AD suit; TWHC coalition,single-source,3
TX-NEW-DALLAS-19,LANDMARK AT LAKE VILLAGE EAST - 28 UNITS,6125 MARVIN LOVING DR,Garland,Dallas,26178650020010000,28,Edcouch Community Housing Finance Corporation,HFC,1,yes,unknown,3744420.0,86122,estimated (2.3% representative rate),HB21 §13(i),2027-01-01,,Bexar AD suit; TWHC coalition,single-source,3
TX-NEW-DALLAS-20,LANDMARK AT LAKE VILLAGE EAST - 28 UNITS,5829 MARVIN LOVING DR,Garland,Dallas,26178710030030200,28,Edcouch Community Housing Finance Corporation,HFC,1,yes,unknown,3744420.0,86122,estimated (2.3% representative rate),HB21 §13(i),2027-01-01,,Bexar AD suit; TWHC coalition,single-source,3
TX-NEW-DALLAS-21,TIDES AT LAKE VILLAGE - 32 UNITS,4266 BASS PRO DR,Garland,Dallas,26178300010030800,32,Edcouch Community Housing Finance Corporation,HFC,1,yes,unknown,3693300.0,84946,estimated (2.3% representative rate),HB21 §13(i),2027-01-01,,Bexar AD suit; TWHC coalition,single-source,3
TX-NEW-DALLAS-22,LANDMARK AT LAKE VILLAGE EAST - 20 UNITS,6133 MARVIN LOVING DR,Garland,Dallas,26178650010010100,20,Edcouch Community Housing Finance Corporation,HFC,1,yes,unknown,2577220.0,59276,estimated (2.3% representative rate),HB21 §13(i),2027-01-01,,Bexar AD suit; TWHC coalition,single-source,3
TX-NEW-DALLAS-23,LANDMARK AT LAKE VILLAGE EAST - 14 UNITS,6034 MARVIN LOVING DR,Garland,Dallas,26178630020020200,14,Edcouch Community Housing Finance Corporation,HFC,1,yes,unknown,1841150.0,42346,estimated (2.3% representative rate),HB21 §13(i),2027-01-01,,Bexar AD suit; TWHC coalition,single-source,3
TX-NEW-DALLAS-24,DEVON ON NORTHGATE PH 2,3800 ESTERS RD,Irving,Dallas,321100000A0010100,188,Edcouch Community Housing Finance Corporation,HFC,1,yes,unknown,28116070.0,646670,estimated (2.3% representative rate),HB21 §13(i),2027-01-01,,Bexar AD suit; TWHC coalition,single-source,3
TX-NEW-DALLAS-25,THE LOFT APARTMENT OF ADDISON,4800 KELLER SPRINGS RD,Addison,Dallas,104500000A0010000,353,Garland Housing Finance Corporation,HFC,1,yes,billed_now,75044080.0,1602949,precise (per-account rate),HB21 §13(i),2027-01-01,,Collin CAD v. GHFC 05-19-01417-CV (GHFC won pre-HB21; now overridden by §13(i)),single-source,3
TX-NEW-DALLAS-26,GREENTREE APARTMENTS PHASE II,1115 MAC ARTHUR DR,Carrollton,Dallas,14041070000010000,128,Garland Housing Finance Corporation,HFC,1,yes,unknown,18060480.0,415391,estimated (2.3% representative rate),HB21 §13(i),2027-01-01,,Collin CAD v. GHFC 05-19-01417-CV (GHFC won pre-HB21; now overridden by §13(i)),single-source,3
TX-NEW-DALLAS-27,COURTNEY PLACE (ECU),3211 CHAPEL CREEK DR,Dallas,Dallas,00000595741000000,115,La Villa Housing Finance Corporation,HFC,1,yes,unknown,17136470.0,394139,estimated (2.3% representative rate),HB21 §13(i),2027-01-01,,Fort Worth temporary-order effort (13 props/$3.2M); Bexar AD suit; TWHC coalition,single-source,3
TX-NEW-DALLAS-28,COURTNEY PLACE (ECU),3232 CHAPEL CREEK DR,Dallas,Dallas,00000595735000000,106,La Villa Housing Finance Corporation,HFC,1,yes,unknown,17063360.0,392457,estimated (2.3% representative rate),HB21 §13(i),2027-01-01,,Fort Worth temporary-order effort (13 props/$3.2M); Bexar AD suit; TWHC coalition,single-source,3
TX-NEW-DALLAS-29,SPANISH PUEBLO APARTMENTS,9701 DALE CREST DR,Dallas,Dallas,00000595781000000,96,La Villa Housing Finance Corporation,HFC,1,yes,unknown,15070980.0,346633,estimated (2.3% representative rate),HB21 §13(i),2027-01-01,,Fort Worth temporary-order effort (13 props/$3.2M); Bexar AD suit; TWHC coalition,single-source,3
TX-NEW-DALLAS-30,CHASE PLACE,9825 WEBBS CHAPEL RD,Dallas,Dallas,00000595738000000,81,La Villa Housing Finance Corporation,HFC,1,yes,unknown,14842150.0,341369,estimated (2.3% representative rate),HB21 §13(i),2027-01-01,,Fort Worth temporary-order effort (13 props/$3.2M); Bexar AD suit; TWHC coalition,single-source,3
TX-NEW-DALLAS-31,MESA RIDGE VILLAGE EAST ((ECU 49% VACANT)),3504 FAWN VALLEY DR,Dallas,Dallas,00000474083000000,140,La Villa Housing Finance Corporation,HFC,1,yes,unknown,13566350.0,312026,estimated (2.3% representative rate),HB21 §13(i),2027-01-01,,Fort Worth temporary-order effort (13 props/$3.2M); Bexar AD suit; TWHC coalition,single-source,3
TX-NEW-DALLAS-32,FAWN RIDGE VILLAGE EAST (ECU 49% VACANT),630 BOW ARROW DR,Dallas,Dallas,00000474154000000,48,La Villa Housing Finance Corporation,HFC,1,yes,unknown,4736270.0,108934,estimated (2.3% representative rate),HB21 §13(i),2027-01-01,,Fort Worth temporary-order effort (13 props/$3.2M); Bexar AD suit; TWHC coalition,single-source,3
TX-NEW-DALLAS-33,FAWN RIDGE VILLAGE EAST (ECU 49% VACANT),718 BOW ARROW DR,Dallas,Dallas,00000474151000000,32,La Villa Housing Finance Corporation,HFC,1,yes,unknown,3157520.0,72623,estimated (2.3% representative rate),HB21 §13(i),2027-01-01,,Fort Worth temporary-order effort (13 props/$3.2M); Bexar AD suit; TWHC coalition,single-source,3
TX-NEW-DALLAS-34,DELAFIELD VILLAS-TXA20050340,8200 HOYLE AVE,Dallas,Dallas,006209000A0010000,204,Maverick County Housing Finance Corporation,HFC,1,yes,unknown,21218660.0,488029,estimated (2.3% representative rate),HB21 §13(i),2027-01-01,,"Missouri City v. Maverick County HFC (Fort Bend 268th, TRO); Fort Worth effort; Bexar AD suit; TWHC coalition",single-source,3
TX-NEW-DALLAS-35,ESTARA,11200 WOODMEADOW PKWY,Dallas,Dallas,00000815847050000,116,Pecos Housing Finance Corporation,HFC,1,yes,unknown,17073560.0,392692,estimated (2.3% representative rate),HB21 §13(i),2027-01-01,,Haltom City v. Pecos HFC (injunction 6/3/2025); Arlington 15-25-00111-CV; Hays Co. (~$230M); Tarrant ARB $974M/28 sites; TWHC HB21 challenge,single-source,3
TX-NEW-DALLAS-36,WYNDHAM ON THE CREEK,9633 FERRIS BRANCH BLVD,Dallas,Dallas,00815000140010000,151,Pecos Housing Finance Corporation,HFC,1,yes,unknown,15600000.0,358800,estimated (2.3% representative rate),HB21 §13(i),2027-01-01,,Haltom City v. Pecos HFC (injunction 6/3/2025); Arlington 15-25-00111-CV; Hays Co. (~$230M); Tarrant ARB $974M/28 sites; TWHC HB21 challenge,single-source,3
TX-NEW-DALLAS-37,ADIRA APARTMENTS,1301 W WHEATLAND RD,Dallas,Dallas,00000750862900000,164,Pecos Housing Finance Corporation,HFC,1,yes,unknown,14500000.0,333500,estimated (2.3% representative rate),HB21 §13(i),2027-01-01,,Haltom City v. Pecos HFC (injunction 6/3/2025); Arlington 15-25-00111-CV; Hays Co. (~$230M); Tarrant ARB $974M/28 sites; TWHC HB21 challenge,single-source,3
TX-NEW-DALLAS-38,TIDES ON MCCALLUM NORTH,7760 MCCALLUM BLVD,Dallas,Dallas,008199002212A0100,68,Pecos Housing Finance Corporation,HFC,1,yes,unknown,7685200.0,176760,estimated (2.3% representative rate),HB21 §13(i),2027-01-01,,Haltom City v. Pecos HFC (injunction 6/3/2025); Arlington 15-25-00111-CV; Hays Co. (~$230M); Tarrant ARB $974M/28 sites; TWHC HB21 challenge,single-source,3
TX-NEW-DALLAS-39,VISTA RIDGE ORIGINALLY RIDGLEA HILLS,523 N ALEXANDER AVE,Duncanville,Dallas,22059500010010000,158,Pecos Housing Finance Corporation,HFC,1,yes,unknown,14500000.0,333500,estimated (2.3% representative rate),HB21 §13(i),2027-01-01,,Haltom City v. Pecos HFC (injunction 6/3/2025); Arlington 15-25-00111-CV; Hays Co. (~$230M); Tarrant ARB $974M/28 sites; TWHC HB21 challenge,single-source,3
TX-NEW-DALLAS-40,THE ABRAM,608 ROWLETT RD,Garland,Dallas,26511800010010000,144,Pecos Housing Finance Corporation,HFC,1,yes,unknown,25500000.0,586500,estimated (2.3% representative rate),HB21 §13(i),2027-01-01,,Haltom City v. Pecos HFC (injunction 6/3/2025); Arlington 15-25-00111-CV; Hays Co. (~$230M); Tarrant ARB $974M/28 sites; TWHC HB21 challenge,single-source,3
TX-NEW-DALLAS-41,REPUBLIC WEST APARTMENTS (114 UNITS),3501 EASTON MEADOWS DR,Garland,Dallas,26178420010010300,114,Pecos Housing Finance Corporation,HFC,1,yes,unknown,14160290.0,325687,estimated (2.3% representative rate),HB21 §13(i),2027-01-01,,Haltom City v. Pecos HFC (injunction 6/3/2025); Arlington 15-25-00111-CV; Hays Co. (~$230M); Tarrant ARB $974M/28 sites; TWHC HB21 challenge,single-source,3
TX-NEW-DALLAS-42,LAKEWAY PLACE,613 E IH 30,Garland,Dallas,26178410010010000,148,Pecos Housing Finance Corporation,HFC,1,yes,unknown,13565710.0,312011,estimated (2.3% representative rate),HB21 §13(i),2027-01-01,,Haltom City v. Pecos HFC (injunction 6/3/2025); Arlington 15-25-00111-CV; Hays Co. (~$230M); Tarrant ARB $974M/28 sites; TWHC HB21 challenge,single-source,3
TX-NEW-DALLAS-43,REPUBLIC WEST APARTMENTS (32 UNITS),269 E IH 30,Garland,Dallas,26178370010010800,32,Pecos Housing Finance Corporation,HFC,1,yes,unknown,3976950.0,91470,estimated (2.3% representative rate),HB21 §13(i),2027-01-01,,Haltom City v. Pecos HFC (injunction 6/3/2025); Arlington 15-25-00111-CV; Hays Co. (~$230M); Tarrant ARB $974M/28 sites; TWHC HB21 challenge,single-source,3
TX-NEW-DALLAS-44,REPUBLIC WEST APARTMENTS (30 UNITS),3601 EASTON MEADOWS DR,Garland,Dallas,26178420010011400,30,Pecos Housing Finance Corporation,HFC,1,yes,unknown,3818300.0,87821,estimated (2.3% representative rate),HB21 §13(i),2027-01-01,,Haltom City v. Pecos HFC (injunction 6/3/2025); Arlington 15-25-00111-CV; Hays Co. (~$230M); Tarrant ARB $974M/28 sites; TWHC HB21 challenge,single-source,3
TX-NEW-DALLAS-45,REPUBLIC WEST APARTMENTS (30 UNITS),3805 EASTON MEADOWS DR,Garland,Dallas,26178420010010600,30,Pecos Housing Finance Corporation,HFC,1,yes,unknown,3765030.0,86596,estimated (2.3% representative rate),HB21 §13(i),2027-01-01,,Haltom City v. Pecos HFC (injunction 6/3/2025); Arlington 15-25-00111-CV; Hays Co. (~$230M); Tarrant ARB $974M/28 sites; TWHC HB21 challenge,single-source,3
TX-NEW-DALLAS-46,REPUBLIC WEST APARTMENTS (30 UNITS),3701 EASTON MEADOWS DR,Garland,Dallas,26178420010010500,31,Pecos Housing Finance Corporation,HFC,1,yes,unknown,3729500.0,85778,estimated (2.3% representative rate),HB21 §13(i),2027-01-01,,Haltom City v. Pecos HFC (injunction 6/3/2025); Arlington 15-25-00111-CV; Hays Co. (~$230M); Tarrant ARB $974M/28 sites; TWHC HB21 challenge,single-source,3
TX-NEW-DALLAS-47,REPUBLIC WEST APARTMENTS (18 UNITS),235 E IH 30,Garland,Dallas,26178370010011100,18,Pecos Housing Finance Corporation,HFC,1,yes,unknown,2300900.0,52921,estimated (2.3% representative rate),HB21 §13(i),2027-01-01,,Haltom City v. Pecos HFC (injunction 6/3/2025); Arlington 15-25-00111-CV; Hays Co. (~$230M); Tarrant ARB $974M/28 sites; TWHC HB21 challenge,single-source,3
TX-NEW-DALLAS-48,LANDMARK AT LAKE VILLAGE NORTH (24 UNITS),703 E IH 30,Garland,Dallas,26178380010010200,24,Pecos Housing Finance Corporation,HFC,1,yes,unknown,2156220.0,49593,estimated (2.3% representative rate),HB21 §13(i),2027-01-01,,Haltom City v. Pecos HFC (injunction 6/3/2025); Arlington 15-25-00111-CV; Hays Co. (~$230M); Tarrant ARB $974M/28 sites; TWHC HB21 challenge,single-source,3
TX-NEW-DALLAS-49,FIREWHEEL TOWN VILLAGE SENIOR LIVING,5151 N PRESIDENT GEORGE BUSH HWY,Garland,Dallas,261792400101R0000,154,Pleasanton Housing Finance Corporation,HFC,1,yes,unknown,26200000.0,602600,estimated (2.3% representative rate),HB21 §13(i),2027-01-01,,15-25-00110/-00111-CV (appeals abandoned; TIs stand); Hays Co. 25-1185-DCB TRO; AG RQ-0566-KP pending,single-source,3
TX-NEW-DALLAS-50,ANTHEM,2145 E US HWY 80,Mesquite,Dallas,38003430010020000,241,Pleasanton Housing Finance Corporation,HFC,1,yes,unknown,35358560.0,813247,estimated (2.3% representative rate),HB21 §13(i),2027-01-01,,15-25-00110/-00111-CV (appeals abandoned; TIs stand); Hays Co. 25-1185-DCB TRO; AG RQ-0566-KP pending,single-source,3
TX-NEW-DALLAS-51,ROWLETT STATION APTS BLDG 1 & 2,3601 MELCER DR,Rowlett,Dallas,446820000201R0000,224,Pleasanton Housing Finance Corporation,HFC,1,yes,unknown,45615890.0,1049165,estimated (2.3% representative rate),HB21 §13(i),2027-01-01,,15-25-00110/-00111-CV (appeals abandoned; TIs stand); Hays Co. 25-1185-DCB TRO; AG RQ-0566-KP pending,single-source,3
TX-NEW-DALLAS-52,THE INTERLACE APTS (ECU),3801 GANNON LN,Dallas,Dallas,00693200080040000,204,Texas Essential Housing Public Facility Corporation,PFC,2,yes,unknown,18128690.0,,,HB2071 grandfather (Ch.303 PFC -- HB21's 1/1/2027 cliff is HFC-only and does not reach PFCs),,,TEHPFC v. Williamson CAD 24-0022-C395 & 24-1698-C395; AG KP-0437; SB 2434 (dissolution) died 88R,single-source,3
TX-NEW-DALLAS-53,TRADEWIND APTS PH 1,3700 N TOWN EAST BLVD,Mesquite,Dallas,38208500090010000,200,Texas Essential Housing Public Facility Corporation,PFC,2,yes,unknown,22377850.0,,,HB2071 grandfather (Ch.303 PFC -- HB21's 1/1/2027 cliff is HFC-only and does not reach PFCs),,,TEHPFC v. Williamson CAD 24-0022-C395 & 24-1698-C395; AG KP-0437; SB 2434 (dissolution) died 88R,single-source,3
TX-NEW-DALLAS-54,TRADEWINDS APTS PH II,3800 ANTHONY DR,Mesquite,Dallas,65146263510330100,107,Texas Essential Housing Public Facility Corporation,PFC,2,yes,unknown,11972150.0,,,HB2071 grandfather (Ch.303 PFC -- HB21's 1/1/2027 cliff is HFC-only and does not reach PFCs),,,TEHPFC v. Williamson CAD 24-0022-C395 & 24-1698-C395; AG KP-0437; SB 2434 (dissolution) died 88R,single-source,3
TX-43-2669,Bluffs at Vista Ridge Apartments,625 E VISTA RIDGE MALL DR,Lewisville,Denton,310825,272,Cameron County Housing Finance Corporation,HFC,1,yes,unknown,43486332.0,1000186,estimated (2.3% representative rate),HB21 §13(i) + §13(e),2027-01-01,,"Williamson County v. Cameron County HFC (TRO); Bexar AD suit (27 complexes/$26M); TWHC HB21 constitutional challenge (Cameron Co., 9/9/2025)",cross-validated,2
TX-43-2577,Tides at Lewisville,201 E ROUND GROVE RD,Lewisville,Denton,173667,,Cameron County Housing Finance Corporation,HFC,1,yes,unknown,47185908.0,1085276,estimated (2.3% representative rate),HB21 §13(i) + §13(e),2027-01-01,,"Williamson County v. Cameron County HFC (TRO); Bexar AD suit (27 complexes/$26M); TWHC HB21 constitutional challenge (Cameron Co., 9/9/2025)",single-source,3
TX-43-1938,Oak Forest I & II Apartments,1531 S SH 121,Lewisville,Denton,"19743 + 174992 (2 accounts, Ph.1/Ph.2)",,Cameron County Housing Finance Corporation,HFC,1,yes,unknown,77527500.0,1783132,estimated (2.3% representative rate),HB21 §13(i) + §13(e),2027-01-01,,"Williamson County v. Cameron County HFC (TRO); Bexar AD suit (27 complexes/$26M); TWHC HB21 constitutional challenge (Cameron Co., 9/9/2025)",single-source,4
TX-43-1417366,,4204 N LOCUST ST,Denton,Denton,1063244,,Pecos Housing Finance Corporation,HFC,1,yes,unknown,16902935.0,388768,estimated (2.3% representative rate),HB21 §13(i) + §13(e),2027-01-01,,Haltom City v. Pecos HFC (injunction 6/3/2025); Arlington 15-25-00111-CV; Hays Co. (~$230M); Tarrant ARB $974M/28 sites; TWHC HB21 challenge,cross-validated,2
TX-37-1236,Retreat at 3737,3737 TIMBERGLEN DR,Dallas,Denton,86134,,Pecos Housing Finance Corporation,HFC,1,yes,unknown,29950000.0,688850,estimated (2.3% representative rate),HB21 §13(i) + §13(e),2027-01-01,,Haltom City v. Pecos HFC (injunction 6/3/2025); Arlington 15-25-00111-CV; Hays Co. (~$230M); Tarrant ARB $974M/28 sites; TWHC HB21 challenge,cross-validated,2
TX-37-7551,,,Aubrey,Denton,,,Pecos Housing Finance Corporation,HFC,1,yes,unknown,,,,HB21 §13(i) + §13(e),2027-01-01,,Haltom City v. Pecos HFC (injunction 6/3/2025); Arlington 15-25-00111-CV; Hays Co. (~$230M); Tarrant ARB $974M/28 sites; TWHC HB21 challenge,seed,1
TX-43-2392,Oak Tree Village Apartments,1595 S OLD ORCHARD LN,Lewisville,Denton,86563,,Plano Housing Authority,HA,3,yes,unknown,37985836.0,,,HB2071 (Ch.303 via Plano PFC); no 2027 cliff,,,City of Plano + Plano ISD v. Plano HA & its PFCs (Collin Co. 219-03003-2024) — constitutional PFC ad valorem challenge,cross-validated,2
TX-37-5252,4 Corners Apartments,1690 FM 423,Frisco,Denton,655887,,Pleasanton Housing Finance Corporation,HFC,1,yes,unknown,88899643.0,2044692,estimated (2.3% representative rate),HB21 §13(i) + §13(e),2027-01-01,,15-25-00110/-00111-CV (appeals abandoned; TIs stand); Hays Co. 25-1185-DCB TRO; AG RQ-0566-KP pending,cross-validated,2
TX-NEW-DENTON-1,Arden at Corinth,3451 FM 2181,Corinth,Denton,1037503 + 1037504,,Pecos Housing Finance Corporation,HFC,1,yes,unknown,53292148.0,1225719,estimated (2.3% representative rate),HB21 §13(i) + §13(e),2027-01-01,,Haltom City v. Pecos HFC (injunction 6/3/2025); Arlington 15-25-00111-CV; Hays Co. (~$230M); Tarrant ARB $974M/28 sites; TWHC HB21 challenge,single-source,3
TX-NEW-DENTON-2,Luxe @ Lewisville,2400 ACE LN,Lewisville,Denton,1052070,,Pecos Housing Finance Corporation,HFC,1,yes,unknown,25700295.0,591107,estimated (2.3% representative rate),HB21 §13(i) + §13(e),2027-01-01,,Haltom City v. Pecos HFC (injunction 6/3/2025); Arlington 15-25-00111-CV; Hays Co. (~$230M); Tarrant ARB $974M/28 sites; TWHC HB21 challenge,single-source,3
TX-NEW-DENTON-3,One90 Frankford,3301 PRESIDENT GEORGE BUSH TPKE,Dallas,Denton,1027658,,Garland Housing Finance Corporation,HFC,1,yes,unknown,65285915.0,1501576,estimated (2.3% representative rate),HB21 §13(i) + §13(e),2027-01-01,,Collin CAD v. GHFC 05-19-01417-CV (GHFC won pre-HB21; now overridden by §13(i)),single-source,4
TX-NEW-DENTON-4,Parchaus,LAKE POINTE (Soccer Dr / Goalie Dr / Forward Dr / Crossbar Dr),Little Elm,Denton,"1052297, 1052298, 1052299, 1052305, 1052310, 1052318, 1052319, 1052320, 1052321, 1052322 (10 accounts)",,Garland Housing Finance Corporation,HFC,1,yes,unknown,45784159.0,1053036,estimated (2.3% representative rate),HB21 §13(i) + §13(e),2027-01-01,,Collin CAD v. GHFC 05-19-01417-CV (GHFC won pre-HB21; now overridden by §13(i)),single-source,3
TX-NEW-DENTON-5,Pecan Place Apartments,302 S LOCUST ST,Denton,Denton,32975,,Denton Public Facility Corporation,PFC,2,no,unknown,8059257.0,,,N/A -- non-traveling (home-turf Ch.303 PFC),,,,single-source,2
TX-NEW-DENTON-6,Veranda,2420 E MCKINNEY ST,Denton,Denton,565421,,Denton Public Facility Corporation,PFC,2,no,unknown,52303575.0,,,N/A -- non-traveling (home-turf Ch.303 PFC),,,,single-source,2
TX-NEW-DENTON-7,Eighteen51 Brinker,1851 BRINKER RD,Denton,Denton,754770,,Premier Denton Public Facility Corporation,PFC,2,no,unknown,40945891.0,,,N/A -- non-traveling (home-turf Ch.303 PFC),,,,single-source,3
TX-NEW-DENTON-8,Renaissance Courts,1224 E HICKORY ST,Denton,Denton,32689,,Renaissance Courts Public Facility Corporation,PFC,2,no,unknown,14223217.0,,,N/A -- non-traveling (home-turf Ch.303 PFC),,,,single-source,2
TX-63-1358163,Vero Sade,28325 Retail Lane S,Rosenberg,Fort Bend,R540253,310,Maverick County Housing Finance Corporation,HFC,1,yes,unknown,24000000.0,552000,estimated (2.3% representative rate),HB21 §13(i),2027-01-01,,"NOTE: distinct from the separate Missouri City v. Maverick County HFC suit (Fort Bend 268th Dist. Ct., filed 1/24/2025) concerning 'The Ranch at Sienna' (8811 Sienna Springs Blvd, Missouri City) — a DIFFERENT Fort Bend property. FBCAD's TY2023-2026 rolls show Ranch at Sienna continuously owned by 'Ranch@Sienna Equity Partners Property LLC', NEVER by Maverick County HFC — consistent with the City's TRO having blocked that acquisition from closing. See county md for detail; no property record created for Ranch at Sienna since CAD shows no sponsor ownership.",single-source,3
TX-63-3158,Villas at River Park West,21811 Wildwood Park Rd,Richmond,Fort Bend,R331334,252,Pleasanton Housing Finance Corporation,HFC,1,yes,unknown,35725441.0,821685,estimated (2.3% representative rate),HB21 §13(i),2027-01-01,,"15-25-00110/-00111-CV (Pleasanton HFC 15th COA appeals vs. Lake Worth/Arlington — abandoned, TIs stand); Hays Co. 25-1185-DCB TRO; AG RQ-0566-KP pending",single-source,1
TX-63-3263,The Addison at Sugar Land,15000 W Airport Blvd,Sugar Land,Fort Bend,R302075,280,Rosenberg Housing Authority,HA,3,yes,unknown,49186268.0,,,HA-specific (Ch.392 §392.005),,,,single-source,1
TX-63-334,,,Stafford,Fort Bend,,,Rosenberg Housing Authority,HA,3,yes,unknown,,,,HA-specific (Ch.392 §392.005),,,,seed,2
TX-63-8200,The Waterview,19525 W Bellfort,Richmond,Fort Bend,R484621,295,Rosenberg Housing Authority,HA,3,yes,unknown,45164643.0,,,HA-specific (Ch.392 §392.005),,,,cross-validated,2
TX-63-4944,The Retreat @ Riverstone,18545 University Blvd,Sugar Land,Fort Bend,R418163,249,Rosenberg Housing Authority,HA,3,yes,unknown,51627706.0,,,HA-specific (Ch.392 §392.005),,,,single-source,3
TX-63-939655,Haven at Bellaire,20220 Bellaire Blvd,Richmond,Fort Bend,R487824,297,Rosenberg Housing Authority,HA,3,yes,unknown,37365861.0,,,HA-specific (Ch.392 §392.005),,,,cross-validated,1
TX-63-1274045,,,Richmond,Fort Bend,,,Houston Housing Authority,HA,3,yes,unknown,,,,HA-specific (Ch.392 §392.005),,,,seed,3
TX-63-1418663,,,Richmond,Fort Bend,,,Houston Housing Authority,HA,3,yes,unknown,,,,HA-specific (Ch.392 §392.005),,,,seed,3
TX-NEW-FORTBEND-1,Royal Sienna Plantation,5222 Avalon Pt,Missouri City,Fort Bend,R489540,330,Pleasanton Housing Finance Corporation,HFC,1,yes,unknown,56475767.0,1298943,estimated (2.3% representative rate),HB21 §13(i),2027-01-01,,"Missouri City injunction vs. Pleasanton HFC — appeal abandoned, TI stands (per docs/phase1_verdict.md); this parcel is the most likely subject property given it sits inside Missouri City and remains fully taxable years after PHFC took title.; 15-25-00110/-00111-CV (Lake Worth/Arlington); Hays Co. 25-1185-DCB TRO; AG RQ-0566-KP pending",single-source,1
TX-NEW-FORTBEND-2,The Trestle,1201 Dulles Ave,Missouri City,Fort Bend,R111856,,Rosenberg Housing Authority,HA,3,yes,unknown,21724017.0,,,HA-specific (Ch.392 §392.005/§392.014),,,,single-source,2
TX-NEW-FORTBEND-3,,1500 Andado Ln (+ adjoining Southwest Fwy parcel),Richmond,Fort Bend,R538097 / R538098,,Rosenberg Housing Authority,PFC,3,yes,unknown,20501832.0,,,"HB2071 grandfather (Ch.303, via Rosenberg Housing Authority Public Facility Corporation)",,,,single-source,2
TX-NEW-FORTBEND-4,Hanover Lakemont,7102 S Mason Rd,Richmond,Fort Bend,R313610,360,Rosenberg Housing Authority,PFC,3,yes,unknown,42316919.0,,,"HB2071 grandfather (Ch.303, via Rosenberg Housing Authority Public Facility Corporation)",,,,single-source,2
TX-NEW-FORTBEND-5,Willow Park Apartments,14001 Fondren Rd,Missouri City (unincorporated Fort Bend Co. per FBCAD legal description),Fort Bend,R302037,260,Houston Housing Authority,HA,3,yes,unknown,18432548.0,,,HA-specific (Ch.392 §392.005),,,,single-source,2
TX-63-3735,SUMMIT AT NORTH MACGREGOR ARMS,3533 N MACGREGOR WAY,Houston,Harris,0410310330013,64,Cameron County Housing Finance Corporation,HFC,1,yes,unknown,3540078.0,81422,estimated (2.3% representative rate),HA-specific (Ch.392 §392.005 — no HB21/HB2071 statutory cliff),,,,single-source,3
TX-63-403,RETREAT AT STAFFORD APARTMENTS,12700 STAFFORD RD,Stafford,Harris,1256880010002,264,Cameron County Housing Finance Corporation,HFC,1,yes,unknown,35829071.0,824069,estimated (2.3% representative rate),HA-specific (Ch.392 §392.005 — no HB21/HB2071 statutory cliff),,,,single-source,4
TX-62-4386,ARIA AT ROLLINGBROOK,1700 ROLLINGBROOK DR,Baytown,Harris,0451440020230,240,Cameron County Housing Finance Corporation,HFC,1,yes,unknown,32381475.0,744774,estimated (2.3% representative rate),HB21 §13(i),2027-01-01,,Williamson County v. Cameron County HFC (TRO); Bexar AD suit (27 complexes/$26M); TWHC HB21 constitutional challenge,single-source,4
TX-63-3909,PARK AT FALLBROOK   [FALLBROOK PARK],10155 BAMMEL NORTH HOUSTON RD,Houston,Harris,1237140000001,280,Cameron County Housing Finance Corporation,HFC,1,yes,unknown,16519991.0,379960,estimated (2.3% representative rate),HB21 §13(i),2027-01-01,,Williamson County v. Cameron County HFC (TRO); Bexar AD suit (27 complexes/$26M); TWHC HB21 constitutional challenge,single-source,3
TX-63-2783,REDFORD,1221 REDFORD ST,Houston,Harris,1143160000004,856,Edcouch Community Housing Finance Corporation,HFC,1,yes,unknown,52012761.0,1196294,estimated (2.3% representative rate),HB21 §13(i),2027-01-01,,Bexar AD suit; TWHC coalition,single-source,4
TX-62-2746,WATERFORD GROVE,3125 CRESTDALE DR,Houston,Harris,0432220000100,546,Edcouch Community Housing Finance Corporation,HFC,1,yes,unknown,48096012.0,1106208,estimated (2.3% representative rate),HB21 §13(i),2027-01-01,,Bexar AD suit; TWHC coalition,single-source,4
TX-62-3777,SKYLAR POINTE APTS,1110 EL CAMINO VILLAGE DR,Houston,Harris,0402110000080,449,Edcouch Community Housing Finance Corporation,HFC,1,yes,unknown,46758694.0,1075450,estimated (2.3% representative rate),HB21 §13(i),2027-01-01,,Bexar AD suit; TWHC coalition,single-source,4
TX-62-4006,,,Houston,Harris,,,Edcouch Community Housing Finance Corporation,HFC,1,yes,unknown,,,,HB21 §13(i),2027-01-01,,Bexar AD suit; TWHC coalition,seed,3
TX-63-3978,,,Houston,Harris,,,Edcouch Community Housing Finance Corporation,HFC,1,yes,unknown,,,,HB21 §13(i),2027-01-01,,Bexar AD suit; TWHC coalition,seed,3
TX-62-593,,,Houston,Harris,,,Edcouch Community Housing Finance Corporation,HFC,1,yes,unknown,,,,HB21 §13(i),2027-01-01,,Bexar AD suit; TWHC coalition,seed,3
TX-62-1323501,AUGUST FRIENDSWOOD,2911 W EL DORADO BLVD,Friendswood,Harris,1409900010001,249,Houston Housing Authority,HA,3,no,unknown,1987860.0,,,HA-specific (Ch.392 §392.005 — no HB21/HB2071 statutory cliff),,,No tax-structure litigation found (political/journalistic pressure drove 2025 halt of new deals),single-source,4
TX-63-5629,CYPRESSWOOD APARTMENTS,708 E CYPRESSWOOD DR,Spring,Harris,1454910010003,287,Houston Housing Authority,HA,3,no,unknown,5309960.0,,,HA-specific (Ch.392 §392.005 — no HB21/HB2071 statutory cliff),,,No tax-structure litigation found (political/journalistic pressure drove 2025 halt of new deals),single-source,3
TX-63-939583,LANCASTER APARTMENTS,20100 PARK ROW RD,Katy,Harris,1305040010001,152,Houston Housing Authority,HA,3,no,unknown,9115744.0,,,HA-specific (Ch.392 §392.005 — no HB21/HB2071 statutory cliff),,,No tax-structure litigation found (political/journalistic pressure drove 2025 halt of new deals),single-source,4
TX-63-1480419,,23233 WESTERN CENTRE DR,Katy,Harris,1346160100001,240,Houston Housing Authority,HA,3,no,unknown,5987760.0,,,HA-specific (Ch.392 §392.005 — no HB21/HB2071 statutory cliff),,,No tax-structure litigation found (political/journalistic pressure drove 2025 halt of new deals),single-source,3
TX-62-1154856,MANSIONS AT TURKEY CREEK,20919 BIRNAMWOOD BLVD,Humble,Harris,1286290010002,252,Houston Housing Authority,HA,3,no,unknown,14352543.0,,,HA-specific (Ch.392 §392.005 — no HB21/HB2071 statutory cliff),,,No tax-structure litigation found (political/journalistic pressure drove 2025 halt of new deals),single-source,3
TX-62-1393784,"ENCLAVE ON LOUETTA   [A2- 358, IMPS]",2324 LOUETTA RD,Spring,Harris,"0430270000005, 0430270000036",358,Houston Housing Authority,HA,3,no,unknown,771626.0,,,HA-specific (Ch.392 §392.005 — no HB21/HB2071 statutory cliff),,,No tax-structure litigation found (political/journalistic pressure drove 2025 halt of new deals),single-source,4
TX-63-1155169,Alexis Apartments,4604 CYPRESSWOOD DR,Spring,Harris,1379300010001,102,Houston Housing Authority,HA,3,no,unknown,1287649.0,,,HA-specific (Ch.392 §392.005 — no HB21/HB2071 statutory cliff),,,No tax-structure litigation found (political/journalistic pressure drove 2025 halt of new deals),cross-validated,2
TX-63-1478844,,,Spring,Harris,,,Houston Housing Authority,HA,3,no,unknown,,,,HA-specific (Ch.392 §392.005 — no HB21/HB2071 statutory cliff),,,No tax-structure litigation found (political/journalistic pressure drove 2025 halt of new deals),seed,3
TX-62-4391,THE PARK AT TOUR 18,18110 HUNTERS TERRACE DR,Humble,Harris,1407100010001,,Houston Housing Authority,HA,3,no,unknown,5893665.0,,,HA-specific (Ch.392 §392.005 — no HB21/HB2071 statutory cliff),,,No tax-structure litigation found (political/journalistic pressure drove 2025 halt of new deals),single-source,3
TX-63-5940,,0 PORTER RD,Katy,Harris,1429170010001,,Houston Housing Authority,HA,3,no,unknown,3732224.0,,,HA-specific (Ch.392 §392.005 — no HB21/HB2071 statutory cliff),,,No tax-structure litigation found (political/journalistic pressure drove 2025 halt of new deals),single-source,3
TX-63-3477,,,Katy,Harris,,,Houston Housing Authority,HA,3,no,unknown,,,,HA-specific (Ch.392 §392.005 — no HB21/HB2071 statutory cliff),,,No tax-structure litigation found (political/journalistic pressure drove 2025 halt of new deals),seed,3
TX-63-1411582,,,Spring,Harris,,,Houston Housing Authority,HA,3,no,unknown,,,,HA-specific (Ch.392 §392.005 — no HB21/HB2071 statutory cliff),,,No tax-structure litigation found (political/journalistic pressure drove 2025 halt of new deals),seed,3
TX-62-1543349,THE HENRY AT DEERBROOK,9494 HUMBLE WESTFIELD RD,Humble,Harris,1281280010001,360,Houston Housing Authority,HA,3,no,unknown,5269075.0,,,HA-specific (Ch.392 §392.005 — no HB21/HB2071 statutory cliff),,,No tax-structure litigation found (political/journalistic pressure drove 2025 halt of new deals),single-source,3
TX-63-1418664,,,Spring,Harris,,,Houston Housing Authority,HA,3,no,unknown,,,,HA-specific (Ch.392 §392.005 — no HB21/HB2071 statutory cliff),,,No tax-structure litigation found (political/journalistic pressure drove 2025 halt of new deals),seed,3
TX-63-2405,,,Cypress,Harris,,,Houston Housing Authority,HA,3,no,unknown,,,,HA-specific (Ch.392 §392.005 — no HB21/HB2071 statutory cliff),,,No tax-structure litigation found (political/journalistic pressure drove 2025 halt of new deals),seed,3
TX-63-1159,BAYOU PARK,4400 MEMORIAL DR,Houston,Harris,1315820010001,688,La Villa Housing Finance Corporation,HFC,1,yes,unknown,71644005.0,1647812,estimated (2.3% representative rate),HB21 §13(i),2027-01-01,,Fort Worth temporary-order effort; Bexar AD suit; TWHC coalition,single-source,4
TX-63-3956,LEGACY AT WESTCHASE,10070 WESTPARK DR,Houston,Harris,1088570000002,324,La Villa Housing Finance Corporation,HFC,1,yes,unknown,30077057.0,691772,estimated (2.3% representative rate),HB21 §13(i),2027-01-01,,Fort Worth temporary-order effort; Bexar AD suit; TWHC coalition,single-source,4
TX-63-4688,PROVIDENCE AT CHAMPIONS,5100 FM 1960 RD W,Houston,Harris,1131680000010,288,La Villa Housing Finance Corporation,HFC,1,yes,unknown,19956294.0,458995,estimated (2.3% representative rate),HB21 §13(i),2027-01-01,,Fort Worth temporary-order effort; Bexar AD suit; TWHC coalition,single-source,4
TX-62-3419,,,Kingwood,Harris,,,La Villa Housing Finance Corporation,HFC,1,yes,unknown,,,,HB21 §13(i),2027-01-01,,Fort Worth temporary-order effort; Bexar AD suit; TWHC coalition,seed,3
TX-63-3828,VILLAGE AT BELLAIRE,5454 NEWCASTLE DR,Houston,Harris,1170290000001,580,Maverick County Housing Finance Corporation,HFC,1,yes,unknown,76500000.0,1759500,estimated (2.3% representative rate),HB21 §13(i),2027-01-01,,"Missouri City v. Maverick County HFC (Fort Bend 268th, TRO); Fort Worth effort; Bexar AD suit; TWHC coalition",single-source,4
TX-63-2840,VILLAS AT HERMANN PARK,6301 ALMEDA RD,Houston,Harris,1202420010001,320,Maverick County Housing Finance Corporation,HFC,1,yes,unknown,56518927.0,1299935,estimated (2.3% representative rate),HB21 §13(i),2027-01-01,,"Missouri City v. Maverick County HFC (Fort Bend 268th, TRO); Fort Worth effort; Bexar AD suit; TWHC coalition",single-source,4
TX-63-393758,HIGHBANK,8877 FRANKWAY DR,Houston,Harris,1300660010001,284,Maverick County Housing Finance Corporation,HFC,1,yes,unknown,53302049.0,1225947,estimated (2.3% representative rate),HB21 §13(i),2027-01-01,,"Missouri City v. Maverick County HFC (Fort Bend 268th, TRO); Fort Worth effort; Bexar AD suit; TWHC coalition",single-source,4
TX-63-2651,VISTA AT WESTCHASE APARTMENTS,3431 WALNUT BEND LN,Houston,Harris,1146170000005,240,Maverick County Housing Finance Corporation,HFC,1,yes,unknown,6969600.0,160301,estimated (2.3% representative rate),HB21 §13(i),2027-01-01,,"Missouri City v. Maverick County HFC (Fort Bend 268th, TRO); Fort Worth effort; Bexar AD suit; TWHC coalition",single-source,3
TX-62-2985,TOWNSHIP APARTMENTS,411 S BENDER AVE,Humble,Harris,"0410510010024, 0410510010793",300,Pecos Housing Finance Corporation,HFC,1,yes,unknown,26727168.0,614725,estimated (2.3% representative rate),HB21 §13(i),2027-01-01,,Haltom City v. Pecos HFC (injunction 6/3/2025); Arlington 15-25-00111-CV; Hays Co. (~$230M); Tarrant ARB $974M/28 sites; TWHC HB21 challenge,single-source,5
TX-63-4046,"LIFE AT JACKSON SQUARE, THE  [NOB HILL]",5410 N BRAESWOOD BLVD,Houston,Harris,"0410880000003, 0410880000050, 0410880000051",1326,Pecos Housing Finance Corporation,HFC,1,yes,unknown,101204487.0,2327703,estimated (2.3% representative rate),HB21 §13(i),2027-01-01,,Haltom City v. Pecos HFC (injunction 6/3/2025); Arlington 15-25-00111-CV; Hays Co. (~$230M); Tarrant ARB $974M/28 sites; TWHC HB21 challenge,single-source,5
TX-63-4079,BRIAR FOREST LOFTS,13202 BRIAR FOREST DR,Houston,Harris,1289540010001,352,Pecos Housing Finance Corporation,HFC,1,yes,unknown,47900000.0,1101700,estimated (2.3% representative rate),HB21 §13(i),2027-01-01,,Haltom City v. Pecos HFC (injunction 6/3/2025); Arlington 15-25-00111-CV; Hays Co. (~$230M); Tarrant ARB $974M/28 sites; TWHC HB21 challenge,single-source,4
TX-63-2940,THE FUSE AT PARK ROW,14220 PARK ROW DR,Houston,Harris,1190630000001,318,Pecos Housing Finance Corporation,HFC,1,yes,unknown,41000000.0,943000,estimated (2.3% representative rate),HB21 §13(i),2027-01-01,,Haltom City v. Pecos HFC (injunction 6/3/2025); Arlington 15-25-00111-CV; Hays Co. (~$230M); Tarrant ARB $974M/28 sites; TWHC HB21 challenge,single-source,4
TX-63-2512,ENCLAVE CYPRESS APARTMENTS (PLACE  AT CYPRESS PARK,1822 BARKER CYPRESS RD,Houston,Harris,0060900030015,384,Pecos Housing Finance Corporation,HFC,1,yes,unknown,38730282.0,890796,estimated (2.3% representative rate),HB21 §13(i),2027-01-01,,Haltom City v. Pecos HFC (injunction 6/3/2025); Arlington 15-25-00111-CV; Hays Co. (~$230M); Tarrant ARB $974M/28 sites; TWHC HB21 challenge,single-source,4
TX-63-2539,THE ARGYLE APARTMENTS,1335 SILVERADO DR,Houston,Harris,1184830000001,344,Pecos Housing Finance Corporation,HFC,1,yes,unknown,32841926.0,755364,estimated (2.3% representative rate),HB21 §13(i),2027-01-01,,Haltom City v. Pecos HFC (injunction 6/3/2025); Arlington 15-25-00111-CV; Hays Co. (~$230M); Tarrant ARB $974M/28 sites; TWHC HB21 challenge,single-source,4
TX-63-2404,ESTATES AT CYPRESS  [POINT AT CYPRESS WOODS],11800 GRANT RD,Cypress,Harris,0440160000040,530,Pecos Housing Finance Corporation,HFC,1,yes,unknown,52900000.0,1216700,estimated (2.3% representative rate),HB21 §13(i),2027-01-01,,Haltom City v. Pecos HFC (injunction 6/3/2025); Arlington 15-25-00111-CV; Hays Co. (~$230M); Tarrant ARB $974M/28 sites; TWHC HB21 challenge,single-source,4
TX-63-4053,HOLLISTER PLACE,6565 HOLLISTER RD,Houston,Harris,1189170000001,260,Pecos Housing Finance Corporation,HFC,1,yes,unknown,32589009.0,749547,estimated (2.3% representative rate),HB21 §13(i),2027-01-01,,Haltom City v. Pecos HFC (injunction 6/3/2025); Arlington 15-25-00111-CV; Hays Co. (~$230M); Tarrant ARB $974M/28 sites; TWHC HB21 challenge,single-source,4
TX-62-2327,WATERMARK AT BAYTOWN APARTMENTS,2700 WARD RD,Baytown,Harris,0410250010275,290,Pecos Housing Finance Corporation,HFC,1,yes,unknown,2080295.0,47847,estimated (2.3% representative rate),HB21 §13(i),2027-01-01,,Haltom City v. Pecos HFC (injunction 6/3/2025); Arlington 15-25-00111-CV; Hays Co. (~$230M); Tarrant ARB $974M/28 sites; TWHC HB21 challenge,single-source,4
TX-62-3511,PARAMOUNT APARTMENTS (THE PLACE AT BARKER CYPRESS),1800 BARKER CYPRESS RD,Houston,Harris,1160640000001,264,Pecos Housing Finance Corporation,HFC,1,yes,unknown,29615481.0,681156,estimated (2.3% representative rate),HB21 §13(i),2027-01-01,,Haltom City v. Pecos HFC (injunction 6/3/2025); Arlington 15-25-00111-CV; Hays Co. (~$230M); Tarrant ARB $974M/28 sites; TWHC HB21 challenge,single-source,4
TX-62-3875,AVAYA STEEPLECHASE   [LANDINGS AT STEEPLECHASE],9001 JONES RD,Houston,Harris,1152910000003,290,Pecos Housing Finance Corporation,HFC,1,yes,unknown,28349523.0,652039,estimated (2.3% representative rate),HB21 §13(i),2027-01-01,,Haltom City v. Pecos HFC (injunction 6/3/2025); Arlington 15-25-00111-CV; Hays Co. (~$230M); Tarrant ARB $974M/28 sites; TWHC HB21 challenge,single-source,4
TX-63-7604,Sterling Point Apartments,6550 HILLCROFT ST,Houston,Harris,0915120000002,921,Pecos Housing Finance Corporation,HFC,1,yes,unknown,55124704.0,1267868,estimated (2.3% representative rate),HB21 §13(i),2027-01-01,,Haltom City v. Pecos HFC (injunction 6/3/2025); Arlington 15-25-00111-CV; Hays Co. (~$230M); Tarrant ARB $974M/28 sites; TWHC HB21 challenge,cross-validated,3
TX-63-2762,HOLLYVIEW,5555 HOLLY VIEW DR,Houston,Harris,1140480000003,324,Pecos Housing Finance Corporation,HFC,1,yes,unknown,26778775.0,615912,estimated (2.3% representative rate),HB21 §13(i),2027-01-01,,Haltom City v. Pecos HFC (injunction 6/3/2025); Arlington 15-25-00111-CV; Hays Co. (~$230M); Tarrant ARB $974M/28 sites; TWHC HB21 challenge,single-source,4
TX-63-1618000,BROADMEAD AT THE MED,2801 BROADMEAD DR,Houston,Harris,0440890000002,235,Pecos Housing Finance Corporation,HFC,1,yes,unknown,24350727.0,560067,estimated (2.3% representative rate),HB21 §13(i),2027-01-01,,Haltom City v. Pecos HFC (injunction 6/3/2025); Arlington 15-25-00111-CV; Hays Co. (~$230M); Tarrant ARB $974M/28 sites; TWHC HB21 challenge,single-source,4
TX-63-3602,RESIDENCES 2727,2727 ELMSIDE DR,Houston,Harris,1101420000027,171,Pecos Housing Finance Corporation,HFC,1,yes,unknown,23201514.0,533635,estimated (2.3% representative rate),HB21 §13(i),2027-01-01,,Haltom City v. Pecos HFC (injunction 6/3/2025); Arlington 15-25-00111-CV; Hays Co. (~$230M); Tarrant ARB $974M/28 sites; TWHC HB21 challenge,single-source,4
TX-63-3968,REDSTONE VISTA APARTMENTS,22715 IMPERIAL VALLEY DR,Houston,Harris,1143120000016,274,Pecos Housing Finance Corporation,HFC,1,yes,unknown,17431573.0,400926,estimated (2.3% representative rate),HB21 §13(i),2027-01-01,,Haltom City v. Pecos HFC (injunction 6/3/2025); Arlington 15-25-00111-CV; Hays Co. (~$230M); Tarrant ARB $974M/28 sites; TWHC HB21 challenge,single-source,4
TX-63-3422,RANCH AT CHAMPIONS  (CHAMPIONS WOODS),6830 CHAMPIONS PLAZA DR,Houston,Harris,1152820010002,186,Pecos Housing Finance Corporation,HFC,1,yes,unknown,15389303.0,353954,estimated (2.3% representative rate),HB21 §13(i),2027-01-01,,Haltom City v. Pecos HFC (injunction 6/3/2025); Arlington 15-25-00111-CV; Hays Co. (~$230M); Tarrant ARB $974M/28 sites; TWHC HB21 challenge,single-source,4
TX-63-2691,STERLING POINTII,6500 DUNLAP ST,Houston,Harris,0915120000001,258,Pecos Housing Finance Corporation,HFC,1,yes,unknown,14619580.0,336250,estimated (2.3% representative rate),HB21 §13(i),2027-01-01,,Haltom City v. Pecos HFC (injunction 6/3/2025); Arlington 15-25-00111-CV; Hays Co. (~$230M); Tarrant ARB $974M/28 sites; TWHC HB21 challenge,single-source,4
TX-63-3426,51 TEN TOWNHOMES,5110 AZALEA TRACE DR,Houston,Harris,1155540000006,256,Pecos Housing Finance Corporation,HFC,1,yes,unknown,14169736.0,325904,estimated (2.3% representative rate),HB21 §13(i),2027-01-01,,Haltom City v. Pecos HFC (injunction 6/3/2025); Arlington 15-25-00111-CV; Hays Co. (~$230M); Tarrant ARB $974M/28 sites; TWHC HB21 challenge,single-source,4
TX-63-769531,ROLLINGWOOD,670 MAXEY RD,Houston,Harris,0432110000031,211,Pecos Housing Finance Corporation,HFC,1,yes,unknown,11910618.0,273944,estimated (2.3% representative rate),HB21 §13(i),2027-01-01,,Haltom City v. Pecos HFC (injunction 6/3/2025); Arlington 15-25-00111-CV; Hays Co. (~$230M); Tarrant ARB $974M/28 sites; TWHC HB21 challenge,single-source,4
TX-63-1533925,AVENUE M AT 1620 OAK TREE,1620 OAK TREE DR,Houston,Harris,0670450130001,90,Pecos Housing Finance Corporation,HFC,1,yes,unknown,11152055.0,256497,estimated (2.3% representative rate),HB21 §13(i),2027-01-01,,Haltom City v. Pecos HFC (injunction 6/3/2025); Arlington 15-25-00111-CV; Hays Co. (~$230M); Tarrant ARB $974M/28 sites; TWHC HB21 challenge,single-source,4
TX-62-563,AVENUE M APARTMENTS,1720 CRESTDALE DR,Houston,Harris,0670450120001,75,Pecos Housing Finance Corporation,HFC,1,yes,unknown,10569630.0,243101,estimated (2.3% representative rate),HB21 §13(i),2027-01-01,,Haltom City v. Pecos HFC (injunction 6/3/2025); Arlington 15-25-00111-CV; Hays Co. (~$230M); Tarrant ARB $974M/28 sites; TWHC HB21 challenge,single-source,4
TX-63-2997,CIMARRON  PARKWAY  APARTMENTS,22022 CIMARRON PKY,Katy,Harris,0431360000012,272,Pecos Housing Finance Corporation,HFC,1,yes,unknown,28932886.0,665456,estimated (2.3% representative rate),HB21 §13(i),2027-01-01,,Haltom City v. Pecos HFC (injunction 6/3/2025); Arlington 15-25-00111-CV; Hays Co. (~$230M); Tarrant ARB $974M/28 sites; TWHC HB21 challenge,single-source,4
TX-63-3356,DONOVAN VILLAGE,601 W DONOVAN ST,Houston,Harris,0410500030210,78,Pecos Housing Finance Corporation,HFC,1,yes,unknown,6360920.0,146301,estimated (2.3% representative rate),HB21 §13(i),2027-01-01,,Haltom City v. Pecos HFC (injunction 6/3/2025); Arlington 15-25-00111-CV; Hays Co. (~$230M); Tarrant ARB $974M/28 sites; TWHC HB21 challenge,single-source,4
TX-62-3376,STATION,4411 FULTON ST,Houston,Harris,0503360000001,60,Pecos Housing Finance Corporation,HFC,1,yes,unknown,4259107.0,97959,estimated (2.3% representative rate),HB21 §13(i),2027-01-01,,Haltom City v. Pecos HFC (injunction 6/3/2025); Arlington 15-25-00111-CV; Hays Co. (~$230M); Tarrant ARB $974M/28 sites; TWHC HB21 challenge,single-source,4
TX-63-2765,LEGACY AT CYPRESS,11111 GRANT RD,Cypress,Harris,1204450010001,422,Pecos Housing Finance Corporation,HFC,1,yes,unknown,,,,HB21 §13(i),2027-01-01,,Haltom City v. Pecos HFC (injunction 6/3/2025); Arlington 15-25-00111-CV; Hays Co. (~$230M); Tarrant ARB $974M/28 sites; TWHC HB21 challenge,single-source,5
TX-63-3331,SHENANDOAH WOODS  APARTMENTS,4250 W 34TH ST,Houston,Harris,0432050010030,232,Pecos Housing Finance Corporation,HFC,1,yes,unknown,3791593.0,87207,estimated (2.3% representative rate),HB21 §13(i),2027-01-01,,Haltom City v. Pecos HFC (injunction 6/3/2025); Arlington 15-25-00111-CV; Hays Co. (~$230M); Tarrant ARB $974M/28 sites; TWHC HB21 challenge,single-source,4
TX-63-4066,ASPENWOOD APARTMENTS,2121 PECH RD,Houston,Harris,0731710060001,208,Pecos Housing Finance Corporation,HFC,1,yes,unknown,1304620.0,30006,estimated (2.3% representative rate),HB21 §13(i),2027-01-01,,Haltom City v. Pecos HFC (injunction 6/3/2025); Arlington 15-25-00111-CV; Hays Co. (~$230M); Tarrant ARB $974M/28 sites; TWHC HB21 challenge,single-source,4
TX-63-1562762,THE MELROSE,712 PINEMONT DR,Houston,Harris,0410500030295,88,Pecos Housing Finance Corporation,HFC,1,yes,unknown,,,,HB21 §13(i),2027-01-01,,Haltom City v. Pecos HFC (injunction 6/3/2025); Arlington 15-25-00111-CV; Hays Co. (~$230M); Tarrant ARB $974M/28 sites; TWHC HB21 challenge,single-source,5
TX-62-3993,CANDLELIGHT ESTATES,818 PINEMONT DR,Houston,Harris,0410500030677,68,Pecos Housing Finance Corporation,HFC,1,yes,unknown,,,,HB21 §13(i),2027-01-01,,Haltom City v. Pecos HFC (injunction 6/3/2025); Arlington 15-25-00111-CV; Hays Co. (~$230M); Tarrant ARB $974M/28 sites; TWHC HB21 challenge,single-source,5
TX-63-3280,BRIDGEWATER,1110 GRAHAM DR,Tomball,Harris,0430440000033,206,Pecos Housing Finance Corporation,HFC,1,yes,unknown,22393342.0,515047,estimated (2.3% representative rate),HB21 §13(i),2027-01-01,,Haltom City v. Pecos HFC (injunction 6/3/2025); Arlington 15-25-00111-CV; Hays Co. (~$230M); Tarrant ARB $974M/28 sites; TWHC HB21 challenge,single-source,4
TX-63-389916,TESSA AT KATY,150 COBIA DR,Katy,Harris,1346160110001,329,Pleasanton Housing Finance Corporation,HFC,1,yes,unknown,12299612.0,282891,estimated (2.3% representative rate),HB21 §13(i),2027-01-01,,15-25-00110/-00111-CV (appeals abandoned; TIs stand); Hays Co. 25-1185-DCB TRO; AG RQ-0566-KP pending,single-source,3
TX-63-1096762,MASON PARK APARTMENTS,222 MASON CREEK DR,Katy,Harris,1290900010001,312,Pleasanton Housing Finance Corporation,HFC,1,yes,unknown,5662800.0,130244,estimated (2.3% representative rate),HB21 §13(i),2027-01-01,,15-25-00110/-00111-CV (appeals abandoned; TIs stand); Hays Co. 25-1185-DCB TRO; AG RQ-0566-KP pending,single-source,3
TX-63-2664,BROADSTONE MEMORIAL PARK,7655 WASHINGTON AVE,Houston,Harris,1501110010001,356,Pleasanton Housing Finance Corporation,HFC,1,yes,unknown,74431715.0,1711929,estimated (2.3% representative rate),HB21 §13(i),2027-01-01,,15-25-00110/-00111-CV (appeals abandoned; TIs stand); Hays Co. 25-1185-DCB TRO; AG RQ-0566-KP pending,single-source,4
TX-62-1170459,PINES AT WOODCREEK,21021 ALDINE WESTFIELD RD,Houston,Harris,1366080010001,330,Pleasanton Housing Finance Corporation,HFC,1,yes,unknown,39110163.0,899534,estimated (2.3% representative rate),HB21 §13(i),2027-01-01,,15-25-00110/-00111-CV (appeals abandoned; TIs stand); Hays Co. 25-1185-DCB TRO; AG RQ-0566-KP pending,single-source,4
TX-63-558869,,3616 RICHMOND AVE,Houston,Harris,1259690010001,289,Pleasanton Housing Finance Corporation,HFC,1,yes,unknown,18121375.0,416792,estimated (2.3% representative rate),HB21 §13(i),2027-01-01,,15-25-00110/-00111-CV (appeals abandoned; TIs stand); Hays Co. 25-1185-DCB TRO; AG RQ-0566-KP pending,single-source,3
TX-62-4440,GROVE EAST APARTMENTS,9300 N SAM HOUSTON PKY E,Humble,Harris,1418430010003,324,Pleasanton Housing Finance Corporation,HFC,1,yes,unknown,48078455.0,1105804,estimated (2.3% representative rate),HB21 §13(i),2027-01-01,,15-25-00110/-00111-CV (appeals abandoned; TIs stand); Hays Co. 25-1185-DCB TRO; AG RQ-0566-KP pending,single-source,4
TX-63-3007,CRAWFORD AT GRAND MORTON,23223 FIRST PARK DR,Katy,Harris,1382510020001,336,Pleasanton Housing Finance Corporation,HFC,1,yes,unknown,5227864.0,120241,estimated (2.3% representative rate),HB21 §13(i),2027-01-01,,15-25-00110/-00111-CV (appeals abandoned; TIs stand); Hays Co. 25-1185-DCB TRO; AG RQ-0566-KP pending,single-source,3
TX-63-8262,PORTICO KIRBY,7550 KIRBY DR,Houston,Harris,1195230010001,263,Pleasanton Housing Finance Corporation,HFC,1,yes,unknown,16838245.0,387280,estimated (2.3% representative rate),HB21 §13(i),2027-01-01,,15-25-00110/-00111-CV (appeals abandoned; TIs stand); Hays Co. 25-1185-DCB TRO; AG RQ-0566-KP pending,single-source,3
TX-63-393756,BEVERLY AT SHADOW LAKE APTS,3030 SHADOWBRIAR DR,Houston,Harris,1198290000001,624,Pleasanton Housing Finance Corporation,HFC,1,yes,unknown,13380636.0,307755,estimated (2.3% representative rate),HB21 §13(i),2027-01-01,,15-25-00110/-00111-CV (appeals abandoned; TIs stand); Hays Co. 25-1185-DCB TRO; AG RQ-0566-KP pending,single-source,4
TX-62-3038,,,La Porte,Harris,,,Pleasanton Housing Finance Corporation,HFC,1,yes,unknown,,,,HB21 §13(i),2027-01-01,,15-25-00110/-00111-CV (appeals abandoned; TIs stand); Hays Co. 25-1185-DCB TRO; AG RQ-0566-KP pending,seed,3
TX-63-2717,CORTLAND WEST CHAMPIONS [B2-LAND],12330 N GESSNER RD,Houston,Harris,1264610010002,336,Pleasanton Housing Finance Corporation,HFC,1,yes,unknown,8984116.0,206635,estimated (2.3% representative rate),HB21 §13(i),2027-01-01,,15-25-00110/-00111-CV (appeals abandoned; TIs stand); Hays Co. 25-1185-DCB TRO; AG RQ-0566-KP pending,single-source,3
TX-62-4478,THE PIERPONT,23770 SPRINGWOODS VILLAGE PKY,Spring,Harris,1367340010001,354,Pleasanton Housing Finance Corporation,HFC,1,yes,unknown,44500000.0,1023500,estimated (2.3% representative rate),HB21 §13(i),2027-01-01,,15-25-00110/-00111-CV (appeals abandoned; TIs stand); Hays Co. 25-1185-DCB TRO; AG RQ-0566-KP pending,single-source,3
TX-63-3697,CORTLAND WEST CHAMPIONS   [TRADEWINDS],12331 N GESSNER RD,Houston,Harris,1285630010002,374,Pleasanton Housing Finance Corporation,HFC,1,yes,unknown,7842778.0,180384,estimated (2.3% representative rate),HB21 §13(i),2027-01-01,,15-25-00110/-00111-CV (appeals abandoned; TIs stand); Hays Co. 25-1185-DCB TRO; AG RQ-0566-KP pending,single-source,3
TX-62-1184067,GROVE EAST APARTMENTS,0 N SAM HOUSTON PKY E,Humble,Harris,1418430010001,,Pleasanton Housing Finance Corporation,HFC,1,yes,unknown,303260.0,6975,estimated (2.3% representative rate),HB21 §13(i),2027-01-01,,15-25-00110/-00111-CV (appeals abandoned; TIs stand); Hays Co. 25-1185-DCB TRO; AG RQ-0566-KP pending,single-source,4
TX-62-919380,The Sarah at Lake Houston,17571 W LAKE HOUSTON PKY,Humble,Harris,1416560010001,350,Pleasanton Housing Finance Corporation,HFC,1,yes,unknown,58104208.0,1336397,estimated (2.3% representative rate),HB21 §13(i),2027-01-01,,15-25-00110/-00111-CV (appeals abandoned; TIs stand); Hays Co. 25-1185-DCB TRO; AG RQ-0566-KP pending,cross-validated,4
TX-63-1171213,ROYAL SPRING APARTMENTS,4910 SPRING CYPRESS RD,Spring,Harris,1411560010001,351,Pleasanton Housing Finance Corporation,HFC,1,yes,unknown,5453710.0,125435,estimated (2.3% representative rate),HB21 §13(i),2027-01-01,,15-25-00110/-00111-CV (appeals abandoned; TIs stand); Hays Co. 25-1185-DCB TRO; AG RQ-0566-KP pending,single-source,4
TX-62-3188,REGATTA BAY,2555 REPSDORPH RD,Seabrook,Harris,1233190010001,240,Texas Essential Housing Public Facility Corporation,PFC,2,yes,unknown,26808850.0,,,HA-specific (Ch.392 §392.005 — no HB21/HB2071 statutory cliff),,,TEHPFC v. Williamson CAD 24-0022-C395 & 24-1698-C395; AG KP-0437; SB 2434 (dissolution) died 88R,single-source,3
TX-63-2885,"TAYLOR AT COPPERFIELD, THE.",9125 HIGHWAY 6 N,Houston,Harris,1240060010001,504,Texas Essential Housing Public Facility Corporation,PFC,2,yes,unknown,50406000.0,,,HA-specific (Ch.392 §392.005 — no HB21/HB2071 statutory cliff),,,TEHPFC v. Williamson CAD 24-0022-C395 & 24-1698-C395; AG KP-0437; SB 2434 (dissolution) died 88R,single-source,3
TX-62-921094,THE ESTABLISHMENT,2235 WINROCK BLVD,Houston,Harris,1010030000003,315,Texas Essential Housing Public Facility Corporation,PFC,2,yes,unknown,30571875.0,,,HA-specific (Ch.392 §392.005 — no HB21/HB2071 statutory cliff),,,TEHPFC v. Williamson CAD 24-0022-C395 & 24-1698-C395; AG KP-0437; SB 2434 (dissolution) died 88R,single-source,3
TX-63-2465,LA PRIMAVERA    [HUNTER'S CHASE],10000 HAMMERLY BLVD,Houston,Harris,1020750000004,328,Texas Essential Housing Public Facility Corporation,PFC,2,yes,unknown,23288578.0,,,HA-specific (Ch.392 §392.005 — no HB21/HB2071 statutory cliff),,,TEHPFC v. Williamson CAD 24-0022-C395 & 24-1698-C395; AG KP-0437; SB 2434 (dissolution) died 88R,single-source,3
TX-63-2485,BARCELONA,6434 ELLA LEE LN,Houston,Harris,0953780000005,127,Texas Essential Housing Public Facility Corporation,PFC,2,yes,unknown,10427806.0,,,HA-specific (Ch.392 §392.005 — no HB21/HB2071 statutory cliff),,,TEHPFC v. Williamson CAD 24-0022-C395 & 24-1698-C395; AG KP-0437; SB 2434 (dissolution) died 88R,single-source,3
TX-63-2583,,,Houston,Harris,,,Texas Essential Housing Public Facility Corporation,PFC,2,yes,unknown,,,,HA-specific (Ch.392 §392.005 — no HB21/HB2071 statutory cliff),,,TEHPFC v. Williamson CAD 24-0022-C395 & 24-1698-C395; AG KP-0437; SB 2434 (dissolution) died 88R,seed,3
TX-63-2618,,,Houston,Harris,,,Texas Essential Housing Public Facility Corporation,PFC,2,yes,unknown,,,,HA-specific (Ch.392 §392.005 — no HB21/HB2071 statutory cliff),,,TEHPFC v. Williamson CAD 24-0022-C395 & 24-1698-C395; AG KP-0437; SB 2434 (dissolution) died 88R,seed,3
TX-63-4482,,,Houston,Harris,,,Texas Essential Housing Public Facility Corporation,PFC,2,yes,unknown,,,,HA-specific (Ch.392 §392.005 — no HB21/HB2071 statutory cliff),,,TEHPFC v. Williamson CAD 24-0022-C395 & 24-1698-C395; AG KP-0437; SB 2434 (dissolution) died 88R,seed,3
TX-NEW-HARRIS-1,THE CROSSINGS AT ST CHARLES PLACE,5505 PINE ST,Houston,Harris,0370630000029,48,Cameron County Housing Finance Corporation,HFC,1,yes,unknown,3786384.0,87087,estimated (2.3% representative rate),HB21 §13(i),2027-01-01,,Williamson County v. Cameron County HFC (TRO); Bexar AD suit (27 complexes/$26M); TWHC HB21 constitutional challenge,single-source,4
TX-NEW-HARRIS-2,TURTLE POINTE,8162 RICHMOND AVE,Houston,Harris,0420510000007,280,La Villa Housing Finance Corporation,HFC,1,yes,unknown,18729290.0,430774,estimated (2.3% representative rate),HB21 §13(i),2027-01-01,,Fort Worth temporary-order effort; Bexar AD suit; TWHC coalition,single-source,4
TX-NEW-HARRIS-3,TURTLE POINTE,3401 DUNVALE RD,Houston,Harris,0420510000032,152,La Villa Housing Finance Corporation,HFC,1,yes,unknown,10661350.0,245211,estimated (2.3% representative rate),HB21 §13(i),2027-01-01,,Fort Worth temporary-order effort; Bexar AD suit; TWHC coalition,single-source,4
TX-NEW-HARRIS-4,"ARDEN CYPRESS STATION, THE",905 CYPRESS STATION DR,Houston,Harris,0421850000661,448,Pecos Housing Finance Corporation,HFC,1,yes,unknown,,,,HB21 §13(i),2027-01-01,,Haltom City v. Pecos HFC (injunction 6/3/2025); Arlington 15-25-00111-CV; Hays Co. (~$230M); Tarrant ARB $974M/28 sites; TWHC HB21 challenge,single-source,5
TX-NEW-HARRIS-5,MONTABELLA AT OAK FOREST,3424 W 34TH ST,Houston,Harris,0432050010043,,Pleasanton Housing Finance Corporation,HFC,1,yes,unknown,187996.0,4324,estimated (2.3% representative rate),HB21 §13(i),2027-01-01,,15-25-00110/-00111-CV (appeals abandoned; TIs stand); Hays Co. 25-1185-DCB TRO; AG RQ-0566-KP pending,single-source,4
TX-NEW-HARRIS-6,VINTAGE AT 18TH STREET  [OAKS OF TIMBERGROVE],1700 SEASPRAY CT,Houston,Harris,0440840000080,372,Pecos Housing Finance Corporation,HFC,1,yes,unknown,,,,HB21 §13(i),2027-01-01,,Haltom City v. Pecos HFC (injunction 6/3/2025); Arlington 15-25-00111-CV; Hays Co. (~$230M); Tarrant ARB $974M/28 sites; TWHC HB21 challenge,single-source,5
TX-NEW-HARRIS-7,THE CROSSINGS AT BERKELEY SQUARE,5900 N BRAESWOOD BLVD,Houston,Harris,0954020000003,152,Cameron County Housing Finance Corporation,HFC,1,yes,unknown,15241474.0,350554,estimated (2.3% representative rate),HB21 §13(i),2027-01-01,,Williamson County v. Cameron County HFC (TRO); Bexar AD suit (27 complexes/$26M); TWHC HB21 constitutional challenge,single-source,4
TX-NEW-HARRIS-8,PROVIDENCE AT HEIGHTS,2400 HACKETT DR,Houston,Harris,1041260000001,196,La Villa Housing Finance Corporation,HFC,1,yes,unknown,19068846.0,438583,estimated (2.3% representative rate),HB21 §13(i),2027-01-01,,Fort Worth temporary-order effort; Bexar AD suit; TWHC coalition,single-source,4
TX-NEW-HARRIS-9,PRESERVE AT WESTCHASE APTS,10615 MEADOWGLEN LN,Houston,Harris,1127650000005,480,Maverick County Housing Finance Corporation,HFC,1,yes,unknown,0.0,,,HB21 §13(i),2027-01-01,,"Missouri City v. Maverick County HFC (Fort Bend 268th, TRO); Fort Worth effort; Bexar AD suit; TWHC coalition",single-source,3
TX-NEW-HARRIS-10,HAYSON CREEK,411 HIGHLAND CROSS DR,Houston,Harris,1143120000015,236,La Villa Housing Finance Corporation,HFC,1,yes,unknown,13456324.0,309495,estimated (2.3% representative rate),HB21 §13(i),2027-01-01,,Fort Worth temporary-order effort; Bexar AD suit; TWHC coalition,single-source,4
TX-NEW-HARRIS-11,MEYER FOREST APTS,9701 MEYER FOREST DR,Houston,Harris,1175190000001,345,Maverick County Housing Finance Corporation,HFC,1,yes,unknown,,,,HB21 §13(i),2027-01-01,,"Missouri City v. Maverick County HFC (Fort Bend 268th, TRO); Fort Worth effort; Bexar AD suit; TWHC coalition",single-source,4
TX-NEW-HARRIS-12,PEARCE ON THE LAKE APARTMENTS,900 HENDERSON AVE,Webster,Harris,1178550000001,440,Pecos Housing Finance Corporation,HFC,1,yes,unknown,55870649.0,1285025,estimated (2.3% representative rate),HB21 §13(i),2027-01-01,,Haltom City v. Pecos HFC (injunction 6/3/2025); Arlington 15-25-00111-CV; Hays Co. (~$230M); Tarrant ARB $974M/28 sites; TWHC HB21 challenge,single-source,4
TX-NEW-HARRIS-13,,0 RICHMOND AVE,Houston,Harris,"1192330010003, 1198290000002",,Pleasanton Housing Finance Corporation,HFC,1,yes,unknown,5072.0,117,estimated (2.3% representative rate),HB21 §13(i),2027-01-01,,15-25-00110/-00111-CV (appeals abandoned; TIs stand); Hays Co. 25-1185-DCB TRO; AG RQ-0566-KP pending,single-source,4
TX-NEW-HARRIS-14,DOMINION SQUARE AT OAK FOREST APARTMENTS,1001 PINEMONT DR,Houston,Harris,1224150010001,136,Pleasanton Housing Finance Corporation,HFC,1,yes,unknown,4355220.0,100170,estimated (2.3% representative rate),HB21 §13(i),2027-01-01,,15-25-00110/-00111-CV (appeals abandoned; TIs stand); Hays Co. 25-1185-DCB TRO; AG RQ-0566-KP pending,single-source,4
TX-NEW-HARRIS-15,KINGS COVE,4920 MAGNOLIA COVE DR,Humble,Harris,1286830010001,192,La Villa Housing Finance Corporation,HFC,1,yes,unknown,24222040.0,557107,estimated (2.3% representative rate),HB21 §13(i),2027-01-01,,Fort Worth temporary-order effort; Bexar AD suit; TWHC coalition,single-source,4
TX-NEW-HARRIS-16,SOMMERALL STATION APARTMENTS,6777 SOMMERALL DR,Houston,Harris,1294240010001,368,Pleasanton Housing Finance Corporation,HFC,1,yes,unknown,6528380.0,150153,estimated (2.3% representative rate),HB21 §13(i),2027-01-01,,15-25-00110/-00111-CV (appeals abandoned; TIs stand); Hays Co. 25-1185-DCB TRO; AG RQ-0566-KP pending,single-source,3
TX-NEW-HARRIS-17,HEIGHTS WATERWORKS APARTMENTS,515 W 20TH ST,Houston,Harris,1394150010001,309,Pleasanton Housing Finance Corporation,HFC,1,yes,unknown,,,,HB21 §13(i),2027-01-01,,15-25-00110/-00111-CV (appeals abandoned; TIs stand); Hays Co. 25-1185-DCB TRO; AG RQ-0566-KP pending,single-source,5
TX-NEW-HARRIS-18,15TH STREET FLATS APARTMENTS,1414 N SHEPHERD DR,Houston,Harris,1403490010001,337,Pleasanton Housing Finance Corporation,HFC,1,yes,unknown,,,,HB21 §13(i),2027-01-01,,15-25-00110/-00111-CV (appeals abandoned; TIs stand); Hays Co. 25-1185-DCB TRO; AG RQ-0566-KP pending,single-source,5
TX-NEW-HARRIS-19,27 SEVENTY LOWER HEIGHTS,2770 SUMMER ST,Houston,Harris,1440390000001,375,Maverick County Housing Finance Corporation,HFC,1,yes,unknown,0.0,,,HB21 §13(i),2027-01-01,,"Missouri City v. Maverick County HFC (Fort Bend 268th, TRO); Fort Worth effort; Bexar AD suit; TWHC coalition",single-source,3
TX-36-1273141,Jovie Belterra Apartments,"167 Hargraves Dr, Dripping Springs, TX 78620",Dripping Springs,Hays,R179726,150,Edcouch Community Housing Finance Corporation,HFC,1,yes,unknown,35500000.0,816500,estimated (2.3% representative rate),HB21 §13(i),2027-01-01,,"Not a named party to Hays County v. Pecos HFC & Pleasanton HFC (25-1185-DCB) -- that suit and TRO name only Pecos HFC and Pleasanton HFC. Edcouch Community HFC's Hays County holdings (this property and TX-NEW-HAYS-1/2/3) are not confirmed to be covered by that TRO, yet this account is nonetheless carried fully taxable on both the TY2025 and TY2026 roll -- see kill_analysis and gaps.",single-source,4
TX-36-861336,,,San Marcos,Hays,,,Pecos Housing Finance Corporation,HFC,1,yes,unknown,,,,HB21 §13(i),2027-01-01,,"Hays County v. Pecos Housing Finance Corporation & Pleasanton Housing Finance Corporation, Case No. 25-1185-DCB (filed 4/30/2025, Hays Co. Dist. Ct.) -- Hays County / City of San Marcos sought and obtained a TRO to stop Hays CAD from granting ad valorem exemptions on Pleasanton HFC's and Pecos HFC's San Marcos & Kyle multifamily properties. County Judge Ruben Becerra: proposed exemptions would pull >$227-230M off local rolls, ~$500K/yr county loss alone. 5/5/2025 hearing not held per public reporting; action may be refiled/pending. (Sources: The Real Deal 4/30/2025; KXAN; Pleasanton Express; sponsors/pleasanton-hfc.md, sponsors/pecos-ha.md)",seed,3
TX-36-2275,Vantage at Plum Creek Apartments,"4925 Cromwell Dr, Kyle, TX 78640",Kyle,Hays,R132408,,Pleasanton Housing Finance Corporation,HFC,1,yes,unknown,38000000.0,874000,estimated (2.3% representative rate),HB21 §13(i),2027-01-01,,"Hays County v. Pecos Housing Finance Corporation & Pleasanton Housing Finance Corporation, Case No. 25-1185-DCB (filed 4/30/2025, Hays Co. Dist. Ct.) -- Hays County / City of San Marcos sought and obtained a TRO to stop Hays CAD from granting ad valorem exemptions on Pleasanton HFC's and Pecos HFC's San Marcos & Kyle multifamily properties. County Judge Ruben Becerra: proposed exemptions would pull >$227-230M off local rolls, ~$500K/yr county loss alone. (Sources: The Real Deal 4/30/2025; KXAN; Pleasanton Express; sponsors/pleasanton-hfc.md, sponsors/pecos-ha.md); This account (Kyle) falls within the Hays suit's named subject matter (Pleasanton HFC Kyle & San Marcos properties) and shows zero exemption on the roll in both years since acquisition, consistent with the TRO blocking Hays CAD from granting the exemption.",single-source,2
TX-36-186,The Lodge in San Marcos,"1975 Aquarena Springs Dr, San Marcos, TX 78666",San Marcos,Hays,R100679,258,Pleasanton Housing Finance Corporation,HFC,1,yes,unknown,38600000.0,887800,estimated (2.3% representative rate),HB21 §13(i),2027-01-01,,"Hays County v. Pecos Housing Finance Corporation & Pleasanton Housing Finance Corporation, Case No. 25-1185-DCB (filed 4/30/2025, Hays Co. Dist. Ct.) -- Hays County / City of San Marcos sought and obtained a TRO to stop Hays CAD from granting ad valorem exemptions on Pleasanton HFC's and Pecos HFC's San Marcos & Kyle multifamily properties. County Judge Ruben Becerra: proposed exemptions would pull >$227-230M off local rolls, ~$500K/yr county loss alone. (Sources: The Real Deal 4/30/2025; KXAN; Pleasanton Express; sponsors/pleasanton-hfc.md, sponsors/pecos-ha.md); This account (San Marcos) falls within the Hays suit's named subject matter and shows zero exemption on the roll for both years since acquisition, consistent with the TRO.",single-source,2
TX-36-240,,,San Marcos,Hays,,,Pleasanton Housing Finance Corporation,HFC,1,yes,unknown,,,,HB21 §13(i),2027-01-01,,"Hays County v. Pecos Housing Finance Corporation & Pleasanton Housing Finance Corporation, Case No. 25-1185-DCB (filed 4/30/2025, Hays Co. Dist. Ct.) -- Hays County / City of San Marcos sought and obtained a TRO to stop Hays CAD from granting ad valorem exemptions on Pleasanton HFC's and Pecos HFC's San Marcos & Kyle multifamily properties. County Judge Ruben Becerra: proposed exemptions would pull >$227-230M off local rolls, ~$500K/yr county loss alone. (Sources: The Real Deal 4/30/2025; KXAN; Pleasanton Express; sponsors/pleasanton-hfc.md, sponsors/pecos-ha.md)",seed,1
TX-36-1128394,The Chloe,"3400 Kyle Xing, Kyle, TX 78640",Kyle,Hays,R172991,342,Pleasanton Housing Finance Corporation,HFC,1,yes,unknown,51000000.0,1173000,estimated (2.3% representative rate),HB21 §13(i),2027-01-01,,"Hays County v. Pecos Housing Finance Corporation & Pleasanton Housing Finance Corporation, Case No. 25-1185-DCB (filed 4/30/2025, Hays Co. Dist. Ct.) -- Hays County / City of San Marcos sought and obtained a TRO to stop Hays CAD from granting ad valorem exemptions on Pleasanton HFC's and Pecos HFC's San Marcos & Kyle multifamily properties. County Judge Ruben Becerra: proposed exemptions would pull >$227-230M off local rolls, ~$500K/yr county loss alone. (Sources: The Real Deal 4/30/2025; KXAN; Pleasanton Express; sponsors/pleasanton-hfc.md, sponsors/pecos-ha.md); This account (Kyle) falls within the Hays suit's named subject matter and shows zero exemption on the roll in both years since acquisition, consistent with the TRO.",single-source,1
TX-NEW-HAYS-1,Local Dripping Springs (Lot 1 of 3 CAD accounts),"1282 S Rob Shelton Blvd, Dripping Springs, TX 78620",Dripping Springs,Hays,R190278,,Edcouch Community Housing Finance Corporation,HFC,1,yes,unknown,11000000.0,253000,estimated (2.3% representative rate),HB21 §13(i),2027-01-01,,Not a named party to Hays County v. Pecos HFC & Pleasanton HFC (25-1185-DCB) -- Edcouch Community HFC is not a defendant in that suit.,single-source,3
TX-NEW-HAYS-2,Local Dripping Springs (Lot 2 of 3 CAD accounts),"1282 S Rob Shelton Blvd, Dripping Springs, TX 78620",Dripping Springs,Hays,R190279,,Edcouch Community Housing Finance Corporation,HFC,1,yes,unknown,18000000.0,414000,estimated (2.3% representative rate),HB21 §13(i),2027-01-01,,Not a named party to Hays County v. Pecos HFC & Pleasanton HFC (25-1185-DCB) -- Edcouch Community HFC is not a defendant in that suit.,single-source,2
TX-NEW-HAYS-3,"Local Dripping Springs (Lot 3 of 3 CAD accounts -- small parcel, likely retail/amenity pad)","1282 S Rob Shelton Blvd, Dripping Springs, TX 78620",Dripping Springs,Hays,R190280,,Edcouch Community Housing Finance Corporation,HFC,1,yes,unknown,458050.0,10535,estimated (2.3% representative rate),HB21 §13(i),2027-01-01,,Not a named party to Hays County v. Pecos HFC & Pleasanton HFC (25-1185-DCB) -- Edcouch Community HFC is not a defendant in that suit.,single-source,1
TX-NEW-HAYS-4,Cheatham Street Flats,"407 S Guadalupe St, San Marcos, TX 78666",San Marcos,Hays,R151288,,Texas Essential Housing Public Facility Corporation,PFC,2,yes,unknown,18107596.0,,,"HB2071 / Ch.303 grandfather -- NO 2027 cliff (HB21 is HFC-only, does not reach Ch.303 PFCs)",,,"Not a party to Hays County v. Pecos HFC & Pleasanton HFC (25-1185-DCB) -- different sponsor entirely (PFC, not HFC), and this account IS currently exempt, unlike the Hays-suit properties.; Sponsor-level litigation (not Hays-specific, per data/sponsors.json): Texas Essential Housing PFC v. Williamson CAD, 24-0022-C395 & 24-1698-C395; AG opinion request KP-0437; SB 2434 (dissolution bill) died in the 88th Regular Session.",single-source,3
TX-NEW-HAYS-5,Cheatham Street Flats -- retail/ancillary parcel,"407 S Guadalupe St, San Marcos, TX 78666",San Marcos,Hays,R194294,,Texas Essential Housing Public Facility Corporation,PFC,2,yes,unknown,1388417.0,,,HB2071 / Ch.303 grandfather -- NO 2027 cliff,,,"Not a party to Hays County v. Pecos HFC & Pleasanton HFC (25-1185-DCB) -- different sponsor entirely.; Sponsor-level litigation (not Hays-specific): Texas Essential Housing PFC v. Williamson CAD, 24-0022-C395 & 24-1698-C395; AG opinion request KP-0437.",single-source,2
TX-62-4408,Avaya Kingwood,25710 Loop 494,Kingwood,Montgomery,0004050100903,,Houston Housing Authority,HA,3,yes,unknown,34400000.0,,,HA-specific (Ch.392 Sec.392.005) -- NO statutory 2027 cliff (HB21/HB2071 do not reach Ch.392),,,,cross-validated,3
TX-62-940094,,,Spring,Montgomery,,,Houston Housing Authority,HA,3,yes,unknown,,,,HA-specific (Ch.392) -- no statutory 2027 cliff,,,,seed,3
TX-63-3939,Grove at Sterling Ridge,6900 Lake Woodlands Dr,The Woodlands,Montgomery,0004990000129,,Maverick County Housing Finance Corporation,HFC,1,yes,unknown,44000000.0,1012000,estimated (2.3% representative rate),HB21 §13(i) 2027-01-01 + §13(e) capital-event,2027-01-01,,"Missouri City v. Maverick County HFC (Fort Bend 268th, TRO) -- sponsor-wide, not property-specific; Bexar AD suit (sponsor-wide)",single-source,4
TX-63-2255,Montfair at The Woodlands,10851 Montfair Dr,The Woodlands,Montgomery,0097169900700,310,Maverick County Housing Finance Corporation,HFC,1,yes,unknown,44750000.0,1029250,estimated (2.3% representative rate),HB21 §13(i) 2027-01-01 + §13(e) capital-event,2027-01-01,,"Missouri City v. Maverick County HFC (Fort Bend 268th, TRO) -- sponsor-wide, not property-specific; Bexar AD suit (sponsor-wide)",single-source,3
TX-63-4733,Woodland Landings,5402 FM 1488,Magnolia,Montgomery,0005460004200,,Pleasanton Housing Finance Corporation,HFC,1,yes,unknown,66000000.0,1518000,estimated (2.3% representative rate),HB21 §13(i) 2027-01-01 + §13(e),2027-01-01,,"15-25-00110/-00111-CV (sponsor-wide, appeals abandoned); Hays Co. 25-1185-DCB TRO (sponsor-wide)",cross-validated,3
TX-NEW-MONTGOMERY-1,Porterwood Apartments,24270 FM 1314 Rd,Porter,Montgomery,0004250002900,136,Pecos Housing Finance Corporation,HFC,1,yes,unknown,13650000.0,313950,estimated (2.3% representative rate),HB21 §13(i) 2027-01-01 + §13(e),2027-01-01,,"Haltom City v. Pecos HFC (injunction 6/3/2025) -- sponsor-wide, not property-specific; Tarrant ARB $974M/28 sites -- sponsor-wide; TWHC HB21 constitutional challenge -- sponsor-wide",cross-validated,4
TX-62-878,Little Bend Manor,6607 Prino St,Hitchcock,Galveston,174165,,Cameron County Housing Finance Corporation,HFC,1,yes,exempt_at_2027_risk,4781750,109980,estimated (2.3% representative rate),HB21 §13(i),2027-01-01,exempt,,single-source,2
TX-62-3053,Amalfi (informal),1450 E League City Pkwy,League City,Galveston,511074,,Cameron County Housing Finance Corporation,HFC,1,yes,exempt_at_2027_risk,38000000,874000,estimated (2.3% representative rate),HB21 §13(i),2027-01-01,exempt,,single-source,3
TX-62-4070,Sorrento (informal),1455 Louisiana Ave,League City,Galveston,505005,,Cameron County Housing Finance Corporation,HFC,1,yes,exempt_at_2027_risk,25900000,595700,estimated (2.3% representative rate),HB21 §13(i),2027-01-01,exempt,,single-source,3
TX-62-3044,,504 E Highway 332,Lake Jackson,Brazoria,509957,,Cameron County Housing Finance Corporation,HFC,1,yes,exempt_at_2027_risk,21996610,505922,estimated (2.3% representative rate),HB21 §13(i),2027-01-01,exempt,,single-source,2
TX-215-1546292,,934 W 14th St,Port Arthur,Jefferson,93444,,Cameron County Housing Finance Corporation,HFC,1,yes,exempt_at_2027_risk,7035256,161811,estimated (2.3% representative rate),HB21 §13(i),2027-01-01,exempt,,single-source,2
TX-NEW-GALVESTON-1,Riverbend at Clear Creek Point Lot 10,298 N Wesley Dr,League City,Galveston,741626,,Cameron County Housing Finance Corporation,HFC,1,yes,billed_now,1860390,42789,estimated (2.3% representative rate),N/A - no exemption currently,,taxable,,single-source,2
TX-NEW-GALVESTON-2,Riverbend at Clear Creek Point Lot 9,300 N Wesley Dr,League City,Galveston,741625,,Cameron County Housing Finance Corporation,HFC,1,yes,billed_now,3371030,77534,estimated (2.3% representative rate),N/A - no exemption currently,,taxable,,single-source,1
TX-NEW-GALVESTON-3,Chicory Court (informal),7200 Heards Ln,Galveston,Galveston,114843,,Cameron County Housing Finance Corporation,HFC,1,yes,exempt_at_2027_risk,472930,10877,estimated (2.3% representative rate),HB21 §13(i),2027-01-01,exempt,,single-source,1
TX-NEW-JEFFERSON-1,Northridge Manor,4050 Maida Rd,Beaumont,Jefferson,5895,,Cameron County Housing Finance Corporation,HFC,1,yes,exempt_at_2027_risk,6051221,139178,estimated (2.3% representative rate),HB21 §13(i),2027-01-01,exempt,,single-source,2
TX-113-145,Island Villa,1641 Nile Dr,Corpus Christi,Nueces,"375206, 375207",,Cameron County Housing Finance Corporation,HFC,1,yes,exempt_at_2027_risk,45621255,1049289,estimated (2.3% representative rate),HB21 §13(i),2027-01-01,exempt,,single-source,4
TX-113-122,Encore Crossing,2133 Nodding Pines,Corpus Christi,Nueces,381128,,Cameron County Housing Finance Corporation,HFC,1,yes,exempt_at_2027_risk,32585507,749467,estimated (2.3% representative rate),HB21 §13(i),2027-01-01,exempt,,single-source,3
TX-113-1569,The Retreat,5721 Timbergate Dr,Corpus Christi,Nueces,531384,,Cameron County Housing Finance Corporation,HFC,1,yes,exempt_at_2027_risk,59491032,1368294,estimated (2.3% representative rate),HB21 §13(i),2027-01-01,exempt,,single-source,3
TX-NEW-NUECES-1,Encore Crossing II,2202 Nodding Pines Dr,Corpus Christi,Nueces,523877,,Cameron County Housing Finance Corporation,HFC,1,yes,exempt_at_2027_risk,26084832,599951,estimated (2.3% representative rate),HB21 §13(i),2027-01-01,exempt,,single-source,2
TX-61-1383,Cypress Edge (fmr Langtry Village),1565 N Business 35,New Braunfels,Comal,35758 (land),,Pecos Housing Finance Corporation,HFC,1,yes,billed_now,1313990,30222,estimated (2.3% representative rate),HB21 §13(i),2027-01-01,taxable,,single-source,2
TX-NEW-COMAL-1,The Current,614 N Central Ave,New Braunfels,Comal,429764,,La Villa Housing Finance Corporation,HFC,1,yes,billed_now,23701350,545131,estimated (2.3% representative rate),HB21 §13(i),2027-01-01,taxable,,single-source,1
TX-38-1518161,Live Oak Apartments,4023 N Main St,Cleburne,Johnson,126211701010,,Pecos Housing Finance Corporation,HFC,1,yes,billed_now,40929120,941370,estimated (2.3% representative rate),HB21 §13(i),2027-01-01,taxable,,single-source,2
TX-38-1502285,,1555 W Hwy 380,Decatur,Wise,201132507,,Pecos Housing Finance Corporation,HFC,1,yes,billed_now,33072098,760658,estimated (2.3% representative rate),HB21 §13(i),2027-01-01,taxable,,single-source,3
TX-84-943,,,Waco,McLennan,,,Pleasanton Housing Finance Corporation,HFC,1,yes,unknown,,,,HB21 §13(i),2027-01-01,unknown,,single-source,1
TX-38-674329,,,Burleson,Johnson,,,Pecos Housing Finance Corporation,HFC,1,yes,unknown,,,,HB21 §13(i),2027-01-01,unknown,,single-source,1
TX-37-3117,,,Rockwall,Rockwall,,,Pecos Housing Finance Corporation,HFC,1,yes,unknown,,,,HB21 §13(i),2027-01-01,unknown,,single-source,1
TX-38-740,1505 Exchange,1505 HOMEDALE DR,Fort Worth,Tarrant,4402324,,Pecos Housing Finance Corporation,HFC,1,yes,unknown,21000000,483000,estimated (2.3% representative rate),HB21 §13(i) 1/1/2027 + §13(e) capital-event,already (pre-2027),,"Haltom City v. Pecos HFC — temporary injunction granted 6/3/2025 (docs/phase1_verdict.md); City of Arlington v. Pecos/Pleasanton/Maverick/La Villa HFC coalition — 15-25-00111-CV (15th Court of Appeals); Tarrant County ARB petitions filed 5/28/2025: 28 travelling-HFC sites, $974M total 2025 appraised value, seeking up to 5-yr back-assessment under Tax Code §11.43(i) (tarrantcountytx.gov news release 2025; Fort Worth Report/KERA 6/23-24/2025); Texas Workforce Housing Coalition HB21 constitutional challenge (Cameron Co., filed ~9/2025); TAD shows NO active section 11.11 exemption for this account as of the TY2026 notice (4/15/2026) -- fully taxable now per TAD's own record, independent of any court order. Deed recorded 2025-03-19.",cross-validated,4
TX-38-818,Azora Ranch,3665 MARINE CREEK PKWY,Fort Worth,Tarrant,42793929,,Pecos Housing Finance Corporation,HFC,1,yes,unknown,4180000,96140,estimated (2.3% representative rate),HB21 §13(i) 1/1/2027 + §13(e) capital-event,already (pre-2027),,"Haltom City v. Pecos HFC — temporary injunction granted 6/3/2025 (docs/phase1_verdict.md); City of Arlington v. Pecos/Pleasanton/Maverick/La Villa HFC coalition — 15-25-00111-CV (15th Court of Appeals); Tarrant County ARB petitions filed 5/28/2025: 28 travelling-HFC sites, $974M total 2025 appraised value, seeking up to 5-yr back-assessment under Tax Code §11.43(i) (tarrantcountytx.gov news release 2025; Fort Worth Report/KERA 6/23-24/2025); Texas Workforce Housing Coalition HB21 constitutional challenge (Cameron Co., filed ~9/2025); TAD shows NO active section 11.11 exemption for this account as of the TY2026 notice (4/15/2026) -- fully taxable now per TAD's own record, independent of any court order. Deed recorded 2025-05-16.",cross-validated,4
TX-38-850,500 FLATS (woodridge),500 E LOOP 820,Fort Worth,Tarrant,4325893,,La Villa Housing Finance Corporation,HFC,1,yes,unknown,18400000,423200,estimated (2.3% representative rate),HB21 §13(i)/§13(e),already (pre-2027),,"Fort Worth-area temporary-order effort (13 props/$3.2M per phase1 profile); Bexar AD suit; Tarrant County ARB petitions (28-site/$974M action); TWHC coalition; TAD shows NO active section 11.11 exemption for this account as of the TY2026 notice (4/15/2026) -- fully taxable now per TAD's own record, independent of any court order. Deed recorded 2025-04-04.",cross-validated,3
TX-38-854,Emmit Luxury Apts,5613 COVENTRY PARK DR; 5744 COVENTRY PARK DR,Haltom City,Tarrant,4986261; 4986288,,Pecos Housing Finance Corporation,HFC,1,yes,unknown,41860000,962780,estimated (2.3% representative rate),HB21 §13(i) 1/1/2027 + §13(e) capital-event,already (pre-2027),,"Haltom City v. Pecos HFC — temporary injunction granted 6/3/2025 (docs/phase1_verdict.md); City of Arlington v. Pecos/Pleasanton/Maverick/La Villa HFC coalition — 15-25-00111-CV (15th Court of Appeals); Tarrant County ARB petitions filed 5/28/2025: 28 travelling-HFC sites, $974M total 2025 appraised value, seeking up to 5-yr back-assessment under Tax Code §11.43(i) (tarrantcountytx.gov news release 2025; Fort Worth Report/KERA 6/23-24/2025); Texas Workforce Housing Coalition HB21 constitutional challenge (Cameron Co., filed ~9/2025); Property sits in Haltom City, which won a temporary injunction against Pecos HFC's traveling exemption (6/3/2025, docs/phase1_verdict.md). TAD exemption status for this account: DENIED/absent (no exemption on TAD record)",cross-validated,4
TX-38-856,0 Blue Mound Rd,0 BLUE MOUND RD,Fort Worth,Tarrant,42721201,,Pleasanton Housing Finance Corporation,HFC,1,yes,unknown,451037,10374,estimated (2.3% representative rate),HB21 §13(i) 1/1/2027 + §13(e); Lake Worth/Arlington/Fort Worth/Missouri City temporary injunctions now STAND — PHFC abandoned its appeals (15-25-00110-CV/-00111-CV),2027-01-01,,15-25-00110-CV / 15-25-00111-CV (appeals abandoned; injunctions stand); Hays Co. 25-1185-DCB TRO; Tarrant County ARB petitions (same 28-site/$974M action covers multiple Tarrant HFC sponsors incl. Pleasanton); AG RQ-0566-KP pending,cross-validated,3
TX-38-862,Athena,5524 CROSSCREEK LN,Benbrook,Tarrant,640654,,Pecos Housing Finance Corporation,HFC,1,yes,unknown,27600000,634800,estimated (2.3% representative rate),HB21 §13(i) 1/1/2027 + §13(e) capital-event,already (pre-2027),,"Haltom City v. Pecos HFC — temporary injunction granted 6/3/2025 (docs/phase1_verdict.md); City of Arlington v. Pecos/Pleasanton/Maverick/La Villa HFC coalition — 15-25-00111-CV (15th Court of Appeals); Tarrant County ARB petitions filed 5/28/2025: 28 travelling-HFC sites, $974M total 2025 appraised value, seeking up to 5-yr back-assessment under Tax Code §11.43(i) (tarrantcountytx.gov news release 2025; Fort Worth Report/KERA 6/23-24/2025); Texas Workforce Housing Coalition HB21 constitutional challenge (Cameron Co., filed ~9/2025); TAD shows NO active section 11.11 exemption for this account as of the TY2026 notice (4/15/2026) -- fully taxable now per TAD's own record, independent of any court order. Deed recorded 2025-05-19.",cross-validated,4
TX-38-864,Lawson,5608 ROYAL LN,Benbrook,Tarrant,4770773,,Pecos Housing Finance Corporation,HFC,1,yes,unknown,18200000,418600,estimated (2.3% representative rate),HB21 §13(i) 1/1/2027 + §13(e) capital-event,already (pre-2027),,"Haltom City v. Pecos HFC — temporary injunction granted 6/3/2025 (docs/phase1_verdict.md); City of Arlington v. Pecos/Pleasanton/Maverick/La Villa HFC coalition — 15-25-00111-CV (15th Court of Appeals); Tarrant County ARB petitions filed 5/28/2025: 28 travelling-HFC sites, $974M total 2025 appraised value, seeking up to 5-yr back-assessment under Tax Code §11.43(i) (tarrantcountytx.gov news release 2025; Fort Worth Report/KERA 6/23-24/2025); Texas Workforce Housing Coalition HB21 constitutional challenge (Cameron Co., filed ~9/2025); TAD shows NO active section 11.11 exemption for this account as of the TY2026 notice (4/15/2026) -- fully taxable now per TAD's own record, independent of any court order. Deed recorded 2025-04-25.",cross-validated,4
TX-38-865,Leander Apt Homes,5707 BELLAIRE DR S,Benbrook,Tarrant,640816,,Pecos Housing Finance Corporation,HFC,1,yes,unknown,17300000,397900,estimated (2.3% representative rate),HB21 §13(i) 1/1/2027 + §13(e) capital-event,already (pre-2027),,"Haltom City v. Pecos HFC — temporary injunction granted 6/3/2025 (docs/phase1_verdict.md); City of Arlington v. Pecos/Pleasanton/Maverick/La Villa HFC coalition — 15-25-00111-CV (15th Court of Appeals); Tarrant County ARB petitions filed 5/28/2025: 28 travelling-HFC sites, $974M total 2025 appraised value, seeking up to 5-yr back-assessment under Tax Code §11.43(i) (tarrantcountytx.gov news release 2025; Fort Worth Report/KERA 6/23-24/2025); Texas Workforce Housing Coalition HB21 constitutional challenge (Cameron Co., filed ~9/2025); TAD shows NO active section 11.11 exemption for this account as of the TY2026 notice (4/15/2026) -- fully taxable now per TAD's own record, independent of any court order. Deed recorded 2025-04-25.",cross-validated,4
TX-38-867,Sagamore Apartment Homes,5643 BELLAIRE DR S; 5644 RIVER WALK DR,Benbrook,Tarrant,640794; 640808,,Pecos Housing Finance Corporation,HFC,1,yes,unknown,35200000,809600,estimated (2.3% representative rate),HB21 §13(i) 1/1/2027 + §13(e) capital-event,already (pre-2027),,"Haltom City v. Pecos HFC — temporary injunction granted 6/3/2025 (docs/phase1_verdict.md); City of Arlington v. Pecos/Pleasanton/Maverick/La Villa HFC coalition — 15-25-00111-CV (15th Court of Appeals); Tarrant County ARB petitions filed 5/28/2025: 28 travelling-HFC sites, $974M total 2025 appraised value, seeking up to 5-yr back-assessment under Tax Code §11.43(i) (tarrantcountytx.gov news release 2025; Fort Worth Report/KERA 6/23-24/2025); Texas Workforce Housing Coalition HB21 constitutional challenge (Cameron Co., filed ~9/2025); TAD shows NO active section 11.11 exemption for this account as of the TY2026 notice (4/15/2026) -- fully taxable now per TAD's own record, independent of any court order. Deed recorded 2025-05-19.",cross-validated,4
TX-38-923,5300 Village Ln Apts,5200 VILLAGE LN; 5221 VILLAGE LN; 5300 VILLAGE LN; 5301 VILLAGE LN,Fort Worth,Tarrant,4705912; 4705920; 4705939; 4705947,,Cameron County Housing Finance Corporation,HFC,1,yes,unknown,20100000,462300,estimated (2.3% representative rate),HB21 §13(i)/§13(e),2027-01-01,,Williamson County v. Cameron County HFC (TRO); Bexar AD suit (27 complexes/$26M); Tarrant County ARB petitions (28-site/$974M action); TWHC HB21 constitutional challenge,cross-validated,4
TX-38-931,Bridge Hollow Apartments,5801 BRIDGE ST,Fort Worth,Tarrant,4972759,,Pecos Housing Finance Corporation,HFC,1,yes,unknown,24000000,552000,estimated (2.3% representative rate),HB21 §13(i) 1/1/2027 + §13(e) capital-event,2027-01-01,,"Haltom City v. Pecos HFC — temporary injunction granted 6/3/2025 (docs/phase1_verdict.md); City of Arlington v. Pecos/Pleasanton/Maverick/La Villa HFC coalition — 15-25-00111-CV (15th Court of Appeals); Tarrant County ARB petitions filed 5/28/2025: 28 travelling-HFC sites, $974M total 2025 appraised value, seeking up to 5-yr back-assessment under Tax Code §11.43(i) (tarrantcountytx.gov news release 2025; Fort Worth Report/KERA 6/23-24/2025); Texas Workforce Housing Coalition HB21 constitutional challenge (Cameron Co., filed ~9/2025)",cross-validated,4
TX-38-1046,Palace Of Arlington,1601 REGENCY CT,Arlington,Tarrant,1181793; 4620070,,Texas Essential Housing Public Facility Corporation,PFC,2,yes,unknown,43300000,,,"NO 2027 cliff (HB21 is HFC-only). Event-driven: 99-yr ground-lease term, capital event, §303.0426 audit failure, CAD/AG challenge (KP-0437)",,,"TEHPFC v. Williamson CAD 24-0022-C395 & 24-1698-C395; AG KP-0437; Property sits in Arlington, plaintiff in the 15-25-00111-CV coalition suit/TRO against traveling HFCs (docs/phase1_verdict.md). TAD exemption status for this account: ACTIVE (section 11.11 still on file)",cross-validated,3
TX-38-1047,Cortland Riverside,6032 TRAVERTINE LN,Fort Worth,Tarrant,42220791; 42220783,374,Pleasanton Housing Finance Corporation,HFC,1,yes,billed_now,65400000,1555984,precise (per-account rate),HB21 §13(i) 1/1/2027 + §13(e); Lake Worth/Arlington/Fort Worth/Missouri City temporary injunctions now STAND — PHFC abandoned its appeals (15-25-00110-CV/-00111-CV),already (pre-2027),,"15-25-00110-CV / 15-25-00111-CV (appeals abandoned; injunctions stand); Hays Co. 25-1185-DCB TRO; Tarrant County ARB petitions (same 28-site/$974M action covers multiple Tarrant HFC sponsors incl. Pleasanton); AG RQ-0566-KP pending; TAD shows NO active section 11.11 exemption for this account as of the TY2026 notice (4/15/2026) -- fully taxable now per TAD's own record, independent of any court order. Deed recorded 2025-03-07.",cross-validated,4
TX-38-1111,Hills At Ironhorse,6424 INDUSTRIAL PARK BLVD,North Richland Hills,Tarrant,4986776,,Pecos Housing Finance Corporation,HFC,1,yes,unknown,31600000,726800,estimated (2.3% representative rate),HB21 §13(i) 1/1/2027 + §13(e) capital-event,already (pre-2027),,"Haltom City v. Pecos HFC — temporary injunction granted 6/3/2025 (docs/phase1_verdict.md); City of Arlington v. Pecos/Pleasanton/Maverick/La Villa HFC coalition — 15-25-00111-CV (15th Court of Appeals); Tarrant County ARB petitions filed 5/28/2025: 28 travelling-HFC sites, $974M total 2025 appraised value, seeking up to 5-yr back-assessment under Tax Code §11.43(i) (tarrantcountytx.gov news release 2025; Fort Worth Report/KERA 6/23-24/2025); Texas Workforce Housing Coalition HB21 constitutional challenge (Cameron Co., filed ~9/2025); TAD shows NO active section 11.11 exemption for this account as of the TY2026 notice (4/15/2026) -- fully taxable now per TAD's own record, independent of any court order. Deed recorded 2025-04-29.",cross-validated,4
TX-38-1179,Casa Villa,6130 OAKLAND HILLS DR,Fort Worth,Tarrant,4855280,,Pecos Housing Finance Corporation,HFC,1,yes,unknown,13300000,305900,estimated (2.3% representative rate),HB21 §13(i) 1/1/2027 + §13(e) capital-event,already (pre-2027),,"Haltom City v. Pecos HFC — temporary injunction granted 6/3/2025 (docs/phase1_verdict.md); City of Arlington v. Pecos/Pleasanton/Maverick/La Villa HFC coalition — 15-25-00111-CV (15th Court of Appeals); Tarrant County ARB petitions filed 5/28/2025: 28 travelling-HFC sites, $974M total 2025 appraised value, seeking up to 5-yr back-assessment under Tax Code §11.43(i) (tarrantcountytx.gov news release 2025; Fort Worth Report/KERA 6/23-24/2025); Texas Workforce Housing Coalition HB21 constitutional challenge (Cameron Co., filed ~9/2025); TAD shows NO active section 11.11 exemption for this account as of the TY2026 notice (4/15/2026) -- fully taxable now per TAD's own record, independent of any court order. Deed recorded 2025-04-30.",cross-validated,4
TX-38-1260,Cedar Point Apts,2020 CEDAR POINT DR,Arlington,Tarrant,1592742,,Pecos Housing Finance Corporation,HFC,1,yes,unknown,31900000,733700,estimated (2.3% representative rate),HB21 §13(i) 1/1/2027 + §13(e) capital-event,2027-01-01,,"Haltom City v. Pecos HFC — temporary injunction granted 6/3/2025 (docs/phase1_verdict.md); City of Arlington v. Pecos/Pleasanton/Maverick/La Villa HFC coalition — 15-25-00111-CV (15th Court of Appeals); Tarrant County ARB petitions filed 5/28/2025: 28 travelling-HFC sites, $974M total 2025 appraised value, seeking up to 5-yr back-assessment under Tax Code §11.43(i) (tarrantcountytx.gov news release 2025; Fort Worth Report/KERA 6/23-24/2025); Texas Workforce Housing Coalition HB21 constitutional challenge (Cameron Co., filed ~9/2025); Property sits in Arlington, plaintiff in the 15-25-00111-CV coalition suit/TRO against traveling HFCs (docs/phase1_verdict.md). TAD exemption status for this account: ACTIVE (section 11.11 still on file)",cross-validated,4
TX-38-1456,the carmin,723 BRENTFORD PL,Arlington,Tarrant,4761634,,La Villa Housing Finance Corporation,HFC,1,yes,unknown,21100000,485300,estimated (2.3% representative rate),HB21 §13(i)/§13(e),already (pre-2027),,"Fort Worth-area temporary-order effort (13 props/$3.2M per phase1 profile); Bexar AD suit; Tarrant County ARB petitions (28-site/$974M action); TWHC coalition; Property sits in Arlington, plaintiff in the 15-25-00111-CV coalition suit/TRO against traveling HFCs (docs/phase1_verdict.md). TAD exemption status for this account: DENIED/absent (no exemption on TAD record)",cross-validated,4
TX-38-1487,Elliot Windsprint Apts,2305 WINDSPRINT WAY,Arlington,Tarrant,4846710,,Edcouch Community Housing Finance Corporation,HFC,1,yes,unknown,34600000,795800,estimated (2.3% representative rate),HB21 §13(i)/§13(e),already (pre-2027),,"Bexar AD suit; Tarrant County ARB petitions (28-site/$974M action); TWHC coalition; Property sits in Arlington, plaintiff in the 15-25-00111-CV coalition suit/TRO against traveling HFCs (docs/phase1_verdict.md). TAD exemption status for this account: DENIED/absent (no exemption on TAD record)",cross-validated,5
TX-38-1510,Dylan East Fort Worth,2324 MEADOWBROOK GARDENS DR,Fort Worth,Tarrant,4849264,,Cameron County Housing Finance Corporation,HFC,1,yes,unknown,15200000,349600,estimated (2.3% representative rate),HB21 §13(i)/§13(e),2027-01-01,,Williamson County v. Cameron County HFC (TRO); Bexar AD suit (27 complexes/$26M); Tarrant County ARB petitions (28-site/$974M action); TWHC HB21 constitutional challenge,cross-validated,3
TX-38-1550,Cedar At River Legacy Park,903 ASHFORD LN,Arlington,Tarrant,4970594,,Pleasanton Housing Finance Corporation,HFC,1,yes,unknown,32800000,754400,estimated (2.3% representative rate),HB21 §13(i) 1/1/2027 + §13(e); Lake Worth/Arlington/Fort Worth/Missouri City temporary injunctions now STAND — PHFC abandoned its appeals (15-25-00110-CV/-00111-CV),already (pre-2027),,"15-25-00110-CV / 15-25-00111-CV (appeals abandoned; injunctions stand); Hays Co. 25-1185-DCB TRO; Tarrant County ARB petitions (same 28-site/$974M action covers multiple Tarrant HFC sponsors incl. Pleasanton); AG RQ-0566-KP pending; Property sits in Arlington, plaintiff in the 15-25-00111-CV coalition suit/TRO against traveling HFCs (docs/phase1_verdict.md). TAD exemption status for this account: DENIED/absent (no exemption on TAD record)",cross-validated,3
TX-38-1661,Decker Apartment Homes,6351 VEGA DR,Fort Worth,Tarrant,4885953,,Pecos Housing Finance Corporation,HFC,1,yes,unknown,18100000,416300,estimated (2.3% representative rate),HB21 §13(i) 1/1/2027 + §13(e) capital-event,already (pre-2027),,"Haltom City v. Pecos HFC — temporary injunction granted 6/3/2025 (docs/phase1_verdict.md); City of Arlington v. Pecos/Pleasanton/Maverick/La Villa HFC coalition — 15-25-00111-CV (15th Court of Appeals); Tarrant County ARB petitions filed 5/28/2025: 28 travelling-HFC sites, $974M total 2025 appraised value, seeking up to 5-yr back-assessment under Tax Code §11.43(i) (tarrantcountytx.gov news release 2025; Fort Worth Report/KERA 6/23-24/2025); Texas Workforce Housing Coalition HB21 constitutional challenge (Cameron Co., filed ~9/2025); TAD shows NO active section 11.11 exemption for this account as of the TY2026 notice (4/15/2026) -- fully taxable now per TAD's own record, independent of any court order. Deed recorded 2025-05-16.",cross-validated,3
TX-38-1744,Parkwyn,4401 GLENVIEW CT,North Richland Hills,Tarrant,5647452,,Pecos Housing Finance Corporation,HFC,1,yes,unknown,29300000,673900,estimated (2.3% representative rate),HB21 §13(i) 1/1/2027 + §13(e) capital-event,already (pre-2027),,"Haltom City v. Pecos HFC — temporary injunction granted 6/3/2025 (docs/phase1_verdict.md); City of Arlington v. Pecos/Pleasanton/Maverick/La Villa HFC coalition — 15-25-00111-CV (15th Court of Appeals); Tarrant County ARB petitions filed 5/28/2025: 28 travelling-HFC sites, $974M total 2025 appraised value, seeking up to 5-yr back-assessment under Tax Code §11.43(i) (tarrantcountytx.gov news release 2025; Fort Worth Report/KERA 6/23-24/2025); Texas Workforce Housing Coalition HB21 constitutional challenge (Cameron Co., filed ~9/2025); TAD shows NO active section 11.11 exemption for this account as of the TY2026 notice (4/15/2026) -- fully taxable now per TAD's own record, independent of any court order. Deed recorded 2025-04-29.",cross-validated,4
TX-38-2135,Monarch Pass Apartment Homes,4500 CAMPUS DR,Fort Worth,Tarrant,4981812,,Cameron County Housing Finance Corporation,HFC,1,yes,exempt_at_2027_risk,96000000,2219789,precise (per-account rate),HB21 §13(i)/§13(e),2027-01-01,,Williamson County v. Cameron County HFC (TRO); Bexar AD suit (27 complexes/$26M); Tarrant County ARB petitions (28-site/$974M action); TWHC HB21 constitutional challenge; TAD lists 'Waive Interest due to Litigation Settlement' on this account -- indicates a litigation settlement already reached covering this specific parcel.,cross-validated,3
TX-38-2158,Stella,8222 CALMONT AVE,Fort Worth,Tarrant,1198998,,Pecos Housing Finance Corporation,HFC,1,yes,unknown,14500000,333500,estimated (2.3% representative rate),HB21 §13(i) 1/1/2027 + §13(e) capital-event,already (pre-2027),,"Haltom City v. Pecos HFC — temporary injunction granted 6/3/2025 (docs/phase1_verdict.md); City of Arlington v. Pecos/Pleasanton/Maverick/La Villa HFC coalition — 15-25-00111-CV (15th Court of Appeals); Tarrant County ARB petitions filed 5/28/2025: 28 travelling-HFC sites, $974M total 2025 appraised value, seeking up to 5-yr back-assessment under Tax Code §11.43(i) (tarrantcountytx.gov news release 2025; Fort Worth Report/KERA 6/23-24/2025); Texas Workforce Housing Coalition HB21 constitutional challenge (Cameron Co., filed ~9/2025); TAD shows NO active section 11.11 exemption for this account as of the TY2026 notice (4/15/2026) -- fully taxable now per TAD's own record, independent of any court order. Deed recorded 2025-05-09.",cross-validated,4
TX-38-2188,Stillwater Crystal Springs Apts,113 WESTERN SWING WAY,Fort Worth,Tarrant,42699604,387,Pecos Housing Finance Corporation,HFC,1,yes,billed_now,67300000,1556164,precise (per-account rate),HB21 §13(i) 1/1/2027 + §13(e) capital-event,already (pre-2027),,"Haltom City v. Pecos HFC — temporary injunction granted 6/3/2025 (docs/phase1_verdict.md); City of Arlington v. Pecos/Pleasanton/Maverick/La Villa HFC coalition — 15-25-00111-CV (15th Court of Appeals); Tarrant County ARB petitions filed 5/28/2025: 28 travelling-HFC sites, $974M total 2025 appraised value, seeking up to 5-yr back-assessment under Tax Code §11.43(i) (tarrantcountytx.gov news release 2025; Fort Worth Report/KERA 6/23-24/2025); Texas Workforce Housing Coalition HB21 constitutional challenge (Cameron Co., filed ~9/2025); TAD shows NO active section 11.11 exemption for this account as of the TY2026 notice (4/15/2026) -- fully taxable now per TAD's own record, independent of any court order. Deed recorded 2025-03-28.",cross-validated,4
TX-38-2280,Taylor Commons Apts.,5600 COTSWOLD HILLS DR,Fort Worth,Tarrant,538744,,Pecos Housing Finance Corporation,HFC,1,yes,unknown,20800000,478400,estimated (2.3% representative rate),HB21 §13(i) 1/1/2027 + §13(e) capital-event,already (pre-2027),,"Haltom City v. Pecos HFC — temporary injunction granted 6/3/2025 (docs/phase1_verdict.md); City of Arlington v. Pecos/Pleasanton/Maverick/La Villa HFC coalition — 15-25-00111-CV (15th Court of Appeals); Tarrant County ARB petitions filed 5/28/2025: 28 travelling-HFC sites, $974M total 2025 appraised value, seeking up to 5-yr back-assessment under Tax Code §11.43(i) (tarrantcountytx.gov news release 2025; Fort Worth Report/KERA 6/23-24/2025); Texas Workforce Housing Coalition HB21 constitutional challenge (Cameron Co., filed ~9/2025); TAD shows NO active section 11.11 exemption for this account as of the TY2026 notice (4/15/2026) -- fully taxable now per TAD's own record, independent of any court order. Deed recorded 2025-03-24.",cross-validated,4
TX-38-2281,The Falls The Oaks,8901 S NORMANDALE ST; 9051 S NORMANDALE ST,Fort Worth,Tarrant,3435024; 3435075,,Pecos Housing Finance Corporation,HFC,1,yes,unknown,40700000,936100,estimated (2.3% representative rate),HB21 §13(i) 1/1/2027 + §13(e) capital-event,2027-01-01,,"Haltom City v. Pecos HFC — temporary injunction granted 6/3/2025 (docs/phase1_verdict.md); City of Arlington v. Pecos/Pleasanton/Maverick/La Villa HFC coalition — 15-25-00111-CV (15th Court of Appeals); Tarrant County ARB petitions filed 5/28/2025: 28 travelling-HFC sites, $974M total 2025 appraised value, seeking up to 5-yr back-assessment under Tax Code §11.43(i) (tarrantcountytx.gov news release 2025; Fort Worth Report/KERA 6/23-24/2025); Texas Workforce Housing Coalition HB21 constitutional challenge (Cameron Co., filed ~9/2025)",cross-validated,4
TX-38-2289,Lost Spurs Ranch Apts,13450 ALTA VISTA RD,Fort Worth,Tarrant,7830262,,Maverick County Housing Finance Corporation,HFC,1,yes,unknown,37300000,857900,estimated (2.3% representative rate),HB21 §13(i)/§13(e); chartered 6/24/2024 — acquisitions on/after 5/28/2025 barred outright by §394.031(c)-(d) rather than merely cliffed,already (pre-2027),,"Missouri City v. Maverick County HFC (Fort Bend 268th, TRO); Fort Worth-area effort; Bexar AD suit; Tarrant County ARB petitions (28-site/$974M action); TWHC coalition; TAD shows NO active section 11.11 exemption for this account as of the TY2026 notice (4/15/2026) -- fully taxable now per TAD's own record, independent of any court order. Deed recorded 2025-04-30.",cross-validated,4
TX-38-2293,The Ryan Apts,6051 BRIDGE ST,Fort Worth,Tarrant,4972848,,Pecos Housing Finance Corporation,HFC,1,yes,unknown,16200000,372600,estimated (2.3% representative rate),HB21 §13(i) 1/1/2027 + §13(e) capital-event,2027-01-01,,"Haltom City v. Pecos HFC — temporary injunction granted 6/3/2025 (docs/phase1_verdict.md); City of Arlington v. Pecos/Pleasanton/Maverick/La Villa HFC coalition — 15-25-00111-CV (15th Court of Appeals); Tarrant County ARB petitions filed 5/28/2025: 28 travelling-HFC sites, $974M total 2025 appraised value, seeking up to 5-yr back-assessment under Tax Code §11.43(i) (tarrantcountytx.gov news release 2025; Fort Worth Report/KERA 6/23-24/2025); Texas Workforce Housing Coalition HB21 constitutional challenge (Cameron Co., filed ~9/2025)",cross-validated,4
TX-38-2295,Vine on North Park,601 PARK BLVD,Grapevine,Tarrant,5647622; 5647630,,Pecos Housing Finance Corporation,HFC,1,yes,unknown,40900000,940700,estimated (2.3% representative rate),HB21 §13(i) 1/1/2027 + §13(e) capital-event,already (pre-2027),,"Haltom City v. Pecos HFC — temporary injunction granted 6/3/2025 (docs/phase1_verdict.md); City of Arlington v. Pecos/Pleasanton/Maverick/La Villa HFC coalition — 15-25-00111-CV (15th Court of Appeals); Tarrant County ARB petitions filed 5/28/2025: 28 travelling-HFC sites, $974M total 2025 appraised value, seeking up to 5-yr back-assessment under Tax Code §11.43(i) (tarrantcountytx.gov news release 2025; Fort Worth Report/KERA 6/23-24/2025); Texas Workforce Housing Coalition HB21 constitutional challenge (Cameron Co., filed ~9/2025); TAD shows NO active section 11.11 exemption for this account as of the TY2026 notice (4/15/2026) -- fully taxable now per TAD's own record, independent of any court order. Deed recorded 2025-04-29.",cross-validated,4
TX-38-2304,Flats On Mill,8925 RANDOL MILL RD,Fort Worth,Tarrant,5550939,,La Villa Housing Finance Corporation,HFC,1,yes,unknown,21300000,489900,estimated (2.3% representative rate),HB21 §13(i)/§13(e),already (pre-2027),,"Fort Worth-area temporary-order effort (13 props/$3.2M per phase1 profile); Bexar AD suit; Tarrant County ARB petitions (28-site/$974M action); TWHC coalition; TAD shows NO active section 11.11 exemption for this account as of the TY2026 notice (4/15/2026) -- fully taxable now per TAD's own record, independent of any court order. Deed recorded 2025-04-30.",cross-validated,3
TX-38-2407,The Hudson,6715 BUENOS AIRES DR,North Richland Hills,Tarrant,4987144,,Pecos Housing Finance Corporation,HFC,1,yes,unknown,32500000,747500,estimated (2.3% representative rate),HB21 §13(i) 1/1/2027 + §13(e) capital-event,already (pre-2027),,"Haltom City v. Pecos HFC — temporary injunction granted 6/3/2025 (docs/phase1_verdict.md); City of Arlington v. Pecos/Pleasanton/Maverick/La Villa HFC coalition — 15-25-00111-CV (15th Court of Appeals); Tarrant County ARB petitions filed 5/28/2025: 28 travelling-HFC sites, $974M total 2025 appraised value, seeking up to 5-yr back-assessment under Tax Code §11.43(i) (tarrantcountytx.gov news release 2025; Fort Worth Report/KERA 6/23-24/2025); Texas Workforce Housing Coalition HB21 constitutional challenge (Cameron Co., filed ~9/2025); TAD shows NO active section 11.11 exemption for this account as of the TY2026 notice (4/15/2026) -- fully taxable now per TAD's own record, independent of any court order. Deed recorded 2025-04-29.",cross-validated,3
TX-38-2481,Jefferson North Collins,735 WASHINGTON DR,Arlington,Tarrant,42642581,344,Pecos Housing Finance Corporation,HFC,1,yes,exempt_at_2027_risk,68000000,1382338,precise (per-account rate),HB21 §13(i) 1/1/2027 + §13(e) capital-event,2027-01-01,,"Haltom City v. Pecos HFC — temporary injunction granted 6/3/2025 (docs/phase1_verdict.md); City of Arlington v. Pecos/Pleasanton/Maverick/La Villa HFC coalition — 15-25-00111-CV (15th Court of Appeals); Tarrant County ARB petitions filed 5/28/2025: 28 travelling-HFC sites, $974M total 2025 appraised value, seeking up to 5-yr back-assessment under Tax Code §11.43(i) (tarrantcountytx.gov news release 2025; Fort Worth Report/KERA 6/23-24/2025); Texas Workforce Housing Coalition HB21 constitutional challenge (Cameron Co., filed ~9/2025); Property sits in Arlington, plaintiff in the 15-25-00111-CV coalition suit/TRO against traveling HFCs (docs/phase1_verdict.md). TAD exemption status for this account: ACTIVE (section 11.11 still on file)",cross-validated,4
TX-38-2533,,,Roanoke,Tarrant,,,Maverick County Housing Finance Corporation,HFC,1,yes,unknown,,,,HB21 §13(i)/§13(e); chartered 6/24/2024 — acquisitions on/after 5/28/2025 barred outright by §394.031(c)-(d) rather than merely cliffed,2027-01-01 (sponsor-level default; NOT property-confirmed),,"Missouri City v. Maverick County HFC (Fort Bend 268th, TRO); Fort Worth-area effort; Bexar AD suit; Tarrant County ARB petitions (28-site/$974M action); TWHC coalition",seed,2
TX-38-2606,Mag and May Apts,300 W MORPHY ST,Fort Worth,Tarrant,42332301,,Maverick County Housing Finance Corporation,HFC,1,yes,unknown,38700000,890100,estimated (2.3% representative rate),HB21 §13(i)/§13(e); chartered 6/24/2024 — acquisitions on/after 5/28/2025 barred outright by §394.031(c)-(d) rather than merely cliffed,2027-01-01,,"Missouri City v. Maverick County HFC (Fort Bend 268th, TRO); Fort Worth-area effort; Bexar AD suit; Tarrant County ARB petitions (28-site/$974M action); TWHC coalition",cross-validated,3
TX-38-2699,Flats At Brentwood,2188 E LOOP 820,Fort Worth,Tarrant,1184954,,Pleasanton Housing Finance Corporation,HFC,1,yes,unknown,15100000,347300,estimated (2.3% representative rate),HB21 §13(i) 1/1/2027 + §13(e); Lake Worth/Arlington/Fort Worth/Missouri City temporary injunctions now STAND — PHFC abandoned its appeals (15-25-00110-CV/-00111-CV),2027-01-01,,15-25-00110-CV / 15-25-00111-CV (appeals abandoned; injunctions stand); Hays Co. 25-1185-DCB TRO; Tarrant County ARB petitions (same 28-site/$974M action covers multiple Tarrant HFC sponsors incl. Pleasanton); AG RQ-0566-KP pending; TAD lists 'Waive Interest due to Litigation Settlement' on this account -- indicates a litigation settlement already reached covering this specific parcel.,cross-validated,3
TX-38-2732,Meadow Ridge,3001 W NORMANDALE ST,Fort Worth,Tarrant,41525787; 41564685,,Edcouch Community Housing Finance Corporation,HFC,1,yes,unknown,38600000,887800,estimated (2.3% representative rate),HB21 §13(i)/§13(e),2027-01-01,,Bexar AD suit; Tarrant County ARB petitions (28-site/$974M action); TWHC coalition,cross-validated,3
TX-38-2748,The Sovereign,5301 NORTH TARRANT PKWY,Fort Worth,Tarrant,41652207,,Maverick County Housing Finance Corporation,HFC,1,yes,exempt_at_2027_risk,60500000,1379630,precise (per-account rate),HB21 §13(i)/§13(e); chartered 6/24/2024 — acquisitions on/after 5/28/2025 barred outright by §394.031(c)-(d) rather than merely cliffed,2027-01-01,,"Missouri City v. Maverick County HFC (Fort Bend 268th, TRO); Fort Worth-area effort; Bexar AD suit; Tarrant County ARB petitions (28-site/$974M action); TWHC coalition",cross-validated,3
TX-38-2811,Sierra Gardens,2006 TAXCO RD; 2200 RIDGMAR PLZ; 2200 TAXCO RD,Fort Worth,Tarrant,2445921; 5968631; 4691865,,Cameron County Housing Finance Corporation,HFC,1,yes,unknown,18100000,416300,estimated (2.3% representative rate),HB21 §13(i)/§13(e),already (pre-2027),,"Williamson County v. Cameron County HFC (TRO); Bexar AD suit (27 complexes/$26M); Tarrant County ARB petitions (28-site/$974M action); TWHC HB21 constitutional challenge; TAD shows NO active section 11.11 exemption for this account as of the TY2026 notice (4/15/2026) -- fully taxable now per TAD's own record, independent of any court order. Deed recorded 2025-05-22.",cross-validated,3
TX-38-2869,Tides At North Arlington,2201 PRESIDENTS CORNER DR; 707 WASHINGTON DR,Arlington,Tarrant,2146436; 2146290,,Pleasanton Housing Finance Corporation,HFC,1,yes,unknown,37100000,853300,estimated (2.3% representative rate),HB21 §13(i) 1/1/2027 + §13(e); Lake Worth/Arlington/Fort Worth/Missouri City temporary injunctions now STAND — PHFC abandoned its appeals (15-25-00110-CV/-00111-CV),already (pre-2027),,"15-25-00110-CV / 15-25-00111-CV (appeals abandoned; injunctions stand); Hays Co. 25-1185-DCB TRO; Tarrant County ARB petitions (same 28-site/$974M action covers multiple Tarrant HFC sponsors incl. Pleasanton); AG RQ-0566-KP pending; Property sits in Arlington, plaintiff in the 15-25-00111-CV coalition suit/TRO against traveling HFCs (docs/phase1_verdict.md). TAD exemption status for this account: DENIED/absent (no exemption on TAD record)",cross-validated,3
TX-38-2879,The Woodlands,6991 ANDERSON BLVD; 7030 JOHN T WHITE RD; 7040 JOHN T WHITE RD,Fort Worth,Tarrant,4447727; 6468071; 5654394,,Pecos Housing Finance Corporation,HFC,1,yes,unknown,25500000,586500,estimated (2.3% representative rate),HB21 §13(i) 1/1/2027 + §13(e) capital-event,already (pre-2027),,"Haltom City v. Pecos HFC — temporary injunction granted 6/3/2025 (docs/phase1_verdict.md); City of Arlington v. Pecos/Pleasanton/Maverick/La Villa HFC coalition — 15-25-00111-CV (15th Court of Appeals); Tarrant County ARB petitions filed 5/28/2025: 28 travelling-HFC sites, $974M total 2025 appraised value, seeking up to 5-yr back-assessment under Tax Code §11.43(i) (tarrantcountytx.gov news release 2025; Fort Worth Report/KERA 6/23-24/2025); Texas Workforce Housing Coalition HB21 constitutional challenge (Cameron Co., filed ~9/2025); TAD shows NO active section 11.11 exemption for this account as of the TY2026 notice (4/15/2026) -- fully taxable now per TAD's own record, independent of any court order. Deed recorded 2025-03-19.",cross-validated,4
TX-38-383621,Tides at Eastchase,8900 RANDOL MILL RD,Fort Worth,Tarrant,5682045,,Pecos Housing Finance Corporation,HFC,1,yes,unknown,25500000,586500,estimated (2.3% representative rate),HB21 §13(i) 1/1/2027 + §13(e) capital-event,already (pre-2027),,"Haltom City v. Pecos HFC — temporary injunction granted 6/3/2025 (docs/phase1_verdict.md); City of Arlington v. Pecos/Pleasanton/Maverick/La Villa HFC coalition — 15-25-00111-CV (15th Court of Appeals); Tarrant County ARB petitions filed 5/28/2025: 28 travelling-HFC sites, $974M total 2025 appraised value, seeking up to 5-yr back-assessment under Tax Code §11.43(i) (tarrantcountytx.gov news release 2025; Fort Worth Report/KERA 6/23-24/2025); Texas Workforce Housing Coalition HB21 constitutional challenge (Cameron Co., filed ~9/2025); TAD shows NO active section 11.11 exemption for this account as of the TY2026 notice (4/15/2026) -- fully taxable now per TAD's own record, independent of any court order. Deed recorded 2025-03-24.",cross-validated,5
TX-38-939526,Westley Apts,2419 SPANISH TR; 2612 SPANISH TR,Arlington,Tarrant,2930528; 2930536,,Pecos Housing Finance Corporation,HFC,1,yes,unknown,37800000,869400,estimated (2.3% representative rate),HB21 §13(i) 1/1/2027 + §13(e) capital-event,already (pre-2027),,"Haltom City v. Pecos HFC — temporary injunction granted 6/3/2025 (docs/phase1_verdict.md); City of Arlington v. Pecos/Pleasanton/Maverick/La Villa HFC coalition — 15-25-00111-CV (15th Court of Appeals); Tarrant County ARB petitions filed 5/28/2025: 28 travelling-HFC sites, $974M total 2025 appraised value, seeking up to 5-yr back-assessment under Tax Code §11.43(i) (tarrantcountytx.gov news release 2025; Fort Worth Report/KERA 6/23-24/2025); Texas Workforce Housing Coalition HB21 constitutional challenge (Cameron Co., filed ~9/2025); Property sits in Arlington, plaintiff in the 15-25-00111-CV coalition suit/TRO against traveling HFCs (docs/phase1_verdict.md). TAD exemption status for this account: DENIED/absent (no exemption on TAD record)",cross-validated,4
TX-38-1154678,Legacy Riverside Senior Living,8050 N RIVERSIDE DR,Fort Worth,Tarrant,42717874,,Garland Housing Finance Corporation,HFC,1,yes,unknown,19038359,437882,estimated (2.3% representative rate),HB21 §13(i)/§13(e),2027-01-01,,Collin CAD v. GHFC 05-19-01417-CV (GHFC won pre-HB21; HB21 now overrides),cross-validated,3
TX-38-1154934,Remi Apartments,704 DALE LN,White Settlement,Tarrant,5677483; 5676002,,Pecos Housing Finance Corporation,HFC,1,yes,unknown,32000000,736000,estimated (2.3% representative rate),HB21 §13(i) 1/1/2027 + §13(e) capital-event,already (pre-2027),,"Haltom City v. Pecos HFC — temporary injunction granted 6/3/2025 (docs/phase1_verdict.md); City of Arlington v. Pecos/Pleasanton/Maverick/La Villa HFC coalition — 15-25-00111-CV (15th Court of Appeals); Tarrant County ARB petitions filed 5/28/2025: 28 travelling-HFC sites, $974M total 2025 appraised value, seeking up to 5-yr back-assessment under Tax Code §11.43(i) (tarrantcountytx.gov news release 2025; Fort Worth Report/KERA 6/23-24/2025); Texas Workforce Housing Coalition HB21 constitutional challenge (Cameron Co., filed ~9/2025); TAD shows NO active section 11.11 exemption for this account as of the TY2026 notice (4/15/2026) -- fully taxable now per TAD's own record, independent of any court order. Deed recorded 2025-05-16.",cross-validated,4
TX-38-1184276,Landmark At Crowley,305 W FM 1187,Crowley,Tarrant,42687789,,Maverick County Housing Finance Corporation,HFC,1,yes,unknown,45000000,1035000,estimated (2.3% representative rate),HB21 §13(i)/§13(e); chartered 6/24/2024 — acquisitions on/after 5/28/2025 barred outright by §394.031(c)-(d) rather than merely cliffed,already (pre-2027),,"Missouri City v. Maverick County HFC (Fort Bend 268th, TRO); Fort Worth-area effort; Bexar AD suit; Tarrant County ARB petitions (28-site/$974M action); TWHC coalition; TAD shows NO active section 11.11 exemption for this account as of the TY2026 notice (4/15/2026) -- fully taxable now per TAD's own record, independent of any court order. Deed recorded 2025-04-11.",cross-validated,3
TX-38-1215326,Northpoint Villas,8100 N RIVERSIDE DR,Fort Worth,Tarrant,41410475,,Pleasanton Housing Finance Corporation,HFC,1,yes,exempt_at_2027_risk,49600000,1131068,precise (per-account rate),HB21 §13(i) 1/1/2027 + §13(e); Lake Worth/Arlington/Fort Worth/Missouri City temporary injunctions now STAND — PHFC abandoned its appeals (15-25-00110-CV/-00111-CV),2027-01-01,,15-25-00110-CV / 15-25-00111-CV (appeals abandoned; injunctions stand); Hays Co. 25-1185-DCB TRO; Tarrant County ARB petitions (same 28-site/$974M action covers multiple Tarrant HFC sponsors incl. Pleasanton); AG RQ-0566-KP pending,cross-validated,3
TX-38-1225261,Rocklyn Apartments,637 SAMUELS AVE,Fort Worth,Tarrant,42402920; 42402938; 42402946,272,Pleasanton Housing Finance Corporation,HFC,1,yes,exempt_at_2027_risk,53400000,1234758,precise (per-account rate),HB21 §13(i) 1/1/2027 + §13(e); Lake Worth/Arlington/Fort Worth/Missouri City temporary injunctions now STAND — PHFC abandoned its appeals (15-25-00110-CV/-00111-CV),2027-01-01,,15-25-00110-CV / 15-25-00111-CV (appeals abandoned; injunctions stand); Hays Co. 25-1185-DCB TRO; Tarrant County ARB petitions (same 28-site/$974M action covers multiple Tarrant HFC sponsors incl. Pleasanton); AG RQ-0566-KP pending,cross-validated,4
TX-38-1307454,Jefferson Fossil Creek,5500 N BEACH ST,Haltom City,Tarrant,43027850,,Pecos Housing Finance Corporation,HFC,1,yes,exempt_at_2027_risk,73200000,1678234,precise (per-account rate),HB21 §13(i) 1/1/2027 + §13(e) capital-event,2027-01-01,,"Haltom City v. Pecos HFC — temporary injunction granted 6/3/2025 (docs/phase1_verdict.md); City of Arlington v. Pecos/Pleasanton/Maverick/La Villa HFC coalition — 15-25-00111-CV (15th Court of Appeals); Tarrant County ARB petitions filed 5/28/2025: 28 travelling-HFC sites, $974M total 2025 appraised value, seeking up to 5-yr back-assessment under Tax Code §11.43(i) (tarrantcountytx.gov news release 2025; Fort Worth Report/KERA 6/23-24/2025); Texas Workforce Housing Coalition HB21 constitutional challenge (Cameron Co., filed ~9/2025); Property sits in Haltom City, which won a temporary injunction against Pecos HFC's traveling exemption (6/3/2025, docs/phase1_verdict.md). TAD exemption status for this account: ACTIVE (section 11.11 still on file)",cross-validated,4
TX-38-1314388,,,Burleson,Tarrant,,,Pleasanton Housing Finance Corporation,HFC,1,yes,unknown,,,,HB21 §13(i) 1/1/2027 + §13(e); Lake Worth/Arlington/Fort Worth/Missouri City temporary injunctions now STAND — PHFC abandoned its appeals (15-25-00110-CV/-00111-CV),2027-01-01 (sponsor-level default; NOT property-confirmed),,15-25-00110-CV / 15-25-00111-CV (appeals abandoned; injunctions stand); Hays Co. 25-1185-DCB TRO; Tarrant County ARB petitions (same 28-site/$974M action covers multiple Tarrant HFC sponsors incl. Pleasanton); AG RQ-0566-KP pending,seed,2
TX-38-1357393,Tides On Randol Mill Apts,8900 COTTONWOOD VILLAGE DR; 8951 RANDOL MILL RD,Fort Worth,Tarrant,5682460; 6493777,,Pleasanton Housing Finance Corporation,HFC,1,yes,unknown,32000000,736000,estimated (2.3% representative rate),HB21 §13(i) 1/1/2027 + §13(e); Lake Worth/Arlington/Fort Worth/Missouri City temporary injunctions now STAND — PHFC abandoned its appeals (15-25-00110-CV/-00111-CV),already (pre-2027),,"15-25-00110-CV / 15-25-00111-CV (appeals abandoned; injunctions stand); Hays Co. 25-1185-DCB TRO; Tarrant County ARB petitions (same 28-site/$974M action covers multiple Tarrant HFC sponsors incl. Pleasanton); AG RQ-0566-KP pending; TAD shows NO active section 11.11 exemption for this account as of the TY2026 notice (4/15/2026) -- fully taxable now per TAD's own record, independent of any court order. Deed recorded 2025-02-06.",cross-validated,3
TX-38-1402209,The Dawnson at Berksire,9632 BERKSHIRE LAKE BLVD,Fort Worth,Tarrant,42729627,,Pleasanton Housing Finance Corporation,HFC,1,yes,exempt_at_2027_risk,66500000,1474691,precise (per-account rate),HB21 §13(i) 1/1/2027 + §13(e); Lake Worth/Arlington/Fort Worth/Missouri City temporary injunctions now STAND — PHFC abandoned its appeals (15-25-00110-CV/-00111-CV),2027-01-01,,15-25-00110-CV / 15-25-00111-CV (appeals abandoned; injunctions stand); Hays Co. 25-1185-DCB TRO; Tarrant County ARB petitions (same 28-site/$974M action covers multiple Tarrant HFC sponsors incl. Pleasanton); AG RQ-0566-KP pending,cross-validated,4
TX-38-1483823,Western Station At Fossil Creek,3391 WESTERN CENTER BLVD,Fort Worth,Tarrant,7008937,,Pecos Housing Finance Corporation,HFC,1,yes,unknown,36200000,832600,estimated (2.3% representative rate),HB21 §13(i) 1/1/2027 + §13(e) capital-event,2027-01-01,,"Haltom City v. Pecos HFC — temporary injunction granted 6/3/2025 (docs/phase1_verdict.md); City of Arlington v. Pecos/Pleasanton/Maverick/La Villa HFC coalition — 15-25-00111-CV (15th Court of Appeals); Tarrant County ARB petitions filed 5/28/2025: 28 travelling-HFC sites, $974M total 2025 appraised value, seeking up to 5-yr back-assessment under Tax Code §11.43(i) (tarrantcountytx.gov news release 2025; Fort Worth Report/KERA 6/23-24/2025); Texas Workforce Housing Coalition HB21 constitutional challenge (Cameron Co., filed ~9/2025)",cross-validated,4
TX-38-1495418,Neuhaus Lake Worth Apts,6201 AZLE AVE,Lake Worth,Tarrant,43008758,,Pleasanton Housing Finance Corporation,HFC,1,yes,billed_now,54700000,1212436,precise (per-account rate),HB21 §13(i) 1/1/2027 + §13(e); Lake Worth/Arlington/Fort Worth/Missouri City temporary injunctions now STAND — PHFC abandoned its appeals (15-25-00110-CV/-00111-CV),already (pre-2027),,"15-25-00110-CV / 15-25-00111-CV (appeals abandoned; injunctions stand); Hays Co. 25-1185-DCB TRO; Tarrant County ARB petitions (same 28-site/$974M action covers multiple Tarrant HFC sponsors incl. Pleasanton); AG RQ-0566-KP pending; TAD shows NO active section 11.11 exemption for this account as of the TY2026 notice (4/15/2026) -- fully taxable now per TAD's own record, independent of any court order. Deed recorded 2025-04-09.",cross-validated,3
TX-38-1506024,Range West,0 SAGINAW SQUARE BLVD; 701 SAGINAW SQUARE BLVD,Saginaw,Tarrant,42987235; 42987243,,Texas Essential Housing Public Facility Corporation,PFC,2,yes,unknown,44631500,,,"NO 2027 cliff (HB21 is HFC-only). Event-driven: 99-yr ground-lease term, capital event, §303.0426 audit failure, CAD/AG challenge (KP-0437)",,,TEHPFC v. Williamson CAD 24-0022-C395 & 24-1698-C395; AG KP-0437,cross-validated,3
TX-NEW-TARRANT-1,Oak Park,106 E ASH LN; 1350 N MAIN ST; 1390 N MAIN ST,Euless,Tarrant,2054183; 2054191; 7049498,608,Cameron County Housing Finance Corporation,HFC,1,yes,exempt_at_2027_risk,81900000,1678680,precise (per-account rate),HB21 §13(i)/§13(e),2027-01-01,,Williamson County v. Cameron County HFC (TRO); Bexar AD suit (27 complexes/$26M); Tarrant County ARB petitions (28-site/$974M action); TWHC HB21 constitutional challenge; TAD lists 'Waive Interest due to Litigation Settlement' on this account -- indicates a litigation settlement already reached covering this specific parcel.,single-source,6
TX-NEW-TARRANT-2,Lofts At Grand Prairie (vacant land),1101 N DAY MIAR RD; 1105 N DAY MIRAR RD,Grand Prairie,Tarrant,43255054; 43255062,,Cameron County Housing Finance Corporation,HFC,1,yes,unknown,288117,6627,estimated (2.3% representative rate),HB21 §13(i)/§13(e),already (pre-2027),,"Williamson County v. Cameron County HFC (TRO); Bexar AD suit (27 complexes/$26M); Tarrant County ARB petitions (28-site/$974M action); TWHC HB21 constitutional challenge; TAD shows NO active section 11.11 exemption for this account as of the TY2026 notice (4/15/2026) -- fully taxable now per TAD's own record, independent of any court order. Deed recorded unknown.",single-source,6
TX-NEW-TARRANT-3,infinity on the landing,3720 POST OAK BLVD,Fort Worth,Tarrant,4971493,,Edcouch Community Housing Finance Corporation,HFC,1,yes,unknown,33500000,770500,estimated (2.3% representative rate),HB21 §13(i)/§13(e),2027-01-01,,Bexar AD suit; Tarrant County ARB petitions (28-site/$974M action); TWHC coalition; TAD lists 'Waive Interest due to Litigation Settlement' on this account -- indicates a litigation settlement already reached covering this specific parcel.,single-source,6
TX-NEW-TARRANT-4,The Sydney,401 N STATE HWY 360,Mansfield,Tarrant,42662484,354,Pleasanton Housing Finance Corporation,HFC,1,yes,exempt_at_2027_risk,70900000,1651247,precise (per-account rate),HB21 §13(i) 1/1/2027 + §13(e); Lake Worth/Arlington/Fort Worth/Missouri City temporary injunctions now STAND — PHFC abandoned its appeals (15-25-00110-CV/-00111-CV),2027-01-01,,15-25-00110-CV / 15-25-00111-CV (appeals abandoned; injunctions stand); Hays Co. 25-1185-DCB TRO; Tarrant County ARB petitions (same 28-site/$974M action covers multiple Tarrant HFC sponsors incl. Pleasanton); AG RQ-0566-KP pending,single-source,6
TX-NEW-TARRANT-5,Chapparal Apts,1817 E LOOP 820,Fort Worth,Tarrant,7245637,,Texas Essential Housing Public Facility Corporation,PFC,2,yes,unknown,12400000,,,"NO 2027 cliff (HB21 is HFC-only). Event-driven: 99-yr ground-lease term, capital event, §303.0426 audit failure, CAD/AG challenge (KP-0437)",,,TEHPFC v. Williamson CAD 24-0022-C395 & 24-1698-C395; AG KP-0437,single-source,6
TX-36-535,,9617 GREAT HILLS TRL,Austin,Travis,154607,,Texas Essential Housing Public Facility Corporation,PFC,2,no,unknown,61054267,,,HB2071 grandfathered — NO 2027 cliff (HB21 is HFC-only),,,,cross-validated,3
TX-36-1395069,,614 S 1ST ST,Austin,Travis,101697,,Texas Essential Housing Public Facility Corporation,PFC,2,no,unknown,38250000,,,HB2071 grandfathered — NO 2027 cliff (HB21 is HFC-only),,,,cross-validated,3
TX-36-1314832,,8300 & 8216 N INTERSTATE HWY 35,Austin,Travis,238208+238211,,Texas Essential Housing Public Facility Corporation,PFC,2,no,unknown,40110000,,,HB2071 grandfathered — NO 2027 cliff (HB21 is HFC-only),,,,cross-validated,3
TX-36-1510489,,1125 SHADY LN,Austin,Travis,192591,,Texas Essential Housing Public Facility Corporation,PFC,2,no,unknown,35795394,,,HB2071 grandfathered — NO 2027 cliff (HB21 is HFC-only),,,,cross-validated,3
TX-36-1527161,,7100 & 7200 GILBERT RD,Manor,Travis,994526+994523,,Texas Essential Housing Public Facility Corporation,PFC,2,no,unknown,34165058,,,HB2071 grandfathered — NO 2027 cliff (HB21 is HFC-only),,,,cross-validated,3
TX-36-1527165,,824 CAMINO LA COSTA,Austin,Travis,845440,,Texas Essential Housing Public Facility Corporation,PFC,2,no,unknown,25660000,,,HB2071 grandfathered — NO 2027 cliff (HB21 is HFC-only),,,,cross-validated,3
TX-NEW-TRAVIS-1,,9220 N INTERSTATE HWY 35,Austin,Travis,243367,,Texas Essential Housing Public Facility Corporation,PFC,2,no,unknown,17250000,,,HB2071 grandfathered — NO 2027 cliff (HB21 is HFC-only),,,,single-source,3
TX-NEW-TRAVIS-2,,7928 GESSNER DR,Austin,Travis,236544,,Texas Essential Housing Public Facility Corporation,PFC,2,no,unknown,15770000,,,HB2071 grandfathered — NO 2027 cliff (HB21 is HFC-only),,,,single-source,3
TX-36-528,,12113 METRIC BLVD,Austin,Travis,262009,,Cameron County Housing Finance Corporation,HFC,1,yes,unknown,54710000,1258330,estimated (2.3% representative rate),HB21 §13(i) 1/1/2027 (+ §13(e) capital-event early death),2027-01-01,,,cross-validated,3
TX-36-1466,,8527 N CAPITAL OF TEXAS HWY,Austin,Travis,497709,,Cameron County Housing Finance Corporation,HFC,1,yes,unknown,35270000,811210,estimated (2.3% representative rate),HB21 §13(i) 1/1/2027 (+ §13(e) capital-event early death),2027-01-01,,,cross-validated,3
TX-36-370218,,3506 & 3622 MENCHACA RD,Austin,Travis,305344+306014,,Cameron County Housing Finance Corporation,HFC,1,yes,unknown,17772480,408767,estimated (2.3% representative rate),HB21 §13(i) 1/1/2027 (+ §13(e) capital-event early death),2027-01-01,,,cross-validated,3
TX-36-1345319,,404 & 705 E OLYMPIC DR,Austin,Travis,953959+974441,,Edcouch Community Housing Finance Corporation,HFC,1,yes,unknown,66522813,1530025,estimated (2.3% representative rate),HB21 §13(i) 1/1/2027 (+ §13(e) capital-event early death),2027-01-01,,,cross-validated,3
TX-36-1228395,,1305 E WELLS BRANCH PKWY,Pflugerville,Travis,944112,,Edcouch Community Housing Finance Corporation,HFC,1,yes,unknown,16802944,386468,estimated (2.3% representative rate),HB21 §13(i) 1/1/2027 (+ §13(e) capital-event early death),2027-01-01,,,cross-validated,3
TX-NEW-TRAVIS-3,,5301 DECKER LN,Austin,Travis,881289,,Edcouch Community Housing Finance Corporation,HFC,1,yes,unknown,528372,12153,estimated (2.3% representative rate),HB21 §13(i) 1/1/2027 (+ §13(e) capital-event early death),2027-01-01,,,single-source,4
TX-36-927014,,7655 N FM 620,Austin,Travis,497787,,La Villa Housing Finance Corporation,HFC,1,yes,unknown,92960000,2138080,estimated (2.3% representative rate),HB21 §13(i) 1/1/2027 (+ §13(e) capital-event early death),2027-01-01,,,cross-validated,3
TX-NEW-TRAVIS-4,,827 W 12TH ST,Austin,Travis,196630,,La Villa Housing Finance Corporation,HFC,1,yes,unknown,4808600,110598,estimated (2.3% representative rate),HB21 §13(i) 1/1/2027 (+ §13(e) capital-event early death),2027-01-01,,,single-source,4
TX-36-1508,,2101 BURTON DR,Austin,Travis,287604,,Pecos Housing Finance Corporation,HFC,1,yes,unknown,49080000,1128840,estimated (2.3% representative rate),HB21 §13(i) 1/1/2027 (+ §13(e) capital-event early death),2027-01-01,,,cross-validated,4
TX-36-1194,,2405 MONTOPOLIS DR,Austin,Travis,920583,,Pecos Housing Finance Corporation,HFC,1,yes,unknown,44650000,1026950,estimated (2.3% representative rate),HB21 §13(i) 1/1/2027 (+ §13(e) capital-event early death),2027-01-01,,,cross-validated,4
TX-36-377618,,2302 E WILLIAM CANNON DR,Austin,Travis,336592,,Pecos Housing Finance Corporation,HFC,1,yes,unknown,37000000,851000,estimated (2.3% representative rate),HB21 §13(i) 1/1/2027 (+ §13(e) capital-event early death),2027-01-01,,,cross-validated,4
TX-36-1604,,1500 REAGAN HILL DR,Austin,Travis,228220,,Pecos Housing Finance Corporation,HFC,1,yes,unknown,17990000,413770,estimated (2.3% representative rate),HB21 §13(i) 1/1/2027 (+ §13(e) capital-event early death),2027-01-01,,,cross-validated,4
TX-36-1179,,7227 E US HWY 290,Austin,Travis,852233,,Pecos Housing Finance Corporation,HFC,1,yes,unknown,17398449,400164,estimated (2.3% representative rate),HB21 §13(i) 1/1/2027 (+ §13(e) capital-event early death),2027-01-01,,,cross-validated,4
TX-36-1875,,9024 NORTHGATE BLVD,Austin,Travis,248790,,Pecos Housing Finance Corporation,HFC,1,yes,unknown,17294194,397766,estimated (2.3% representative rate),HB21 §13(i) 1/1/2027 (+ §13(e) capital-event early death),2027-01-01,,,cross-validated,4
TX-36-1403,,12704 HARRIS BRANCH PKWY,Austin,Travis,247934,,Pecos Housing Finance Corporation,HFC,1,yes,unknown,6925604,159289,estimated (2.3% representative rate),HB21 §13(i) 1/1/2027 (+ §13(e) capital-event early death),2027-01-01,,,cross-validated,4
TX-NEW-TRAVIS-5,,1801 WELLS BRANCH PKWY,Austin,Travis,272667,,Pecos Housing Finance Corporation,HFC,1,yes,unknown,5227200,120226,estimated (2.3% representative rate),HB21 §13(i) 1/1/2027 (+ §13(e) capital-event early death),2027-01-01,,,single-source,4
TX-36-375983,,9111 RESEARCH BLVD,Austin,Travis,252833,,Pleasanton Housing Finance Corporation,HFC,1,yes,unknown,96626183,2222402,estimated (2.3% representative rate),HB21 §13(i) 1/1/2027 (+ §13(e) capital-event early death),2027-01-01,,,cross-validated,4
TX-36-568,,12101 N LAMAR BLVD,Austin,Travis,864982,,Pleasanton Housing Finance Corporation,HFC,1,yes,unknown,71490000,1644270,estimated (2.3% representative rate),HB21 §13(i) 1/1/2027 (+ §13(e) capital-event early death),2027-01-01,,,cross-validated,4
TX-36-1526,,9127 RESEARCH BLVD,Austin,Travis,252834,,Pleasanton Housing Finance Corporation,HFC,1,yes,unknown,70610000,1624030,estimated (2.3% representative rate),HB21 §13(i) 1/1/2027 (+ §13(e) capital-event early death),2027-01-01,,,cross-validated,4
TX-36-1838,,11600 SPIRIT DR,Austin,Travis,974493+1001590+1001591+1001592+1001593,,Pleasanton Housing Finance Corporation,HFC,1,yes,unknown,67080619,1542854,estimated (2.3% representative rate),HB21 §13(i) 1/1/2027 (+ §13(e) capital-event early death),2027-01-01,,,cross-validated,4
TX-36-1155680,,15835 FOOTHILL FARMS LOOP,Austin,Travis,481431+277030+277031,,Pleasanton Housing Finance Corporation,HFC,1,yes,unknown,59499999,1368500,estimated (2.3% representative rate),HB21 §13(i) 1/1/2027 (+ §13(e) capital-event early death),2027-01-01,,,cross-validated,4
TX-36-1357295,,10700 GENOME DR,Manor,Travis,938136,,Pleasanton Housing Finance Corporation,HFC,1,yes,unknown,43340000,996820,estimated (2.3% representative rate),HB21 §13(i) 1/1/2027 (+ §13(e) capital-event early death),2027-01-01,,,cross-validated,4
TX-36-1417384,,9013 UNITED DR,Austin,Travis,1004086,,Pleasanton Housing Finance Corporation,HFC,1,yes,unknown,8556152,196791,estimated (2.3% representative rate),HB21 §13(i) 1/1/2027 (+ §13(e) capital-event early death),2027-01-01,,,cross-validated,4
TX-36-1549620,,1005 W STASSNEY LN,Austin,Travis,319611,,Pleasanton Housing Finance Corporation,HFC,1,yes,unknown,7880000,181240,estimated (2.3% representative rate),HB21 §13(i) 1/1/2027 (+ §13(e) capital-event early death),2027-01-01,,,cross-validated,4
TX-NEW-TRAVIS-6,,3101 SHORELINE DR,Austin,Travis,379417,,Pleasanton Housing Finance Corporation,HFC,1,yes,unknown,2222475,51117,estimated (2.3% representative rate),HB21 §13(i) 1/1/2027 (+ §13(e) capital-event early death),2027-01-01,,,single-source,4
TX-NEW-TRAVIS-7,,1600 S PLEASANT VALLEY RD,Austin,Travis,285506,,Pleasanton Housing Finance Corporation,HFC,1,yes,unknown,11000000,253000,estimated (2.3% representative rate),HB21 §13(i) 1/1/2027 (+ §13(e) capital-event early death),2027-01-01,,,single-source,4
TX-36-2088,Legends Lake Creek,10015 Lake Creek Pkwy,Austin,Williamson,R392272,170,Texas Essential Housing Public Facility Corporation,PFC,2,yes,unknown,40750000.0,,,HB2071 (Ch.303 PFC) -- NO 2027 cliff (HB21 is HFC-only),,,"AG KP-0437 (sponsor-wide, not property-specific)",single-source,3
TX-36-2231,,,Austin,Williamson,,,Texas Essential Housing Public Facility Corporation,PFC,2,yes,unknown,,,,HB2071 (Ch.303 PFC) -- NO 2027 cliff,,,AG KP-0437 (sponsor-wide),seed,3
TX-36-1968,Enclave at La Frontera,2800 La Frontera Blvd,Round Rock,Williamson,R401785,411,Texas Essential Housing Public Facility Corporation,PFC,2,yes,unknown,68000000.0,,,HB2071 (Ch.303 PFC) -- NO 2027 cliff,,,"TEHPFC v. Williamson CAD, Cause No. 24-1698-C395 (395th Judicial District Court, Williamson Co.) -- 'Texas Essential Housing Public Facility Corporation Enclave La Frontera vs. Williamson Central Appraisal District' -- names THIS property directly (Trellis/court docket); TEHPFC v. Williamson CAD, Cause No. 24-0022-C395 (395th Judicial District Court) -- companion/broader TEH PFC exemption dispute; AG KP-0437 (sponsor-wide)",cross-validated,3
TX-36-2017,Lakeside at La Frontera,941 Hesters Crossing Rd,Round Rock,Williamson,R417224,366,Texas Essential Housing Public Facility Corporation,PFC,2,yes,unknown,64000000.0,,,HB2071 (Ch.303 PFC) -- NO 2027 cliff,,,"TEHPFC v. Williamson CAD, Cause No. 24-0022-C395 (possible/unconfirmed -- see gaps); AG KP-0437 (sponsor-wide)",single-source,4
TX-NEW-WILLIAMSON-1,Siena Round Rock,6531 County Road 110,Round Rock,Williamson,R599112,198,Cameron County Housing Finance Corporation,HFC,1,yes,unknown,31000000.0,713000,estimated (2.3% representative rate),HB21 §13(i) 2027-01-01 + §13(e) capital-event,2027-01-01,,"Williamson County v. Cameron County Housing Finance Corporation (TRO granted ~early March 2025, Williamson Co. district court) -- Siena Round Rock named directly as one of two target properties (the other being 'The Sommery', 5540 Sofia Pl, Round Rock -- see gaps, that acquisition does NOT appear to have closed); Bexar AD suit (27 complexes/$26M) -- sponsor-wide; TWHC HB21 constitutional challenge (Cameron Co., 9/9/2025) -- sponsor-wide",cross-validated,5
